Timing Summary
==============

   POST-ROUTE

         Group  No. Clocks  No. Clock Pairs  WNS(ps)  TNS(ps)  TNS Endpoints      
   -----------  ----------  ---------------  -------  -------  -------------      
    <UDEF_clk>           1                1    -5612  -161715             76      




Clocks
======

            Clock    Clock net        Group  Constrained Period(ps)      Waveform(ps)   Achievable Period(ps)  Achievable Frequency(MHz)
   --------------  -----------  -----------  ----------------------  -----------------  ---------------------  -------------------------
              clk          clk   <UDEF_clk>           (auto) 2000            (0,1000)                   7611                    131.389 




Clock Relationships
===================

       From Clock        To Clock               Group    Endpoints     WNS(ps)    TNS(ps)  TNS Endpoints
   --------------  --------------  ------------------  -----------  ----------  ---------  -------------
              clk             clk          <UDEF_clk>           76       -5612    -161715             76




Timing Details for Clock Pair clk and clk
=========================================

       From Clock        To Clock               Group    Endpoints     WNS(ps)    TNS(ps)  TNS Endpoints
   --------------  --------------  ------------------  -----------  ----------  ---------  -------------
              clk             clk          <UDEF_clk>           76       -5612    -161715             76

Path 152:
   Slack (not met):                         -5612ps
     Path type:                               SETUP
     Group:                              <UDEF_clk>
     Launching clock:                           clk (rising edge)
     Capturing clock:                           clk (rising edge)

     Requested period:                       2000ps
   + Delay of the capturing clock:           2328ps
   - Clock uncertainty:                       150ps
   = Required time:                          4178ps
   - Propagation time:                       7494ps (74.8% logic, 25.2% route, logic stage 7)
   - Delay of the launching clock:           2296ps
   = Slack:                                 -5612ps

   Instance/Pin or Net Name        Type         ID    Location or Fanout   Delay(ps)  Edge  Arrival Time(ps)    Instance detail                                                 
   -------------------------------------------------------------------------------------------------------------------------------------------------------------------------------
   clk                             CLOCK-PORT    -                     -     launch     r               0                                                                       
   clk                             Clock net     2          (fanout=225)       2296                     -                                                                       
   RBB_2/CLK                       RBB_6L        2  [TILE 0 0, RBB 13 6]          -     r            2296                                                                       
   -------------------------------------------------------------------------------------------------------------------------------------------------------------------------------
   RBB_2/CQ                        RBB_6L        2  [TILE 0 0, RBB 13 6]        800     r            3096     {inst25: counter_FDRE_Q_19 (FD,site=cff)}                         
   counter[2]                      Net           6            (fanout=1)       1231                     -                                                                       
   RBB_2/C1                        RBB_6L        2  [TILE 0 0, RBB 13 6]          -     r            4327                                                                       
   RBB_2/COUT                      RBB_6L        2  [TILE 0 0, RBB 13 6]       1596     r            5923     {inst11: LED_CARRY4_S_O_1_CARRY4_O_4 (CARRY4)}                    
   LED_CARRY4_S_O_1_CARRY4_O_4_CO  Net          70            (fanout=1)          0                     -                                                                       
   RBB_3/CIN                       RBB_6L        3  [TILE 0 0, RBB 16 6]          -     r            5923                                                                       
   RBB_3/COUT                      RBB_6L        3  [TILE 0 0, RBB 16 6]        337     r            6260     {inst10: LED_CARRY4_S_O_1_CARRY4_O_3 (CARRY4)}                    
   LED_CARRY4_S_O_1_CARRY4_O_3_CO  Net          66            (fanout=1)          0                     -                                                                       
   RBB_4/CIN                       RBB_6L        4  [TILE 0 0, RBB 19 6]          -     r            6260                                                                       
   RBB_4/COUT                      RBB_6L        4  [TILE 0 0, RBB 19 6]        323     r            6583     {inst9: LED_CARRY4_S_O_1_CARRY4_O_2 (CARRY4)}                     
   LED_CARRY4_S_O_1_CARRY4_O_2_CO  Net          62            (fanout=1)          0                     -                                                                       
   RBB_5/CIN                       RBB_6L        5  [TILE 0 0, RBB 22 6]          -     r            6583                                                                       
   RBB_5/COUT                      RBB_6L        5  [TILE 0 0, RBB 22 6]        337     r            6920     {inst8: LED_CARRY4_S_O_1_CARRY4_O_1 (CARRY4)}                     
   LED_CARRY4_S_O_1_CARRY4_O_1_CO  Net          74            (fanout=1)          0                     -                                                                       
   RBB_6/CIN                       RBB_6L        6  [TILE 0 0, RBB 25 6]          -     r            6920                                                                       
   RBB_6/COUT                      RBB_6L        6  [TILE 0 0, RBB 25 6]        323     r            7243     {inst7: LED_CARRY4_S_O_1_CARRY4_O (CARRY4)}                       
   LED_CARRY4_S_O_1_CARRY4_O_CO    Net          28            (fanout=1)          0                     -                                                                       
   RBB_7/CIN                       RBB_6L        7  [TILE 0 0, RBB 28 6]          -     r            7243                                                                       
   RBB_7/CMUX                      RBB_6L        7  [TILE 0 0, RBB 28 6]       1082     r            8325     {inst6: LED_CARRY4_S (CARRY4)}                                    
   LED_CARRY4_S_O_1[22]            Net          54            (fanout=1)        659                     -                                                                       
   RBB_1/O[0]                      IOB           1  [TILE 0 0, RBB 31 6]          -     r            8984     {inst40: LED_OUT (FD)} {(output_port) inst36: g_36_LED_obuf (IO)} 
   -------------------------------------------------------------------------------------------------------------------------------------------------------------------------------
   RBB_1/CLK                       IOB           1  [TILE 0 0, RBB 31 6]        806     r            9790                                                                       
   clk                             Clock net     2          (fanout=225)      -2328                     -                                                                       
   clk                             CLOCK-PORT    -                     -    capture     r            7462                                                                       
   -------------------------------------------------------------------------------------------------------------------------------------------------------------------------------


Path 153:
   Slack (not met):                         -3995ps
     Path type:                               SETUP
     Group:                              <UDEF_clk>
     Launching clock:                           clk (rising edge)
     Capturing clock:                           clk (rising edge)

     Requested period:                       2000ps
   + Delay of the capturing clock:           2327ps
   - Clock uncertainty:                       150ps
   = Required time:                          4177ps
   - Propagation time:                       5876ps (79.1% logic, 20.9% route, logic stage 6)
   - Delay of the launching clock:           2296ps
   = Slack:                                 -3995ps

   Instance/Pin or Net Name        Type         ID    Location or Fanout   Delay(ps)  Edge  Arrival Time(ps)    Instance detail                                                 
   -------------------------------------------------------------------------------------------------------------------------------------------------------------------------------
   clk                             CLOCK-PORT    -                     -     launch     r               0                                                                       
   clk                             Clock net     2          (fanout=225)       2296                     -                                                                       
   RBB_2/CLK                       RBB_6L        2  [TILE 0 0, RBB 13 6]          -     r            2296                                                                       
   -------------------------------------------------------------------------------------------------------------------------------------------------------------------------------
   RBB_2/CQ                        RBB_6L        2  [TILE 0 0, RBB 13 6]        800     r            3096     {inst25: counter_FDRE_Q_19 (FD,site=cff)}                         
   counter[2]                      Net           6            (fanout=1)       1231                     -                                                                       
   RBB_2/C1                        RBB_6L        2  [TILE 0 0, RBB 13 6]          -     r            4327                                                                       
   RBB_2/COUT                      RBB_6L        2  [TILE 0 0, RBB 13 6]       1596     r            5923     {inst11: LED_CARRY4_S_O_1_CARRY4_O_4 (CARRY4)}                    
   LED_CARRY4_S_O_1_CARRY4_O_4_CO  Net          70            (fanout=1)          0                     -                                                                       
   RBB_3/CIN                       RBB_6L        3  [TILE 0 0, RBB 16 6]          -     r            5923                                                                       
   RBB_3/COUT                      RBB_6L        3  [TILE 0 0, RBB 16 6]        337     r            6260     {inst10: LED_CARRY4_S_O_1_CARRY4_O_3 (CARRY4)}                    
   LED_CARRY4_S_O_1_CARRY4_O_3_CO  Net          66            (fanout=1)          0                     -                                                                       
   RBB_4/CIN                       RBB_6L        4  [TILE 0 0, RBB 19 6]          -     r            6260                                                                       
   RBB_4/COUT                      RBB_6L        4  [TILE 0 0, RBB 19 6]        323     r            6583     {inst9: LED_CARRY4_S_O_1_CARRY4_O_2 (CARRY4)}                     
   LED_CARRY4_S_O_1_CARRY4_O_2_CO  Net          62            (fanout=1)          0                     -                                                                       
   RBB_5/CIN                       RBB_6L        5  [TILE 0 0, RBB 22 6]          -     r            6583                                                                       
   RBB_5/COUT                      RBB_6L        5  [TILE 0 0, RBB 22 6]        337     r            6920     {inst8: LED_CARRY4_S_O_1_CARRY4_O_1 (CARRY4)}                     
   LED_CARRY4_S_O_1_CARRY4_O_1_CO  Net          74            (fanout=1)          0                     -                                                                       
   RBB_6/CIN                       RBB_6L        6  [TILE 0 0, RBB 25 6]          -     r            6920                                                                       
   RBB_6/COUT                      RBB_6L        6  [TILE 0 0, RBB 25 6]        323     r            7243     {inst7: LED_CARRY4_S_O_1_CARRY4_O (CARRY4)}                       
   LED_CARRY4_S_O_1_CARRY4_O_CO    Net          28            (fanout=1)          0                     -                                                                       
   RBB_7/CIN                       RBB_6L        7  [TILE 0 0, RBB 28 6]          -     r            7243     {inst6: LED_CARRY4_S (CARRY4)} {inst13: LED_FDRE_Q (FD,site=cff)} 
   -------------------------------------------------------------------------------------------------------------------------------------------------------------------------------
   RBB_7/CLK                       RBB_6L        7  [TILE 0 0, RBB 28 6]        929     r            8172                                                                       
   clk                             Clock net     2          (fanout=225)      -2327                     -                                                                       
   clk                             CLOCK-PORT    -                     -    capture     r            5845                                                                       
   -------------------------------------------------------------------------------------------------------------------------------------------------------------------------------


Path 154:
   Slack (not met):                         -3939ps
     Path type:                               SETUP
     Group:                              <UDEF_clk>
     Launching clock:                           clk (rising edge)
     Capturing clock:                           clk (rising edge)

     Requested period:                       2000ps
   + Delay of the capturing clock:           2327ps
   - Clock uncertainty:                       150ps
   = Required time:                          4177ps
   - Propagation time:                       5820ps (78.8% logic, 21.2% route, logic stage 6)
   - Delay of the launching clock:           2296ps
   = Slack:                                 -3939ps

   Instance/Pin or Net Name        Type         ID    Location or Fanout   Delay(ps)  Edge  Arrival Time(ps)    Instance detail                                                     
   -----------------------------------------------------------------------------------------------------------------------------------------------------------------------------------
   clk                             CLOCK-PORT    -                     -     launch     r               0                                                                           
   clk                             Clock net     2          (fanout=225)       2296                     -                                                                           
   RBB_2/CLK                       RBB_6L        2  [TILE 0 0, RBB 13 6]          -     r            2296                                                                           
   -----------------------------------------------------------------------------------------------------------------------------------------------------------------------------------
   RBB_2/CQ                        RBB_6L        2  [TILE 0 0, RBB 13 6]        800     r            3096     {inst25: counter_FDRE_Q_19 (FD,site=cff)}                             
   counter[2]                      Net           6            (fanout=1)       1231                     -                                                                           
   RBB_2/C1                        RBB_6L        2  [TILE 0 0, RBB 13 6]          -     r            4327                                                                           
   RBB_2/COUT                      RBB_6L        2  [TILE 0 0, RBB 13 6]       1596     r            5923     {inst11: LED_CARRY4_S_O_1_CARRY4_O_4 (CARRY4)}                        
   LED_CARRY4_S_O_1_CARRY4_O_4_CO  Net          70            (fanout=1)          0                     -                                                                           
   RBB_3/CIN                       RBB_6L        3  [TILE 0 0, RBB 16 6]          -     r            5923                                                                           
   RBB_3/COUT                      RBB_6L        3  [TILE 0 0, RBB 16 6]        337     r            6260     {inst10: LED_CARRY4_S_O_1_CARRY4_O_3 (CARRY4)}                        
   LED_CARRY4_S_O_1_CARRY4_O_3_CO  Net          66            (fanout=1)          0                     -                                                                           
   RBB_4/CIN                       RBB_6L        4  [TILE 0 0, RBB 19 6]          -     r            6260                                                                           
   RBB_4/COUT                      RBB_6L        4  [TILE 0 0, RBB 19 6]        323     r            6583     {inst9: LED_CARRY4_S_O_1_CARRY4_O_2 (CARRY4)}                         
   LED_CARRY4_S_O_1_CARRY4_O_2_CO  Net          62            (fanout=1)          0                     -                                                                           
   RBB_5/CIN                       RBB_6L        5  [TILE 0 0, RBB 22 6]          -     r            6583                                                                           
   RBB_5/COUT                      RBB_6L        5  [TILE 0 0, RBB 22 6]        337     r            6920     {inst8: LED_CARRY4_S_O_1_CARRY4_O_1 (CARRY4)}                         
   LED_CARRY4_S_O_1_CARRY4_O_1_CO  Net          74            (fanout=1)          0                     -                                                                           
   RBB_6/CIN                       RBB_6L        6  [TILE 0 0, RBB 25 6]          -     r            6920                                                                           
   RBB_6/COUT                      RBB_6L        6  [TILE 0 0, RBB 25 6]        323     r            7243     {inst7: LED_CARRY4_S_O_1_CARRY4_O (CARRY4)}                           
   LED_CARRY4_S_O_1_CARRY4_O_CO    Net          28            (fanout=1)          0                     -                                                                           
   RBB_7/CIN                       RBB_6L        7  [TILE 0 0, RBB 28 6]          -     r            7243     {inst6: LED_CARRY4_S (CARRY4)} {inst14: counter_FDRE_Q (FD,site=bff)} 
   -----------------------------------------------------------------------------------------------------------------------------------------------------------------------------------
   RBB_7/CLK                       RBB_6L        7  [TILE 0 0, RBB 28 6]        873     r            8116                                                                           
   clk                             Clock net     2          (fanout=225)      -2327                     -                                                                           
   clk                             CLOCK-PORT    -                     -    capture     r            5789                                                                           
   -----------------------------------------------------------------------------------------------------------------------------------------------------------------------------------


Path 155:
   Slack (not met):                         -3687ps
     Path type:                               SETUP
     Group:                              <UDEF_clk>
     Launching clock:                           clk (rising edge)
     Capturing clock:                           clk (rising edge)

     Requested period:                       2000ps
   + Delay of the capturing clock:           2327ps
   - Clock uncertainty:                       150ps
   = Required time:                          4177ps
   - Propagation time:                       5568ps (77.9% logic, 22.1% route, logic stage 6)
   - Delay of the launching clock:           2296ps
   = Slack:                                 -3687ps

   Instance/Pin or Net Name        Type         ID    Location or Fanout   Delay(ps)  Edge  Arrival Time(ps)    Instance detail                                                       
   -------------------------------------------------------------------------------------------------------------------------------------------------------------------------------------
   clk                             CLOCK-PORT    -                     -     launch     r               0                                                                             
   clk                             Clock net     2          (fanout=225)       2296                     -                                                                             
   RBB_2/CLK                       RBB_6L        2  [TILE 0 0, RBB 13 6]          -     r            2296                                                                             
   -------------------------------------------------------------------------------------------------------------------------------------------------------------------------------------
   RBB_2/CQ                        RBB_6L        2  [TILE 0 0, RBB 13 6]        800     r            3096     {inst25: counter_FDRE_Q_19 (FD,site=cff)}                               
   counter[2]                      Net           6            (fanout=1)       1231                     -                                                                             
   RBB_2/C1                        RBB_6L        2  [TILE 0 0, RBB 13 6]          -     r            4327                                                                             
   RBB_2/COUT                      RBB_6L        2  [TILE 0 0, RBB 13 6]       1596     r            5923     {inst11: LED_CARRY4_S_O_1_CARRY4_O_4 (CARRY4)}                          
   LED_CARRY4_S_O_1_CARRY4_O_4_CO  Net          70            (fanout=1)          0                     -                                                                             
   RBB_3/CIN                       RBB_6L        3  [TILE 0 0, RBB 16 6]          -     r            5923                                                                             
   RBB_3/COUT                      RBB_6L        3  [TILE 0 0, RBB 16 6]        337     r            6260     {inst10: LED_CARRY4_S_O_1_CARRY4_O_3 (CARRY4)}                          
   LED_CARRY4_S_O_1_CARRY4_O_3_CO  Net          66            (fanout=1)          0                     -                                                                             
   RBB_4/CIN                       RBB_6L        4  [TILE 0 0, RBB 19 6]          -     r            6260                                                                             
   RBB_4/COUT                      RBB_6L        4  [TILE 0 0, RBB 19 6]        323     r            6583     {inst9: LED_CARRY4_S_O_1_CARRY4_O_2 (CARRY4)}                           
   LED_CARRY4_S_O_1_CARRY4_O_2_CO  Net          62            (fanout=1)          0                     -                                                                             
   RBB_5/CIN                       RBB_6L        5  [TILE 0 0, RBB 22 6]          -     r            6583                                                                             
   RBB_5/COUT                      RBB_6L        5  [TILE 0 0, RBB 22 6]        337     r            6920     {inst8: LED_CARRY4_S_O_1_CARRY4_O_1 (CARRY4)}                           
   LED_CARRY4_S_O_1_CARRY4_O_1_CO  Net          74            (fanout=1)          0                     -                                                                             
   RBB_6/CIN                       RBB_6L        6  [TILE 0 0, RBB 25 6]          -     r            6920                                                                             
   RBB_6/COUT                      RBB_6L        6  [TILE 0 0, RBB 25 6]        323     r            7243     {inst7: LED_CARRY4_S_O_1_CARRY4_O (CARRY4)}                             
   LED_CARRY4_S_O_1_CARRY4_O_CO    Net          28            (fanout=1)          0                     -                                                                             
   RBB_7/CIN                       RBB_6L        7  [TILE 0 0, RBB 28 6]          -     r            7243     {inst6: LED_CARRY4_S (CARRY4)} {inst15: counter_FDRE_Q_1 (FD,site=aff)} 
   -------------------------------------------------------------------------------------------------------------------------------------------------------------------------------------
   RBB_7/CLK                       RBB_6L        7  [TILE 0 0, RBB 28 6]        621     r            7864                                                                             
   clk                             Clock net     2          (fanout=225)      -2327                     -                                                                             
   clk                             CLOCK-PORT    -                     -    capture     r            5537                                                                             
   -------------------------------------------------------------------------------------------------------------------------------------------------------------------------------------


Path 156:
   Slack (not met):                         -3662ps
     Path type:                               SETUP
     Group:                              <UDEF_clk>
     Launching clock:                           clk (rising edge)
     Capturing clock:                           clk (rising edge)

     Requested period:                       2000ps
   + Delay of the capturing clock:           2319ps
   - Clock uncertainty:                       150ps
   = Required time:                          4169ps
   - Propagation time:                       5535ps (77.8% logic, 22.2% route, logic stage 5)
   - Delay of the launching clock:           2296ps
   = Slack:                                 -3662ps

   Instance/Pin or Net Name        Type         ID    Location or Fanout   Delay(ps)  Edge  Arrival Time(ps)    Instance detail                                                                    
   --------------------------------------------------------------------------------------------------------------------------------------------------------------------------------------------------
   clk                             CLOCK-PORT    -                     -     launch     r               0                                                                                          
   clk                             Clock net     2          (fanout=225)       2296                     -                                                                                          
   RBB_2/CLK                       RBB_6L        2  [TILE 0 0, RBB 13 6]          -     r            2296                                                                                          
   --------------------------------------------------------------------------------------------------------------------------------------------------------------------------------------------------
   RBB_2/CQ                        RBB_6L        2  [TILE 0 0, RBB 13 6]        800     r            3096     {inst25: counter_FDRE_Q_19 (FD,site=cff)}                                            
   counter[2]                      Net           6            (fanout=1)       1231                     -                                                                                          
   RBB_2/C1                        RBB_6L        2  [TILE 0 0, RBB 13 6]          -     r            4327                                                                                          
   RBB_2/COUT                      RBB_6L        2  [TILE 0 0, RBB 13 6]       1596     r            5923     {inst11: LED_CARRY4_S_O_1_CARRY4_O_4 (CARRY4)}                                       
   LED_CARRY4_S_O_1_CARRY4_O_4_CO  Net          70            (fanout=1)          0                     -                                                                                          
   RBB_3/CIN                       RBB_6L        3  [TILE 0 0, RBB 16 6]          -     r            5923                                                                                          
   RBB_3/COUT                      RBB_6L        3  [TILE 0 0, RBB 16 6]        337     r            6260     {inst10: LED_CARRY4_S_O_1_CARRY4_O_3 (CARRY4)}                                       
   LED_CARRY4_S_O_1_CARRY4_O_3_CO  Net          66            (fanout=1)          0                     -                                                                                          
   RBB_4/CIN                       RBB_6L        4  [TILE 0 0, RBB 19 6]          -     r            6260                                                                                          
   RBB_4/COUT                      RBB_6L        4  [TILE 0 0, RBB 19 6]        323     r            6583     {inst9: LED_CARRY4_S_O_1_CARRY4_O_2 (CARRY4)}                                        
   LED_CARRY4_S_O_1_CARRY4_O_2_CO  Net          62            (fanout=1)          0                     -                                                                                          
   RBB_5/CIN                       RBB_6L        5  [TILE 0 0, RBB 22 6]          -     r            6583                                                                                          
   RBB_5/COUT                      RBB_6L        5  [TILE 0 0, RBB 22 6]        337     r            6920     {inst8: LED_CARRY4_S_O_1_CARRY4_O_1 (CARRY4)}                                        
   LED_CARRY4_S_O_1_CARRY4_O_1_CO  Net          74            (fanout=1)          0                     -                                                                                          
   RBB_6/CIN                       RBB_6L        6  [TILE 0 0, RBB 25 6]          -     r            6920     {inst7: LED_CARRY4_S_O_1_CARRY4_O (CARRY4)} {inst26: counter_FDRE_Q_2 (FD,site=dff)} 
   --------------------------------------------------------------------------------------------------------------------------------------------------------------------------------------------------
   RBB_6/CLK                       RBB_6L        6  [TILE 0 0, RBB 25 6]        911     r            7831                                                                                          
   clk                             Clock net     2          (fanout=225)      -2319                     -                                                                                          
   clk                             CLOCK-PORT    -                     -    capture     r            5512                                                                                          
   --------------------------------------------------------------------------------------------------------------------------------------------------------------------------------------------------


Path 157:
   Slack (not met):                         -3603ps
     Path type:                               SETUP
     Group:                              <UDEF_clk>
     Launching clock:                           clk (rising edge)
     Capturing clock:                           clk (rising edge)

     Requested period:                       2000ps
   + Delay of the capturing clock:           2319ps
   - Clock uncertainty:                       150ps
   = Required time:                          4169ps
   - Propagation time:                       5476ps (77.5% logic, 22.5% route, logic stage 5)
   - Delay of the launching clock:           2296ps
   = Slack:                                 -3603ps

   Instance/Pin or Net Name        Type         ID    Location or Fanout   Delay(ps)  Edge  Arrival Time(ps)    Instance detail                                                                    
   --------------------------------------------------------------------------------------------------------------------------------------------------------------------------------------------------
   clk                             CLOCK-PORT    -                     -     launch     r               0                                                                                          
   clk                             Clock net     2          (fanout=225)       2296                     -                                                                                          
   RBB_2/CLK                       RBB_6L        2  [TILE 0 0, RBB 13 6]          -     r            2296                                                                                          
   --------------------------------------------------------------------------------------------------------------------------------------------------------------------------------------------------
   RBB_2/CQ                        RBB_6L        2  [TILE 0 0, RBB 13 6]        800     r            3096     {inst25: counter_FDRE_Q_19 (FD,site=cff)}                                            
   counter[2]                      Net           6            (fanout=1)       1231                     -                                                                                          
   RBB_2/C1                        RBB_6L        2  [TILE 0 0, RBB 13 6]          -     r            4327                                                                                          
   RBB_2/COUT                      RBB_6L        2  [TILE 0 0, RBB 13 6]       1596     r            5923     {inst11: LED_CARRY4_S_O_1_CARRY4_O_4 (CARRY4)}                                       
   LED_CARRY4_S_O_1_CARRY4_O_4_CO  Net          70            (fanout=1)          0                     -                                                                                          
   RBB_3/CIN                       RBB_6L        3  [TILE 0 0, RBB 16 6]          -     r            5923                                                                                          
   RBB_3/COUT                      RBB_6L        3  [TILE 0 0, RBB 16 6]        337     r            6260     {inst10: LED_CARRY4_S_O_1_CARRY4_O_3 (CARRY4)}                                       
   LED_CARRY4_S_O_1_CARRY4_O_3_CO  Net          66            (fanout=1)          0                     -                                                                                          
   RBB_4/CIN                       RBB_6L        4  [TILE 0 0, RBB 19 6]          -     r            6260                                                                                          
   RBB_4/COUT                      RBB_6L        4  [TILE 0 0, RBB 19 6]        323     r            6583     {inst9: LED_CARRY4_S_O_1_CARRY4_O_2 (CARRY4)}                                        
   LED_CARRY4_S_O_1_CARRY4_O_2_CO  Net          62            (fanout=1)          0                     -                                                                                          
   RBB_5/CIN                       RBB_6L        5  [TILE 0 0, RBB 22 6]          -     r            6583                                                                                          
   RBB_5/COUT                      RBB_6L        5  [TILE 0 0, RBB 22 6]        337     r            6920     {inst8: LED_CARRY4_S_O_1_CARRY4_O_1 (CARRY4)}                                        
   LED_CARRY4_S_O_1_CARRY4_O_1_CO  Net          74            (fanout=1)          0                     -                                                                                          
   RBB_6/CIN                       RBB_6L        6  [TILE 0 0, RBB 25 6]          -     r            6920     {inst7: LED_CARRY4_S_O_1_CARRY4_O (CARRY4)} {inst29: counter_FDRE_Q_3 (FD,site=cff)} 
   --------------------------------------------------------------------------------------------------------------------------------------------------------------------------------------------------
   RBB_6/CLK                       RBB_6L        6  [TILE 0 0, RBB 25 6]        852     r            7772                                                                                          
   clk                             Clock net     2          (fanout=225)      -2319                     -                                                                                          
   clk                             CLOCK-PORT    -                     -    capture     r            5453                                                                                          
   --------------------------------------------------------------------------------------------------------------------------------------------------------------------------------------------------


Path 158:
   Slack (not met):                         -3461ps
     Path type:                               SETUP
     Group:                              <UDEF_clk>
     Launching clock:                           clk (rising edge)
     Capturing clock:                           clk (rising edge)

     Requested period:                       2000ps
   + Delay of the capturing clock:           2319ps
   - Clock uncertainty:                       150ps
   = Required time:                          4169ps
   - Propagation time:                       5334ps (76.9% logic, 23.1% route, logic stage 5)
   - Delay of the launching clock:           2296ps
   = Slack:                                 -3461ps

   Instance/Pin or Net Name        Type         ID    Location or Fanout   Delay(ps)  Edge  Arrival Time(ps)    Instance detail                                                                    
   --------------------------------------------------------------------------------------------------------------------------------------------------------------------------------------------------
   clk                             CLOCK-PORT    -                     -     launch     r               0                                                                                          
   clk                             Clock net     2          (fanout=225)       2296                     -                                                                                          
   RBB_2/CLK                       RBB_6L        2  [TILE 0 0, RBB 13 6]          -     r            2296                                                                                          
   --------------------------------------------------------------------------------------------------------------------------------------------------------------------------------------------------
   RBB_2/CQ                        RBB_6L        2  [TILE 0 0, RBB 13 6]        800     r            3096     {inst25: counter_FDRE_Q_19 (FD,site=cff)}                                            
   counter[2]                      Net           6            (fanout=1)       1231                     -                                                                                          
   RBB_2/C1                        RBB_6L        2  [TILE 0 0, RBB 13 6]          -     r            4327                                                                                          
   RBB_2/COUT                      RBB_6L        2  [TILE 0 0, RBB 13 6]       1596     r            5923     {inst11: LED_CARRY4_S_O_1_CARRY4_O_4 (CARRY4)}                                       
   LED_CARRY4_S_O_1_CARRY4_O_4_CO  Net          70            (fanout=1)          0                     -                                                                                          
   RBB_3/CIN                       RBB_6L        3  [TILE 0 0, RBB 16 6]          -     r            5923                                                                                          
   RBB_3/COUT                      RBB_6L        3  [TILE 0 0, RBB 16 6]        337     r            6260     {inst10: LED_CARRY4_S_O_1_CARRY4_O_3 (CARRY4)}                                       
   LED_CARRY4_S_O_1_CARRY4_O_3_CO  Net          66            (fanout=1)          0                     -                                                                                          
   RBB_4/CIN                       RBB_6L        4  [TILE 0 0, RBB 19 6]          -     r            6260                                                                                          
   RBB_4/COUT                      RBB_6L        4  [TILE 0 0, RBB 19 6]        323     r            6583     {inst9: LED_CARRY4_S_O_1_CARRY4_O_2 (CARRY4)}                                        
   LED_CARRY4_S_O_1_CARRY4_O_2_CO  Net          62            (fanout=1)          0                     -                                                                                          
   RBB_5/CIN                       RBB_6L        5  [TILE 0 0, RBB 22 6]          -     r            6583                                                                                          
   RBB_5/COUT                      RBB_6L        5  [TILE 0 0, RBB 22 6]        337     r            6920     {inst8: LED_CARRY4_S_O_1_CARRY4_O_1 (CARRY4)}                                        
   LED_CARRY4_S_O_1_CARRY4_O_1_CO  Net          74            (fanout=1)          0                     -                                                                                          
   RBB_6/CIN                       RBB_6L        6  [TILE 0 0, RBB 25 6]          -     r            6920     {inst7: LED_CARRY4_S_O_1_CARRY4_O (CARRY4)} {inst30: counter_FDRE_Q_4 (FD,site=bff)} 
   --------------------------------------------------------------------------------------------------------------------------------------------------------------------------------------------------
   RBB_6/CLK                       RBB_6L        6  [TILE 0 0, RBB 25 6]        710     r            7630                                                                                          
   clk                             Clock net     2          (fanout=225)      -2319                     -                                                                                          
   clk                             CLOCK-PORT    -                     -    capture     r            5311                                                                                          
   --------------------------------------------------------------------------------------------------------------------------------------------------------------------------------------------------


Path 159:
   Slack (not met):                         -3344ps
     Path type:                               SETUP
     Group:                              <UDEF_clk>
     Launching clock:                           clk (rising edge)
     Capturing clock:                           clk (rising edge)

     Requested period:                       2000ps
   + Delay of the capturing clock:           2318ps
   - Clock uncertainty:                       150ps
   = Required time:                          4168ps
   - Propagation time:                       5216ps (76.4% logic, 23.6% route, logic stage 4)
   - Delay of the launching clock:           2296ps
   = Slack:                                 -3344ps

   Instance/Pin or Net Name        Type         ID    Location or Fanout   Delay(ps)  Edge  Arrival Time(ps)    Instance detail                                                                      
   ----------------------------------------------------------------------------------------------------------------------------------------------------------------------------------------------------
   clk                             CLOCK-PORT    -                     -     launch     r               0                                                                                            
   clk                             Clock net     2          (fanout=225)       2296                     -                                                                                            
   RBB_2/CLK                       RBB_6L        2  [TILE 0 0, RBB 13 6]          -     r            2296                                                                                            
   ----------------------------------------------------------------------------------------------------------------------------------------------------------------------------------------------------
   RBB_2/CQ                        RBB_6L        2  [TILE 0 0, RBB 13 6]        800     r            3096     {inst25: counter_FDRE_Q_19 (FD,site=cff)}                                              
   counter[2]                      Net           6            (fanout=1)       1231                     -                                                                                            
   RBB_2/C1                        RBB_6L        2  [TILE 0 0, RBB 13 6]          -     r            4327                                                                                            
   RBB_2/COUT                      RBB_6L        2  [TILE 0 0, RBB 13 6]       1596     r            5923     {inst11: LED_CARRY4_S_O_1_CARRY4_O_4 (CARRY4)}                                         
   LED_CARRY4_S_O_1_CARRY4_O_4_CO  Net          70            (fanout=1)          0                     -                                                                                            
   RBB_3/CIN                       RBB_6L        3  [TILE 0 0, RBB 16 6]          -     r            5923                                                                                            
   RBB_3/COUT                      RBB_6L        3  [TILE 0 0, RBB 16 6]        337     r            6260     {inst10: LED_CARRY4_S_O_1_CARRY4_O_3 (CARRY4)}                                         
   LED_CARRY4_S_O_1_CARRY4_O_3_CO  Net          66            (fanout=1)          0                     -                                                                                            
   RBB_4/CIN                       RBB_6L        4  [TILE 0 0, RBB 19 6]          -     r            6260                                                                                            
   RBB_4/COUT                      RBB_6L        4  [TILE 0 0, RBB 19 6]        323     r            6583     {inst9: LED_CARRY4_S_O_1_CARRY4_O_2 (CARRY4)}                                          
   LED_CARRY4_S_O_1_CARRY4_O_2_CO  Net          62            (fanout=1)          0                     -                                                                                            
   RBB_5/CIN                       RBB_6L        5  [TILE 0 0, RBB 22 6]          -     r            6583     {inst8: LED_CARRY4_S_O_1_CARRY4_O_1 (CARRY4)} {inst33: counter_FDRE_Q_7 (FD,site=cff)} 
   ----------------------------------------------------------------------------------------------------------------------------------------------------------------------------------------------------
   RBB_5/CLK                       RBB_6L        5  [TILE 0 0, RBB 22 6]        929     r            7512                                                                                            
   clk                             Clock net     2          (fanout=225)      -2318                     -                                                                                            
   clk                             CLOCK-PORT    -                     -    capture     r            5194                                                                                            
   ----------------------------------------------------------------------------------------------------------------------------------------------------------------------------------------------------


Path 160:
   Slack (not met):                         -3319ps
     Path type:                               SETUP
     Group:                              <UDEF_clk>
     Launching clock:                           clk (rising edge)
     Capturing clock:                           clk (rising edge)

     Requested period:                       2000ps
   + Delay of the capturing clock:           2318ps
   - Clock uncertainty:                       150ps
   = Required time:                          4168ps
   - Propagation time:                       5191ps (76.3% logic, 23.7% route, logic stage 4)
   - Delay of the launching clock:           2296ps
   = Slack:                                 -3319ps

   Instance/Pin or Net Name        Type         ID    Location or Fanout   Delay(ps)  Edge  Arrival Time(ps)    Instance detail                                                                      
   ----------------------------------------------------------------------------------------------------------------------------------------------------------------------------------------------------
   clk                             CLOCK-PORT    -                     -     launch     r               0                                                                                            
   clk                             Clock net     2          (fanout=225)       2296                     -                                                                                            
   RBB_2/CLK                       RBB_6L        2  [TILE 0 0, RBB 13 6]          -     r            2296                                                                                            
   ----------------------------------------------------------------------------------------------------------------------------------------------------------------------------------------------------
   RBB_2/CQ                        RBB_6L        2  [TILE 0 0, RBB 13 6]        800     r            3096     {inst25: counter_FDRE_Q_19 (FD,site=cff)}                                              
   counter[2]                      Net           6            (fanout=1)       1231                     -                                                                                            
   RBB_2/C1                        RBB_6L        2  [TILE 0 0, RBB 13 6]          -     r            4327                                                                                            
   RBB_2/COUT                      RBB_6L        2  [TILE 0 0, RBB 13 6]       1596     r            5923     {inst11: LED_CARRY4_S_O_1_CARRY4_O_4 (CARRY4)}                                         
   LED_CARRY4_S_O_1_CARRY4_O_4_CO  Net          70            (fanout=1)          0                     -                                                                                            
   RBB_3/CIN                       RBB_6L        3  [TILE 0 0, RBB 16 6]          -     r            5923                                                                                            
   RBB_3/COUT                      RBB_6L        3  [TILE 0 0, RBB 16 6]        337     r            6260     {inst10: LED_CARRY4_S_O_1_CARRY4_O_3 (CARRY4)}                                         
   LED_CARRY4_S_O_1_CARRY4_O_3_CO  Net          66            (fanout=1)          0                     -                                                                                            
   RBB_4/CIN                       RBB_6L        4  [TILE 0 0, RBB 19 6]          -     r            6260                                                                                            
   RBB_4/COUT                      RBB_6L        4  [TILE 0 0, RBB 19 6]        323     r            6583     {inst9: LED_CARRY4_S_O_1_CARRY4_O_2 (CARRY4)}                                          
   LED_CARRY4_S_O_1_CARRY4_O_2_CO  Net          62            (fanout=1)          0                     -                                                                                            
   RBB_5/CIN                       RBB_6L        5  [TILE 0 0, RBB 22 6]          -     r            6583     {inst8: LED_CARRY4_S_O_1_CARRY4_O_1 (CARRY4)} {inst32: counter_FDRE_Q_6 (FD,site=dff)} 
   ----------------------------------------------------------------------------------------------------------------------------------------------------------------------------------------------------
   RBB_5/CLK                       RBB_6L        5  [TILE 0 0, RBB 22 6]        904     r            7487                                                                                            
   clk                             Clock net     2          (fanout=225)      -2318                     -                                                                                            
   clk                             CLOCK-PORT    -                     -    capture     r            5169                                                                                            
   ----------------------------------------------------------------------------------------------------------------------------------------------------------------------------------------------------


Path 161:
   Slack (not met):                         -3294ps
     Path type:                               SETUP
     Group:                              <UDEF_clk>
     Launching clock:                           clk (rising edge)
     Capturing clock:                           clk (rising edge)

     Requested period:                       2000ps
   + Delay of the capturing clock:           2319ps
   - Clock uncertainty:                       150ps
   = Required time:                          4169ps
   - Propagation time:                       5167ps (76.2% logic, 23.8% route, logic stage 5)
   - Delay of the launching clock:           2296ps
   = Slack:                                 -3294ps

   Instance/Pin or Net Name        Type         ID    Location or Fanout   Delay(ps)  Edge  Arrival Time(ps)    Instance detail                                                                    
   --------------------------------------------------------------------------------------------------------------------------------------------------------------------------------------------------
   clk                             CLOCK-PORT    -                     -     launch     r               0                                                                                          
   clk                             Clock net     2          (fanout=225)       2296                     -                                                                                          
   RBB_2/CLK                       RBB_6L        2  [TILE 0 0, RBB 13 6]          -     r            2296                                                                                          
   --------------------------------------------------------------------------------------------------------------------------------------------------------------------------------------------------
   RBB_2/CQ                        RBB_6L        2  [TILE 0 0, RBB 13 6]        800     r            3096     {inst25: counter_FDRE_Q_19 (FD,site=cff)}                                            
   counter[2]                      Net           6            (fanout=1)       1231                     -                                                                                          
   RBB_2/C1                        RBB_6L        2  [TILE 0 0, RBB 13 6]          -     r            4327                                                                                          
   RBB_2/COUT                      RBB_6L        2  [TILE 0 0, RBB 13 6]       1596     r            5923     {inst11: LED_CARRY4_S_O_1_CARRY4_O_4 (CARRY4)}                                       
   LED_CARRY4_S_O_1_CARRY4_O_4_CO  Net          70            (fanout=1)          0                     -                                                                                          
   RBB_3/CIN                       RBB_6L        3  [TILE 0 0, RBB 16 6]          -     r            5923                                                                                          
   RBB_3/COUT                      RBB_6L        3  [TILE 0 0, RBB 16 6]        337     r            6260     {inst10: LED_CARRY4_S_O_1_CARRY4_O_3 (CARRY4)}                                       
   LED_CARRY4_S_O_1_CARRY4_O_3_CO  Net          66            (fanout=1)          0                     -                                                                                          
   RBB_4/CIN                       RBB_6L        4  [TILE 0 0, RBB 19 6]          -     r            6260                                                                                          
   RBB_4/COUT                      RBB_6L        4  [TILE 0 0, RBB 19 6]        323     r            6583     {inst9: LED_CARRY4_S_O_1_CARRY4_O_2 (CARRY4)}                                        
   LED_CARRY4_S_O_1_CARRY4_O_2_CO  Net          62            (fanout=1)          0                     -                                                                                          
   RBB_5/CIN                       RBB_6L        5  [TILE 0 0, RBB 22 6]          -     r            6583                                                                                          
   RBB_5/COUT                      RBB_6L        5  [TILE 0 0, RBB 22 6]        337     r            6920     {inst8: LED_CARRY4_S_O_1_CARRY4_O_1 (CARRY4)}                                        
   LED_CARRY4_S_O_1_CARRY4_O_1_CO  Net          74            (fanout=1)          0                     -                                                                                          
   RBB_6/CIN                       RBB_6L        6  [TILE 0 0, RBB 25 6]          -     r            6920     {inst7: LED_CARRY4_S_O_1_CARRY4_O (CARRY4)} {inst31: counter_FDRE_Q_5 (FD,site=aff)} 
   --------------------------------------------------------------------------------------------------------------------------------------------------------------------------------------------------
   RBB_6/CLK                       RBB_6L        6  [TILE 0 0, RBB 25 6]        543     r            7463                                                                                          
   clk                             Clock net     2          (fanout=225)      -2319                     -                                                                                          
   clk                             CLOCK-PORT    -                     -    capture     r            5144                                                                                          
   --------------------------------------------------------------------------------------------------------------------------------------------------------------------------------------------------


Path 162:
   Slack (not met):                         -3288ps
     Path type:                               SETUP
     Group:                              <UDEF_clk>
     Launching clock:                           clk (rising edge)
     Capturing clock:                           clk (rising edge)

     Requested period:                       2000ps
   + Delay of the capturing clock:           2318ps
   - Clock uncertainty:                       150ps
   = Required time:                          4168ps
   - Propagation time:                       5160ps (76.1% logic, 23.9% route, logic stage 4)
   - Delay of the launching clock:           2296ps
   = Slack:                                 -3288ps

   Instance/Pin or Net Name        Type         ID    Location or Fanout   Delay(ps)  Edge  Arrival Time(ps)    Instance detail                                                                      
   ----------------------------------------------------------------------------------------------------------------------------------------------------------------------------------------------------
   clk                             CLOCK-PORT    -                     -     launch     r               0                                                                                            
   clk                             Clock net     2          (fanout=225)       2296                     -                                                                                            
   RBB_2/CLK                       RBB_6L        2  [TILE 0 0, RBB 13 6]          -     r            2296                                                                                            
   ----------------------------------------------------------------------------------------------------------------------------------------------------------------------------------------------------
   RBB_2/CQ                        RBB_6L        2  [TILE 0 0, RBB 13 6]        800     r            3096     {inst25: counter_FDRE_Q_19 (FD,site=cff)}                                              
   counter[2]                      Net           6            (fanout=1)       1231                     -                                                                                            
   RBB_2/C1                        RBB_6L        2  [TILE 0 0, RBB 13 6]          -     r            4327                                                                                            
   RBB_2/COUT                      RBB_6L        2  [TILE 0 0, RBB 13 6]       1596     r            5923     {inst11: LED_CARRY4_S_O_1_CARRY4_O_4 (CARRY4)}                                         
   LED_CARRY4_S_O_1_CARRY4_O_4_CO  Net          70            (fanout=1)          0                     -                                                                                            
   RBB_3/CIN                       RBB_6L        3  [TILE 0 0, RBB 16 6]          -     r            5923                                                                                            
   RBB_3/COUT                      RBB_6L        3  [TILE 0 0, RBB 16 6]        337     r            6260     {inst10: LED_CARRY4_S_O_1_CARRY4_O_3 (CARRY4)}                                         
   LED_CARRY4_S_O_1_CARRY4_O_3_CO  Net          66            (fanout=1)          0                     -                                                                                            
   RBB_4/CIN                       RBB_6L        4  [TILE 0 0, RBB 19 6]          -     r            6260                                                                                            
   RBB_4/COUT                      RBB_6L        4  [TILE 0 0, RBB 19 6]        323     r            6583     {inst9: LED_CARRY4_S_O_1_CARRY4_O_2 (CARRY4)}                                          
   LED_CARRY4_S_O_1_CARRY4_O_2_CO  Net          62            (fanout=1)          0                     -                                                                                            
   RBB_5/CIN                       RBB_6L        5  [TILE 0 0, RBB 22 6]          -     r            6583     {inst8: LED_CARRY4_S_O_1_CARRY4_O_1 (CARRY4)} {inst34: counter_FDRE_Q_8 (FD,site=bff)} 
   ----------------------------------------------------------------------------------------------------------------------------------------------------------------------------------------------------
   RBB_5/CLK                       RBB_6L        5  [TILE 0 0, RBB 22 6]        873     r            7456                                                                                            
   clk                             Clock net     2          (fanout=225)      -2318                     -                                                                                            
   clk                             CLOCK-PORT    -                     -    capture     r            5138                                                                                            
   ----------------------------------------------------------------------------------------------------------------------------------------------------------------------------------------------------


Path 163:
   Slack (not met):                         -3036ps
     Path type:                               SETUP
     Group:                              <UDEF_clk>
     Launching clock:                           clk (rising edge)
     Capturing clock:                           clk (rising edge)

     Requested period:                       2000ps
   + Delay of the capturing clock:           2318ps
   - Clock uncertainty:                       150ps
   = Required time:                          4168ps
   - Propagation time:                       4908ps (74.9% logic, 25.1% route, logic stage 4)
   - Delay of the launching clock:           2296ps
   = Slack:                                 -3036ps

   Instance/Pin or Net Name        Type         ID    Location or Fanout   Delay(ps)  Edge  Arrival Time(ps)    Instance detail                                                                      
   ----------------------------------------------------------------------------------------------------------------------------------------------------------------------------------------------------
   clk                             CLOCK-PORT    -                     -     launch     r               0                                                                                            
   clk                             Clock net     2          (fanout=225)       2296                     -                                                                                            
   RBB_2/CLK                       RBB_6L        2  [TILE 0 0, RBB 13 6]          -     r            2296                                                                                            
   ----------------------------------------------------------------------------------------------------------------------------------------------------------------------------------------------------
   RBB_2/CQ                        RBB_6L        2  [TILE 0 0, RBB 13 6]        800     r            3096     {inst25: counter_FDRE_Q_19 (FD,site=cff)}                                              
   counter[2]                      Net           6            (fanout=1)       1231                     -                                                                                            
   RBB_2/C1                        RBB_6L        2  [TILE 0 0, RBB 13 6]          -     r            4327                                                                                            
   RBB_2/COUT                      RBB_6L        2  [TILE 0 0, RBB 13 6]       1596     r            5923     {inst11: LED_CARRY4_S_O_1_CARRY4_O_4 (CARRY4)}                                         
   LED_CARRY4_S_O_1_CARRY4_O_4_CO  Net          70            (fanout=1)          0                     -                                                                                            
   RBB_3/CIN                       RBB_6L        3  [TILE 0 0, RBB 16 6]          -     r            5923                                                                                            
   RBB_3/COUT                      RBB_6L        3  [TILE 0 0, RBB 16 6]        337     r            6260     {inst10: LED_CARRY4_S_O_1_CARRY4_O_3 (CARRY4)}                                         
   LED_CARRY4_S_O_1_CARRY4_O_3_CO  Net          66            (fanout=1)          0                     -                                                                                            
   RBB_4/CIN                       RBB_6L        4  [TILE 0 0, RBB 19 6]          -     r            6260                                                                                            
   RBB_4/COUT                      RBB_6L        4  [TILE 0 0, RBB 19 6]        323     r            6583     {inst9: LED_CARRY4_S_O_1_CARRY4_O_2 (CARRY4)}                                          
   LED_CARRY4_S_O_1_CARRY4_O_2_CO  Net          62            (fanout=1)          0                     -                                                                                            
   RBB_5/CIN                       RBB_6L        5  [TILE 0 0, RBB 22 6]          -     r            6583     {inst8: LED_CARRY4_S_O_1_CARRY4_O_1 (CARRY4)} {inst35: counter_FDRE_Q_9 (FD,site=aff)} 
   ----------------------------------------------------------------------------------------------------------------------------------------------------------------------------------------------------
   RBB_5/CLK                       RBB_6L        5  [TILE 0 0, RBB 22 6]        621     r            7204                                                                                            
   clk                             Clock net     2          (fanout=225)      -2318                     -                                                                                            
   clk                             CLOCK-PORT    -                     -    capture     r            4886                                                                                            
   ----------------------------------------------------------------------------------------------------------------------------------------------------------------------------------------------------


Path 164:
   Slack (not met):                         -3023ps
     Path type:                               SETUP
     Group:                              <UDEF_clk>
     Launching clock:                           clk (rising edge)
     Capturing clock:                           clk (rising edge)

     Requested period:                       2000ps
   + Delay of the capturing clock:           2298ps
   - Clock uncertainty:                       150ps
   = Required time:                          4148ps
   - Propagation time:                       4875ps (74.7% logic, 25.3% route, logic stage 3)
   - Delay of the launching clock:           2296ps
   = Slack:                                 -3023ps

   Instance/Pin or Net Name        Type         ID    Location or Fanout   Delay(ps)  Edge  Arrival Time(ps)    Instance detail                                                                       
   -----------------------------------------------------------------------------------------------------------------------------------------------------------------------------------------------------
   clk                             CLOCK-PORT    -                     -     launch     r               0                                                                                             
   clk                             Clock net     2          (fanout=225)       2296                     -                                                                                             
   RBB_2/CLK                       RBB_6L        2  [TILE 0 0, RBB 13 6]          -     r            2296                                                                                             
   -----------------------------------------------------------------------------------------------------------------------------------------------------------------------------------------------------
   RBB_2/CQ                        RBB_6L        2  [TILE 0 0, RBB 13 6]        800     r            3096     {inst25: counter_FDRE_Q_19 (FD,site=cff)}                                               
   counter[2]                      Net           6            (fanout=1)       1231                     -                                                                                             
   RBB_2/C1                        RBB_6L        2  [TILE 0 0, RBB 13 6]          -     r            4327                                                                                             
   RBB_2/COUT                      RBB_6L        2  [TILE 0 0, RBB 13 6]       1596     r            5923     {inst11: LED_CARRY4_S_O_1_CARRY4_O_4 (CARRY4)}                                          
   LED_CARRY4_S_O_1_CARRY4_O_4_CO  Net          70            (fanout=1)          0                     -                                                                                             
   RBB_3/CIN                       RBB_6L        3  [TILE 0 0, RBB 16 6]          -     r            5923                                                                                             
   RBB_3/COUT                      RBB_6L        3  [TILE 0 0, RBB 16 6]        337     r            6260     {inst10: LED_CARRY4_S_O_1_CARRY4_O_3 (CARRY4)}                                          
   LED_CARRY4_S_O_1_CARRY4_O_3_CO  Net          66            (fanout=1)          0                     -                                                                                             
   RBB_4/CIN                       RBB_6L        4  [TILE 0 0, RBB 19 6]          -     r            6260     {inst9: LED_CARRY4_S_O_1_CARRY4_O_2 (CARRY4)} {inst16: counter_FDRE_Q_10 (FD,site=dff)} 
   -----------------------------------------------------------------------------------------------------------------------------------------------------------------------------------------------------
   RBB_4/CLK                       RBB_6L        4  [TILE 0 0, RBB 19 6]        911     r            7171                                                                                             
   clk                             Clock net     2          (fanout=225)      -2298                     -                                                                                             
   clk                             CLOCK-PORT    -                     -    capture     r            4873                                                                                             
   -----------------------------------------------------------------------------------------------------------------------------------------------------------------------------------------------------


Path 165:
   Slack (not met):                         -2964ps
     Path type:                               SETUP
     Group:                              <UDEF_clk>
     Launching clock:                           clk (rising edge)
     Capturing clock:                           clk (rising edge)

     Requested period:                       2000ps
   + Delay of the capturing clock:           2298ps
   - Clock uncertainty:                       150ps
   = Required time:                          4148ps
   - Propagation time:                       4816ps (74.4% logic, 25.6% route, logic stage 3)
   - Delay of the launching clock:           2296ps
   = Slack:                                 -2964ps

   Instance/Pin or Net Name        Type         ID    Location or Fanout   Delay(ps)  Edge  Arrival Time(ps)    Instance detail                                                                       
   -----------------------------------------------------------------------------------------------------------------------------------------------------------------------------------------------------
   clk                             CLOCK-PORT    -                     -     launch     r               0                                                                                             
   clk                             Clock net     2          (fanout=225)       2296                     -                                                                                             
   RBB_2/CLK                       RBB_6L        2  [TILE 0 0, RBB 13 6]          -     r            2296                                                                                             
   -----------------------------------------------------------------------------------------------------------------------------------------------------------------------------------------------------
   RBB_2/CQ                        RBB_6L        2  [TILE 0 0, RBB 13 6]        800     r            3096     {inst25: counter_FDRE_Q_19 (FD,site=cff)}                                               
   counter[2]                      Net           6            (fanout=1)       1231                     -                                                                                             
   RBB_2/C1                        RBB_6L        2  [TILE 0 0, RBB 13 6]          -     r            4327                                                                                             
   RBB_2/COUT                      RBB_6L        2  [TILE 0 0, RBB 13 6]       1596     r            5923     {inst11: LED_CARRY4_S_O_1_CARRY4_O_4 (CARRY4)}                                          
   LED_CARRY4_S_O_1_CARRY4_O_4_CO  Net          70            (fanout=1)          0                     -                                                                                             
   RBB_3/CIN                       RBB_6L        3  [TILE 0 0, RBB 16 6]          -     r            5923                                                                                             
   RBB_3/COUT                      RBB_6L        3  [TILE 0 0, RBB 16 6]        337     r            6260     {inst10: LED_CARRY4_S_O_1_CARRY4_O_3 (CARRY4)}                                          
   LED_CARRY4_S_O_1_CARRY4_O_3_CO  Net          66            (fanout=1)          0                     -                                                                                             
   RBB_4/CIN                       RBB_6L        4  [TILE 0 0, RBB 19 6]          -     r            6260     {inst9: LED_CARRY4_S_O_1_CARRY4_O_2 (CARRY4)} {inst17: counter_FDRE_Q_11 (FD,site=cff)} 
   -----------------------------------------------------------------------------------------------------------------------------------------------------------------------------------------------------
   RBB_4/CLK                       RBB_6L        4  [TILE 0 0, RBB 19 6]        852     r            7112                                                                                             
   clk                             Clock net     2          (fanout=225)      -2298                     -                                                                                             
   clk                             CLOCK-PORT    -                     -    capture     r            4814                                                                                             
   -----------------------------------------------------------------------------------------------------------------------------------------------------------------------------------------------------


Path 166:
   Slack (not met):                         -2822ps
     Path type:                               SETUP
     Group:                              <UDEF_clk>
     Launching clock:                           clk (rising edge)
     Capturing clock:                           clk (rising edge)

     Requested period:                       2000ps
   + Delay of the capturing clock:           2298ps
   - Clock uncertainty:                       150ps
   = Required time:                          4148ps
   - Propagation time:                       4674ps (73.7% logic, 26.3% route, logic stage 3)
   - Delay of the launching clock:           2296ps
   = Slack:                                 -2822ps

   Instance/Pin or Net Name        Type         ID    Location or Fanout   Delay(ps)  Edge  Arrival Time(ps)    Instance detail                                                                       
   -----------------------------------------------------------------------------------------------------------------------------------------------------------------------------------------------------
   clk                             CLOCK-PORT    -                     -     launch     r               0                                                                                             
   clk                             Clock net     2          (fanout=225)       2296                     -                                                                                             
   RBB_2/CLK                       RBB_6L        2  [TILE 0 0, RBB 13 6]          -     r            2296                                                                                             
   -----------------------------------------------------------------------------------------------------------------------------------------------------------------------------------------------------
   RBB_2/CQ                        RBB_6L        2  [TILE 0 0, RBB 13 6]        800     r            3096     {inst25: counter_FDRE_Q_19 (FD,site=cff)}                                               
   counter[2]                      Net           6            (fanout=1)       1231                     -                                                                                             
   RBB_2/C1                        RBB_6L        2  [TILE 0 0, RBB 13 6]          -     r            4327                                                                                             
   RBB_2/COUT                      RBB_6L        2  [TILE 0 0, RBB 13 6]       1596     r            5923     {inst11: LED_CARRY4_S_O_1_CARRY4_O_4 (CARRY4)}                                          
   LED_CARRY4_S_O_1_CARRY4_O_4_CO  Net          70            (fanout=1)          0                     -                                                                                             
   RBB_3/CIN                       RBB_6L        3  [TILE 0 0, RBB 16 6]          -     r            5923                                                                                             
   RBB_3/COUT                      RBB_6L        3  [TILE 0 0, RBB 16 6]        337     r            6260     {inst10: LED_CARRY4_S_O_1_CARRY4_O_3 (CARRY4)}                                          
   LED_CARRY4_S_O_1_CARRY4_O_3_CO  Net          66            (fanout=1)          0                     -                                                                                             
   RBB_4/CIN                       RBB_6L        4  [TILE 0 0, RBB 19 6]          -     r            6260     {inst9: LED_CARRY4_S_O_1_CARRY4_O_2 (CARRY4)} {inst18: counter_FDRE_Q_12 (FD,site=bff)} 
   -----------------------------------------------------------------------------------------------------------------------------------------------------------------------------------------------------
   RBB_4/CLK                       RBB_6L        4  [TILE 0 0, RBB 19 6]        710     r            6970                                                                                             
   clk                             Clock net     2          (fanout=225)      -2298                     -                                                                                             
   clk                             CLOCK-PORT    -                     -    capture     r            4672                                                                                             
   -----------------------------------------------------------------------------------------------------------------------------------------------------------------------------------------------------


Path 167:
   Slack (not met):                         -2708ps
     Path type:                               SETUP
     Group:                              <UDEF_clk>
     Launching clock:                           clk (rising edge)
     Capturing clock:                           clk (rising edge)

     Requested period:                       2000ps
   + Delay of the capturing clock:           2294ps
   - Clock uncertainty:                       150ps
   = Required time:                          4144ps
   - Propagation time:                       4556ps (73.0% logic, 27.0% route, logic stage 2)
   - Delay of the launching clock:           2296ps
   = Slack:                                 -2708ps

   Instance/Pin or Net Name        Type         ID    Location or Fanout   Delay(ps)  Edge  Arrival Time(ps)    Instance detail                                                                        
   ------------------------------------------------------------------------------------------------------------------------------------------------------------------------------------------------------
   clk                             CLOCK-PORT    -                     -     launch     r               0                                                                                              
   clk                             Clock net     2          (fanout=225)       2296                     -                                                                                              
   RBB_2/CLK                       RBB_6L        2  [TILE 0 0, RBB 13 6]          -     r            2296                                                                                              
   ------------------------------------------------------------------------------------------------------------------------------------------------------------------------------------------------------
   RBB_2/CQ                        RBB_6L        2  [TILE 0 0, RBB 13 6]        800     r            3096     {inst25: counter_FDRE_Q_19 (FD,site=cff)}                                                
   counter[2]                      Net           6            (fanout=1)       1231                     -                                                                                              
   RBB_2/C1                        RBB_6L        2  [TILE 0 0, RBB 13 6]          -     r            4327                                                                                              
   RBB_2/COUT                      RBB_6L        2  [TILE 0 0, RBB 13 6]       1596     r            5923     {inst11: LED_CARRY4_S_O_1_CARRY4_O_4 (CARRY4)}                                           
   LED_CARRY4_S_O_1_CARRY4_O_4_CO  Net          70            (fanout=1)          0                     -                                                                                              
   RBB_3/CIN                       RBB_6L        3  [TILE 0 0, RBB 16 6]          -     r            5923     {inst10: LED_CARRY4_S_O_1_CARRY4_O_3 (CARRY4)} {inst21: counter_FDRE_Q_15 (FD,site=cff)} 
   ------------------------------------------------------------------------------------------------------------------------------------------------------------------------------------------------------
   RBB_3/CLK                       RBB_6L        3  [TILE 0 0, RBB 16 6]        929     r            6852                                                                                              
   clk                             Clock net     2          (fanout=225)      -2294                     -                                                                                              
   clk                             CLOCK-PORT    -                     -    capture     r            4558                                                                                              
   ------------------------------------------------------------------------------------------------------------------------------------------------------------------------------------------------------


Path 168:
   Slack (not met):                         -2683ps
     Path type:                               SETUP
     Group:                              <UDEF_clk>
     Launching clock:                           clk (rising edge)
     Capturing clock:                           clk (rising edge)

     Requested period:                       2000ps
   + Delay of the capturing clock:           2294ps
   - Clock uncertainty:                       150ps
   = Required time:                          4144ps
   - Propagation time:                       4531ps (72.8% logic, 27.2% route, logic stage 2)
   - Delay of the launching clock:           2296ps
   = Slack:                                 -2683ps

   Instance/Pin or Net Name        Type         ID    Location or Fanout   Delay(ps)  Edge  Arrival Time(ps)    Instance detail                                                                        
   ------------------------------------------------------------------------------------------------------------------------------------------------------------------------------------------------------
   clk                             CLOCK-PORT    -                     -     launch     r               0                                                                                              
   clk                             Clock net     2          (fanout=225)       2296                     -                                                                                              
   RBB_2/CLK                       RBB_6L        2  [TILE 0 0, RBB 13 6]          -     r            2296                                                                                              
   ------------------------------------------------------------------------------------------------------------------------------------------------------------------------------------------------------
   RBB_2/CQ                        RBB_6L        2  [TILE 0 0, RBB 13 6]        800     r            3096     {inst25: counter_FDRE_Q_19 (FD,site=cff)}                                                
   counter[2]                      Net           6            (fanout=1)       1231                     -                                                                                              
   RBB_2/C1                        RBB_6L        2  [TILE 0 0, RBB 13 6]          -     r            4327                                                                                              
   RBB_2/COUT                      RBB_6L        2  [TILE 0 0, RBB 13 6]       1596     r            5923     {inst11: LED_CARRY4_S_O_1_CARRY4_O_4 (CARRY4)}                                           
   LED_CARRY4_S_O_1_CARRY4_O_4_CO  Net          70            (fanout=1)          0                     -                                                                                              
   RBB_3/CIN                       RBB_6L        3  [TILE 0 0, RBB 16 6]          -     r            5923     {inst10: LED_CARRY4_S_O_1_CARRY4_O_3 (CARRY4)} {inst20: counter_FDRE_Q_14 (FD,site=dff)} 
   ------------------------------------------------------------------------------------------------------------------------------------------------------------------------------------------------------
   RBB_3/CLK                       RBB_6L        3  [TILE 0 0, RBB 16 6]        904     r            6827                                                                                              
   clk                             Clock net     2          (fanout=225)      -2294                     -                                                                                              
   clk                             CLOCK-PORT    -                     -    capture     r            4533                                                                                              
   ------------------------------------------------------------------------------------------------------------------------------------------------------------------------------------------------------


Path 169:
   Slack (not met):                         -2655ps
     Path type:                               SETUP
     Group:                              <UDEF_clk>
     Launching clock:                           clk (rising edge)
     Capturing clock:                           clk (rising edge)

     Requested period:                       2000ps
   + Delay of the capturing clock:           2298ps
   - Clock uncertainty:                       150ps
   = Required time:                          4148ps
   - Propagation time:                       4507ps (72.7% logic, 27.3% route, logic stage 3)
   - Delay of the launching clock:           2296ps
   = Slack:                                 -2655ps

   Instance/Pin or Net Name        Type         ID    Location or Fanout   Delay(ps)  Edge  Arrival Time(ps)    Instance detail                                                                       
   -----------------------------------------------------------------------------------------------------------------------------------------------------------------------------------------------------
   clk                             CLOCK-PORT    -                     -     launch     r               0                                                                                             
   clk                             Clock net     2          (fanout=225)       2296                     -                                                                                             
   RBB_2/CLK                       RBB_6L        2  [TILE 0 0, RBB 13 6]          -     r            2296                                                                                             
   -----------------------------------------------------------------------------------------------------------------------------------------------------------------------------------------------------
   RBB_2/CQ                        RBB_6L        2  [TILE 0 0, RBB 13 6]        800     r            3096     {inst25: counter_FDRE_Q_19 (FD,site=cff)}                                               
   counter[2]                      Net           6            (fanout=1)       1231                     -                                                                                             
   RBB_2/C1                        RBB_6L        2  [TILE 0 0, RBB 13 6]          -     r            4327                                                                                             
   RBB_2/COUT                      RBB_6L        2  [TILE 0 0, RBB 13 6]       1596     r            5923     {inst11: LED_CARRY4_S_O_1_CARRY4_O_4 (CARRY4)}                                          
   LED_CARRY4_S_O_1_CARRY4_O_4_CO  Net          70            (fanout=1)          0                     -                                                                                             
   RBB_3/CIN                       RBB_6L        3  [TILE 0 0, RBB 16 6]          -     r            5923                                                                                             
   RBB_3/COUT                      RBB_6L        3  [TILE 0 0, RBB 16 6]        337     r            6260     {inst10: LED_CARRY4_S_O_1_CARRY4_O_3 (CARRY4)}                                          
   LED_CARRY4_S_O_1_CARRY4_O_3_CO  Net          66            (fanout=1)          0                     -                                                                                             
   RBB_4/CIN                       RBB_6L        4  [TILE 0 0, RBB 19 6]          -     r            6260     {inst9: LED_CARRY4_S_O_1_CARRY4_O_2 (CARRY4)} {inst19: counter_FDRE_Q_13 (FD,site=aff)} 
   -----------------------------------------------------------------------------------------------------------------------------------------------------------------------------------------------------
   RBB_4/CLK                       RBB_6L        4  [TILE 0 0, RBB 19 6]        543     r            6803                                                                                             
   clk                             Clock net     2          (fanout=225)      -2298                     -                                                                                             
   clk                             CLOCK-PORT    -                     -    capture     r            4505                                                                                             
   -----------------------------------------------------------------------------------------------------------------------------------------------------------------------------------------------------


Path 170:
   Slack (not met):                         -2652ps
     Path type:                               SETUP
     Group:                              <UDEF_clk>
     Launching clock:                           clk (rising edge)
     Capturing clock:                           clk (rising edge)

     Requested period:                       2000ps
   + Delay of the capturing clock:           2294ps
   - Clock uncertainty:                       150ps
   = Required time:                          4144ps
   - Propagation time:                       4500ps (72.6% logic, 27.4% route, logic stage 2)
   - Delay of the launching clock:           2296ps
   = Slack:                                 -2652ps

   Instance/Pin or Net Name        Type         ID    Location or Fanout   Delay(ps)  Edge  Arrival Time(ps)    Instance detail                                                                        
   ------------------------------------------------------------------------------------------------------------------------------------------------------------------------------------------------------
   clk                             CLOCK-PORT    -                     -     launch     r               0                                                                                              
   clk                             Clock net     2          (fanout=225)       2296                     -                                                                                              
   RBB_2/CLK                       RBB_6L        2  [TILE 0 0, RBB 13 6]          -     r            2296                                                                                              
   ------------------------------------------------------------------------------------------------------------------------------------------------------------------------------------------------------
   RBB_2/CQ                        RBB_6L        2  [TILE 0 0, RBB 13 6]        800     r            3096     {inst25: counter_FDRE_Q_19 (FD,site=cff)}                                                
   counter[2]                      Net           6            (fanout=1)       1231                     -                                                                                              
   RBB_2/C1                        RBB_6L        2  [TILE 0 0, RBB 13 6]          -     r            4327                                                                                              
   RBB_2/COUT                      RBB_6L        2  [TILE 0 0, RBB 13 6]       1596     r            5923     {inst11: LED_CARRY4_S_O_1_CARRY4_O_4 (CARRY4)}                                           
   LED_CARRY4_S_O_1_CARRY4_O_4_CO  Net          70            (fanout=1)          0                     -                                                                                              
   RBB_3/CIN                       RBB_6L        3  [TILE 0 0, RBB 16 6]          -     r            5923     {inst10: LED_CARRY4_S_O_1_CARRY4_O_3 (CARRY4)} {inst22: counter_FDRE_Q_16 (FD,site=bff)} 
   ------------------------------------------------------------------------------------------------------------------------------------------------------------------------------------------------------
   RBB_3/CLK                       RBB_6L        3  [TILE 0 0, RBB 16 6]        873     r            6796                                                                                              
   clk                             Clock net     2          (fanout=225)      -2294                     -                                                                                              
   clk                             CLOCK-PORT    -                     -    capture     r            4502                                                                                              
   ------------------------------------------------------------------------------------------------------------------------------------------------------------------------------------------------------


Path 171:
   Slack (not met):                         -2400ps
     Path type:                               SETUP
     Group:                              <UDEF_clk>
     Launching clock:                           clk (rising edge)
     Capturing clock:                           clk (rising edge)

     Requested period:                       2000ps
   + Delay of the capturing clock:           2294ps
   - Clock uncertainty:                       150ps
   = Required time:                          4144ps
   - Propagation time:                       4248ps (71.0% logic, 29.0% route, logic stage 2)
   - Delay of the launching clock:           2296ps
   = Slack:                                 -2400ps

   Instance/Pin or Net Name        Type         ID    Location or Fanout   Delay(ps)  Edge  Arrival Time(ps)    Instance detail                                                                        
   ------------------------------------------------------------------------------------------------------------------------------------------------------------------------------------------------------
   clk                             CLOCK-PORT    -                     -     launch     r               0                                                                                              
   clk                             Clock net     2          (fanout=225)       2296                     -                                                                                              
   RBB_2/CLK                       RBB_6L        2  [TILE 0 0, RBB 13 6]          -     r            2296                                                                                              
   ------------------------------------------------------------------------------------------------------------------------------------------------------------------------------------------------------
   RBB_2/CQ                        RBB_6L        2  [TILE 0 0, RBB 13 6]        800     r            3096     {inst25: counter_FDRE_Q_19 (FD,site=cff)}                                                
   counter[2]                      Net           6            (fanout=1)       1231                     -                                                                                              
   RBB_2/C1                        RBB_6L        2  [TILE 0 0, RBB 13 6]          -     r            4327                                                                                              
   RBB_2/COUT                      RBB_6L        2  [TILE 0 0, RBB 13 6]       1596     r            5923     {inst11: LED_CARRY4_S_O_1_CARRY4_O_4 (CARRY4)}                                           
   LED_CARRY4_S_O_1_CARRY4_O_4_CO  Net          70            (fanout=1)          0                     -                                                                                              
   RBB_3/CIN                       RBB_6L        3  [TILE 0 0, RBB 16 6]          -     r            5923     {inst10: LED_CARRY4_S_O_1_CARRY4_O_3 (CARRY4)} {inst23: counter_FDRE_Q_17 (FD,site=aff)} 
   ------------------------------------------------------------------------------------------------------------------------------------------------------------------------------------------------------
   RBB_3/CLK                       RBB_6L        3  [TILE 0 0, RBB 16 6]        621     r            6544                                                                                              
   clk                             Clock net     2          (fanout=225)      -2294                     -                                                                                              
   clk                             CLOCK-PORT    -                     -    capture     r            4250                                                                                              
   ------------------------------------------------------------------------------------------------------------------------------------------------------------------------------------------------------


Path 62:
   Slack (not met):                         -2169ps
     Path type:                               SETUP
     Group:                              <UDEF_clk>
     Launching clock:                           clk (rising edge)
     Capturing clock:                           clk (rising edge)

     Requested period:                       2000ps
   + Delay of the capturing clock:           2318ps
   - Clock uncertainty:                       150ps
   = Required time:                          4168ps
   - Propagation time:                       4019ps (58.2% logic, 41.8% route, logic stage 1)
   - Delay of the launching clock:           2318ps
   = Slack:                                 -2169ps

   Instance/Pin or Net Name   Type         ID    Location or Fanout   Delay(ps)  Edge  Arrival Time(ps)    Instance detail                                                                      
   -----------------------------------------------------------------------------------------------------------------------------------------------------------------------------------------------
   clk                        CLOCK-PORT    -                     -     launch     r               0                                                                                            
   clk                        Clock net     2          (fanout=225)       2318                     -                                                                                            
   RBB_5/CLK                  RBB_6L        5  [TILE 0 0, RBB 22 6]          -     r            2318                                                                                            
   -----------------------------------------------------------------------------------------------------------------------------------------------------------------------------------------------
   RBB_5/DQ                   RBB_6L        5  [TILE 0 0, RBB 22 6]        800     r            3118     {inst32: counter_FDRE_Q_6 (FD,site=dff)}                                               
   counter[15]                Net          19            (fanout=1)       1679                     -                                                                                            
   RBB_5/D1                   RBB_6L        5  [TILE 0 0, RBB 22 6]          -     r            4797     {inst8: LED_CARRY4_S_O_1_CARRY4_O_1 (CARRY4)} {inst32: counter_FDRE_Q_6 (FD,site=dff)} 
   -----------------------------------------------------------------------------------------------------------------------------------------------------------------------------------------------
   RBB_5/CLK                  RBB_6L        5  [TILE 0 0, RBB 22 6]       1540     r            6337                                                                                            
   clk                        Clock net     2          (fanout=225)      -2318                     -                                                                                            
   clk                        CLOCK-PORT    -                     -    capture     r            4019                                                                                            
   -----------------------------------------------------------------------------------------------------------------------------------------------------------------------------------------------


Path 29:
   Slack (not met):                         -2169ps
     Path type:                               SETUP
     Group:                              <UDEF_clk>
     Launching clock:                           clk (rising edge)
     Capturing clock:                           clk (rising edge)

     Requested period:                       2000ps
   + Delay of the capturing clock:           2318ps
   - Clock uncertainty:                       150ps
   = Required time:                          4168ps
   - Propagation time:                       4019ps (57.9% logic, 42.1% route, logic stage 1)
   - Delay of the launching clock:           2318ps
   = Slack:                                 -2169ps

   Instance/Pin or Net Name   Type         ID    Location or Fanout   Delay(ps)  Edge  Arrival Time(ps)    Instance detail                                                                      
   -----------------------------------------------------------------------------------------------------------------------------------------------------------------------------------------------
   clk                        CLOCK-PORT    -                     -     launch     r               0                                                                                            
   clk                        Clock net     2          (fanout=225)       2318                     -                                                                                            
   RBB_5/CLK                  RBB_6L        5  [TILE 0 0, RBB 22 6]          -     r            2318                                                                                            
   -----------------------------------------------------------------------------------------------------------------------------------------------------------------------------------------------
   RBB_5/CQ                   RBB_6L        5  [TILE 0 0, RBB 22 6]        800     r            3118     {inst33: counter_FDRE_Q_7 (FD,site=cff)}                                               
   counter[14]                Net          18            (fanout=1)       1694                     -                                                                                            
   RBB_5/C1                   RBB_6L        5  [TILE 0 0, RBB 22 6]          -     r            4812     {inst8: LED_CARRY4_S_O_1_CARRY4_O_1 (CARRY4)} {inst32: counter_FDRE_Q_6 (FD,site=dff)} 
   -----------------------------------------------------------------------------------------------------------------------------------------------------------------------------------------------
   RBB_5/CLK                  RBB_6L        5  [TILE 0 0, RBB 22 6]       1525     r            6337                                                                                            
   clk                        Clock net     2          (fanout=225)      -2318                     -                                                                                            
   clk                        CLOCK-PORT    -                     -    capture     r            4019                                                                                            
   -----------------------------------------------------------------------------------------------------------------------------------------------------------------------------------------------


Path 46:
   Slack (not met):                         -2080ps
     Path type:                               SETUP
     Group:                              <UDEF_clk>
     Launching clock:                           clk (rising edge)
     Capturing clock:                           clk (rising edge)

     Requested period:                       2000ps
   + Delay of the capturing clock:           2298ps
   - Clock uncertainty:                       150ps
   = Required time:                          4148ps
   - Propagation time:                       3930ps (60.4% logic, 39.6% route, logic stage 1)
   - Delay of the launching clock:           2298ps
   = Slack:                                 -2080ps

   Instance/Pin or Net Name   Type         ID    Location or Fanout   Delay(ps)  Edge  Arrival Time(ps)    Instance detail                                                                       
   ------------------------------------------------------------------------------------------------------------------------------------------------------------------------------------------------
   clk                        CLOCK-PORT    -                     -     launch     r               0                                                                                             
   clk                        Clock net     2          (fanout=225)       2298                     -                                                                                             
   RBB_4/CLK                  RBB_6L        4  [TILE 0 0, RBB 19 6]          -     r            2298                                                                                             
   ------------------------------------------------------------------------------------------------------------------------------------------------------------------------------------------------
   RBB_4/BQ                   RBB_6L        4  [TILE 0 0, RBB 19 6]        800     r            3098     {inst18: counter_FDRE_Q_12 (FD,site=bff)}                                               
   counter[9]                 Net          13            (fanout=1)       1557                     -                                                                                             
   RBB_4/B1                   RBB_6L        4  [TILE 0 0, RBB 19 6]          -     r            4655     {inst9: LED_CARRY4_S_O_1_CARRY4_O_2 (CARRY4)} {inst16: counter_FDRE_Q_10 (FD,site=dff)} 
   ------------------------------------------------------------------------------------------------------------------------------------------------------------------------------------------------
   RBB_4/CLK                  RBB_6L        4  [TILE 0 0, RBB 19 6]       1573     r            6228                                                                                             
   clk                        Clock net     2          (fanout=225)      -2298                     -                                                                                             
   clk                        CLOCK-PORT    -                     -    capture     r            3930                                                                                             
   ------------------------------------------------------------------------------------------------------------------------------------------------------------------------------------------------


Path 28:
   Slack (not met):                         -2049ps
     Path type:                               SETUP
     Group:                              <UDEF_clk>
     Launching clock:                           clk (rising edge)
     Capturing clock:                           clk (rising edge)

     Requested period:                       2000ps
   + Delay of the capturing clock:           2319ps
   - Clock uncertainty:                       150ps
   = Required time:                          4169ps
   - Propagation time:                       3899ps (64.6% logic, 35.4% route, logic stage 1)
   - Delay of the launching clock:           2319ps
   = Slack:                                 -2049ps

   Instance/Pin or Net Name   Type         ID    Location or Fanout   Delay(ps)  Edge  Arrival Time(ps)    Instance detail                                                                    
   ---------------------------------------------------------------------------------------------------------------------------------------------------------------------------------------------
   clk                        CLOCK-PORT    -                     -     launch     r               0                                                                                          
   clk                        Clock net     2          (fanout=225)       2319                     -                                                                                          
   RBB_6/CLK                  RBB_6L        6  [TILE 0 0, RBB 25 6]          -     r            2319                                                                                          
   ---------------------------------------------------------------------------------------------------------------------------------------------------------------------------------------------
   RBB_6/CQ                   RBB_6L        6  [TILE 0 0, RBB 25 6]        800     r            3119     {inst29: counter_FDRE_Q_3 (FD,site=cff)}                                             
   counter[18]                Net          22            (fanout=1)       1381                     -                                                                                          
   RBB_6/C1                   RBB_6L        6  [TILE 0 0, RBB 25 6]          -     r            4500     {inst7: LED_CARRY4_S_O_1_CARRY4_O (CARRY4)} {inst26: counter_FDRE_Q_2 (FD,site=dff)} 
   ---------------------------------------------------------------------------------------------------------------------------------------------------------------------------------------------
   RBB_6/CLK                  RBB_6L        6  [TILE 0 0, RBB 25 6]       1718     r            6218                                                                                          
   clk                        Clock net     2          (fanout=225)      -2319                     -                                                                                          
   clk                        CLOCK-PORT    -                     -    capture     r            3899                                                                                          
   ---------------------------------------------------------------------------------------------------------------------------------------------------------------------------------------------


Path 25:
   Slack (not met):                         -2008ps
     Path type:                               SETUP
     Group:                              <UDEF_clk>
     Launching clock:                           clk (rising edge)
     Capturing clock:                           clk (rising edge)

     Requested period:                       2000ps
   + Delay of the capturing clock:           2298ps
   - Clock uncertainty:                       150ps
   = Required time:                          4148ps
   - Propagation time:                       3858ps (65.3% logic, 34.7% route, logic stage 1)
   - Delay of the launching clock:           2298ps
   = Slack:                                 -2008ps

   Instance/Pin or Net Name   Type         ID    Location or Fanout   Delay(ps)  Edge  Arrival Time(ps)    Instance detail                                                                       
   ------------------------------------------------------------------------------------------------------------------------------------------------------------------------------------------------
   clk                        CLOCK-PORT    -                     -     launch     r               0                                                                                             
   clk                        Clock net     2          (fanout=225)       2298                     -                                                                                             
   RBB_4/CLK                  RBB_6L        4  [TILE 0 0, RBB 19 6]          -     r            2298                                                                                             
   ------------------------------------------------------------------------------------------------------------------------------------------------------------------------------------------------
   RBB_4/CQ                   RBB_6L        4  [TILE 0 0, RBB 19 6]        800     r            3098     {inst17: counter_FDRE_Q_11 (FD,site=cff)}                                               
   counter[10]                Net          14            (fanout=1)       1340                     -                                                                                             
   RBB_4/C1                   RBB_6L        4  [TILE 0 0, RBB 19 6]          -     r            4438     {inst9: LED_CARRY4_S_O_1_CARRY4_O_2 (CARRY4)} {inst16: counter_FDRE_Q_10 (FD,site=dff)} 
   ------------------------------------------------------------------------------------------------------------------------------------------------------------------------------------------------
   RBB_4/CLK                  RBB_6L        4  [TILE 0 0, RBB 19 6]       1718     r            6156                                                                                             
   clk                        Clock net     2          (fanout=225)      -2298                     -                                                                                             
   clk                        CLOCK-PORT    -                     -    capture     r            3858                                                                                             
   ------------------------------------------------------------------------------------------------------------------------------------------------------------------------------------------------


Path 52:
   Slack (not met):                         -1978ps
     Path type:                               SETUP
     Group:                              <UDEF_clk>
     Launching clock:                           clk (rising edge)
     Capturing clock:                           clk (rising edge)

     Requested period:                       2000ps
   + Delay of the capturing clock:           2298ps
   - Clock uncertainty:                       150ps
   = Required time:                          4148ps
   - Propagation time:                       3828ps (59.3% logic, 40.7% route, logic stage 1)
   - Delay of the launching clock:           2298ps
   = Slack:                                 -1978ps

   Instance/Pin or Net Name   Type         ID    Location or Fanout   Delay(ps)  Edge  Arrival Time(ps)    Instance detail                                                                       
   ------------------------------------------------------------------------------------------------------------------------------------------------------------------------------------------------
   clk                        CLOCK-PORT    -                     -     launch     r               0                                                                                             
   clk                        Clock net     2          (fanout=225)       2298                     -                                                                                             
   RBB_4/CLK                  RBB_6L        4  [TILE 0 0, RBB 19 6]          -     r            2298                                                                                             
   ------------------------------------------------------------------------------------------------------------------------------------------------------------------------------------------------
   RBB_4/BQ                   RBB_6L        4  [TILE 0 0, RBB 19 6]        800     r            3098     {inst18: counter_FDRE_Q_12 (FD,site=bff)}                                               
   counter[9]                 Net          13            (fanout=1)       1557                     -                                                                                             
   RBB_4/B1                   RBB_6L        4  [TILE 0 0, RBB 19 6]          -     r            4655     {inst9: LED_CARRY4_S_O_1_CARRY4_O_2 (CARRY4)} {inst17: counter_FDRE_Q_11 (FD,site=cff)} 
   ------------------------------------------------------------------------------------------------------------------------------------------------------------------------------------------------
   RBB_4/CLK                  RBB_6L        4  [TILE 0 0, RBB 19 6]       1471     r            6126                                                                                             
   clk                        Clock net     2          (fanout=225)      -2298                     -                                                                                             
   clk                        CLOCK-PORT    -                     -    capture     r            3828                                                                                             
   ------------------------------------------------------------------------------------------------------------------------------------------------------------------------------------------------


Path 23:
   Slack (not met):                         -1953ps
     Path type:                               SETUP
     Group:                              <UDEF_clk>
     Launching clock:                           clk (rising edge)
     Capturing clock:                           clk (rising edge)

     Requested period:                       2000ps
   + Delay of the capturing clock:           2298ps
   - Clock uncertainty:                       150ps
   = Required time:                          4148ps
   - Propagation time:                       3803ps (60.0% logic, 40.0% route, logic stage 1)
   - Delay of the launching clock:           2298ps
   = Slack:                                 -1953ps

   Instance/Pin or Net Name   Type         ID    Location or Fanout   Delay(ps)  Edge  Arrival Time(ps)    Instance detail                                                                       
   ------------------------------------------------------------------------------------------------------------------------------------------------------------------------------------------------
   clk                        CLOCK-PORT    -                     -     launch     r               0                                                                                             
   clk                        Clock net     2          (fanout=225)       2298                     -                                                                                             
   RBB_4/CLK                  RBB_6L        4  [TILE 0 0, RBB 19 6]          -     r            2298                                                                                             
   ------------------------------------------------------------------------------------------------------------------------------------------------------------------------------------------------
   RBB_4/AQ                   RBB_6L        4  [TILE 0 0, RBB 19 6]        800     r            3098     {inst19: counter_FDRE_Q_13 (FD,site=aff)}                                               
   counter[8]                 Net          12            (fanout=1)       1523                     -                                                                                             
   RBB_4/A1                   RBB_6L        4  [TILE 0 0, RBB 19 6]          -     r            4621     {inst9: LED_CARRY4_S_O_1_CARRY4_O_2 (CARRY4)} {inst16: counter_FDRE_Q_10 (FD,site=dff)} 
   ------------------------------------------------------------------------------------------------------------------------------------------------------------------------------------------------
   RBB_4/CLK                  RBB_6L        4  [TILE 0 0, RBB 19 6]       1480     r            6101                                                                                             
   clk                        Clock net     2          (fanout=225)      -2298                     -                                                                                             
   clk                        CLOCK-PORT    -                     -    capture     r            3803                                                                                             
   ------------------------------------------------------------------------------------------------------------------------------------------------------------------------------------------------


Path 65:
   Slack (not met):                         -1917ps
     Path type:                               SETUP
     Group:                              <UDEF_clk>
     Launching clock:                           clk (rising edge)
     Capturing clock:                           clk (rising edge)

     Requested period:                       2000ps
   + Delay of the capturing clock:           2318ps
   - Clock uncertainty:                       150ps
   = Required time:                          4168ps
   - Propagation time:                       3767ps (55.0% logic, 45.0% route, logic stage 1)
   - Delay of the launching clock:           2318ps
   = Slack:                                 -1917ps

   Instance/Pin or Net Name   Type         ID    Location or Fanout   Delay(ps)  Edge  Arrival Time(ps)    Instance detail                                                                      
   -----------------------------------------------------------------------------------------------------------------------------------------------------------------------------------------------
   clk                        CLOCK-PORT    -                     -     launch     r               0                                                                                            
   clk                        Clock net     2          (fanout=225)       2318                     -                                                                                            
   RBB_5/CLK                  RBB_6L        5  [TILE 0 0, RBB 22 6]          -     r            2318                                                                                            
   -----------------------------------------------------------------------------------------------------------------------------------------------------------------------------------------------
   RBB_5/CQ                   RBB_6L        5  [TILE 0 0, RBB 22 6]        800     r            3118     {inst33: counter_FDRE_Q_7 (FD,site=cff)}                                               
   counter[14]                Net          18            (fanout=1)       1694                     -                                                                                            
   RBB_5/C1                   RBB_6L        5  [TILE 0 0, RBB 22 6]          -     r            4812     {inst8: LED_CARRY4_S_O_1_CARRY4_O_1 (CARRY4)} {inst33: counter_FDRE_Q_7 (FD,site=cff)} 
   -----------------------------------------------------------------------------------------------------------------------------------------------------------------------------------------------
   RBB_5/CLK                  RBB_6L        5  [TILE 0 0, RBB 22 6]       1273     r            6085                                                                                            
   clk                        Clock net     2          (fanout=225)      -2318                     -                                                                                            
   clk                        CLOCK-PORT    -                     -    capture     r            3767                                                                                            
   -----------------------------------------------------------------------------------------------------------------------------------------------------------------------------------------------


Path 71:
   Slack (not met):                         -1908ps
     Path type:                               SETUP
     Group:                              <UDEF_clk>
     Launching clock:                           clk (rising edge)
     Capturing clock:                           clk (rising edge)

     Requested period:                       2000ps
   + Delay of the capturing clock:           2298ps
   - Clock uncertainty:                       150ps
   = Required time:                          4148ps
   - Propagation time:                       3758ps (58.6% logic, 41.4% route, logic stage 1)
   - Delay of the launching clock:           2298ps
   = Slack:                                 -1908ps

   Instance/Pin or Net Name   Type         ID    Location or Fanout   Delay(ps)  Edge  Arrival Time(ps)    Instance detail                                                                       
   ------------------------------------------------------------------------------------------------------------------------------------------------------------------------------------------------
   clk                        CLOCK-PORT    -                     -     launch     r               0                                                                                             
   clk                        Clock net     2          (fanout=225)       2298                     -                                                                                             
   RBB_4/CLK                  RBB_6L        4  [TILE 0 0, RBB 19 6]          -     r            2298                                                                                             
   ------------------------------------------------------------------------------------------------------------------------------------------------------------------------------------------------
   RBB_4/BQ                   RBB_6L        4  [TILE 0 0, RBB 19 6]        800     r            3098     {inst18: counter_FDRE_Q_12 (FD,site=bff)}                                               
   counter[9]                 Net          13            (fanout=1)       1557                     -                                                                                             
   RBB_4/B1                   RBB_6L        4  [TILE 0 0, RBB 19 6]          -     r            4655     {inst9: LED_CARRY4_S_O_1_CARRY4_O_2 (CARRY4)} {inst18: counter_FDRE_Q_12 (FD,site=bff)} 
   ------------------------------------------------------------------------------------------------------------------------------------------------------------------------------------------------
   RBB_4/CLK                  RBB_6L        4  [TILE 0 0, RBB 19 6]       1401     r            6056                                                                                             
   clk                        Clock net     2          (fanout=225)      -2298                     -                                                                                             
   clk                        CLOCK-PORT    -                     -    capture     r            3758                                                                                             
   ------------------------------------------------------------------------------------------------------------------------------------------------------------------------------------------------


Path 33:
   Slack (not met):                         -1894ps
     Path type:                               SETUP
     Group:                              <UDEF_clk>
     Launching clock:                           clk (rising edge)
     Capturing clock:                           clk (rising edge)

     Requested period:                       2000ps
   + Delay of the capturing clock:           2298ps
   - Clock uncertainty:                       150ps
   = Required time:                          4148ps
   - Propagation time:                       3744ps (59.3% logic, 40.7% route, logic stage 1)
   - Delay of the launching clock:           2298ps
   = Slack:                                 -1894ps

   Instance/Pin or Net Name   Type         ID    Location or Fanout   Delay(ps)  Edge  Arrival Time(ps)    Instance detail                                                                       
   ------------------------------------------------------------------------------------------------------------------------------------------------------------------------------------------------
   clk                        CLOCK-PORT    -                     -     launch     r               0                                                                                             
   clk                        Clock net     2          (fanout=225)       2298                     -                                                                                             
   RBB_4/CLK                  RBB_6L        4  [TILE 0 0, RBB 19 6]          -     r            2298                                                                                             
   ------------------------------------------------------------------------------------------------------------------------------------------------------------------------------------------------
   RBB_4/AQ                   RBB_6L        4  [TILE 0 0, RBB 19 6]        800     r            3098     {inst19: counter_FDRE_Q_13 (FD,site=aff)}                                               
   counter[8]                 Net          12            (fanout=1)       1523                     -                                                                                             
   RBB_4/A1                   RBB_6L        4  [TILE 0 0, RBB 19 6]          -     r            4621     {inst9: LED_CARRY4_S_O_1_CARRY4_O_2 (CARRY4)} {inst17: counter_FDRE_Q_11 (FD,site=cff)} 
   ------------------------------------------------------------------------------------------------------------------------------------------------------------------------------------------------
   RBB_4/CLK                  RBB_6L        4  [TILE 0 0, RBB 19 6]       1421     r            6042                                                                                             
   clk                        Clock net     2          (fanout=225)      -2298                     -                                                                                             
   clk                        CLOCK-PORT    -                     -    capture     r            3744                                                                                             
   ------------------------------------------------------------------------------------------------------------------------------------------------------------------------------------------------


Path 61:
   Slack (not met):                         -1866ps
     Path type:                               SETUP
     Group:                              <UDEF_clk>
     Launching clock:                           clk (rising edge)
     Capturing clock:                           clk (rising edge)

     Requested period:                       2000ps
   + Delay of the capturing clock:           2319ps
   - Clock uncertainty:                       150ps
   = Required time:                          4169ps
   - Propagation time:                       3716ps (59.8% logic, 40.2% route, logic stage 1)
   - Delay of the launching clock:           2319ps
   = Slack:                                 -1866ps

   Instance/Pin or Net Name   Type         ID    Location or Fanout   Delay(ps)  Edge  Arrival Time(ps)    Instance detail                                                                    
   ---------------------------------------------------------------------------------------------------------------------------------------------------------------------------------------------
   clk                        CLOCK-PORT    -                     -     launch     r               0                                                                                          
   clk                        Clock net     2          (fanout=225)       2319                     -                                                                                          
   RBB_6/CLK                  RBB_6L        6  [TILE 0 0, RBB 25 6]          -     r            2319                                                                                          
   ---------------------------------------------------------------------------------------------------------------------------------------------------------------------------------------------
   RBB_6/DQ                   RBB_6L        6  [TILE 0 0, RBB 25 6]        800     r            3119     {inst26: counter_FDRE_Q_2 (FD,site=dff)}                                             
   counter[19]                Net          23            (fanout=1)       1493                     -                                                                                          
   RBB_6/D1                   RBB_6L        6  [TILE 0 0, RBB 25 6]          -     r            4612     {inst7: LED_CARRY4_S_O_1_CARRY4_O (CARRY4)} {inst26: counter_FDRE_Q_2 (FD,site=dff)} 
   ---------------------------------------------------------------------------------------------------------------------------------------------------------------------------------------------
   RBB_6/CLK                  RBB_6L        6  [TILE 0 0, RBB 25 6]       1423     r            6035                                                                                          
   clk                        Clock net     2          (fanout=225)      -2319                     -                                                                                          
   clk                        CLOCK-PORT    -                     -    capture     r            3716                                                                                          
   ---------------------------------------------------------------------------------------------------------------------------------------------------------------------------------------------


Path 67:
   Slack (not met):                         -1857ps
     Path type:                               SETUP
     Group:                              <UDEF_clk>
     Launching clock:                           clk (rising edge)
     Capturing clock:                           clk (rising edge)

     Requested period:                       2000ps
   + Delay of the capturing clock:           2319ps
   - Clock uncertainty:                       150ps
   = Required time:                          4169ps
   - Propagation time:                       3707ps (62.7% logic, 37.3% route, logic stage 1)
   - Delay of the launching clock:           2319ps
   = Slack:                                 -1857ps

   Instance/Pin or Net Name   Type         ID    Location or Fanout   Delay(ps)  Edge  Arrival Time(ps)    Instance detail                                                                    
   ---------------------------------------------------------------------------------------------------------------------------------------------------------------------------------------------
   clk                        CLOCK-PORT    -                     -     launch     r               0                                                                                          
   clk                        Clock net     2          (fanout=225)       2319                     -                                                                                          
   RBB_6/CLK                  RBB_6L        6  [TILE 0 0, RBB 25 6]          -     r            2319                                                                                          
   ---------------------------------------------------------------------------------------------------------------------------------------------------------------------------------------------
   RBB_6/CQ                   RBB_6L        6  [TILE 0 0, RBB 25 6]        800     r            3119     {inst29: counter_FDRE_Q_3 (FD,site=cff)}                                             
   counter[18]                Net          22            (fanout=1)       1381                     -                                                                                          
   RBB_6/C1                   RBB_6L        6  [TILE 0 0, RBB 25 6]          -     r            4500     {inst7: LED_CARRY4_S_O_1_CARRY4_O (CARRY4)} {inst29: counter_FDRE_Q_3 (FD,site=cff)} 
   ---------------------------------------------------------------------------------------------------------------------------------------------------------------------------------------------
   RBB_6/CLK                  RBB_6L        6  [TILE 0 0, RBB 25 6]       1526     r            6026                                                                                          
   clk                        Clock net     2          (fanout=225)      -2319                     -                                                                                          
   clk                        CLOCK-PORT    -                     -    capture     r            3707                                                                                          
   ---------------------------------------------------------------------------------------------------------------------------------------------------------------------------------------------


Path 59:
   Slack (not met):                         -1853ps
     Path type:                               SETUP
     Group:                              <UDEF_clk>
     Launching clock:                           clk (rising edge)
     Capturing clock:                           clk (rising edge)

     Requested period:                       2000ps
   + Delay of the capturing clock:           2298ps
   - Clock uncertainty:                       150ps
   = Required time:                          4148ps
   - Propagation time:                       3703ps (60.0% logic, 40.0% route, logic stage 1)
   - Delay of the launching clock:           2298ps
   = Slack:                                 -1853ps

   Instance/Pin or Net Name   Type         ID    Location or Fanout   Delay(ps)  Edge  Arrival Time(ps)    Instance detail                                                                       
   ------------------------------------------------------------------------------------------------------------------------------------------------------------------------------------------------
   clk                        CLOCK-PORT    -                     -     launch     r               0                                                                                             
   clk                        Clock net     2          (fanout=225)       2298                     -                                                                                             
   RBB_4/CLK                  RBB_6L        4  [TILE 0 0, RBB 19 6]          -     r            2298                                                                                             
   ------------------------------------------------------------------------------------------------------------------------------------------------------------------------------------------------
   RBB_4/DQ                   RBB_6L        4  [TILE 0 0, RBB 19 6]        800     r            3098     {inst16: counter_FDRE_Q_10 (FD,site=dff)}                                               
   counter[11]                Net          15            (fanout=1)       1480                     -                                                                                             
   RBB_4/D1                   RBB_6L        4  [TILE 0 0, RBB 19 6]          -     r            4578     {inst9: LED_CARRY4_S_O_1_CARRY4_O_2 (CARRY4)} {inst16: counter_FDRE_Q_10 (FD,site=dff)} 
   ------------------------------------------------------------------------------------------------------------------------------------------------------------------------------------------------
   RBB_4/CLK                  RBB_6L        4  [TILE 0 0, RBB 19 6]       1423     r            6001                                                                                             
   clk                        Clock net     2          (fanout=225)      -2298                     -                                                                                             
   clk                        CLOCK-PORT    -                     -    capture     r            3703                                                                                             
   ------------------------------------------------------------------------------------------------------------------------------------------------------------------------------------------------


Path 35:
   Slack (not met):                         -1826ps
     Path type:                               SETUP
     Group:                              <UDEF_clk>
     Launching clock:                           clk (rising edge)
     Capturing clock:                           clk (rising edge)

     Requested period:                       2000ps
   + Delay of the capturing clock:           2318ps
   - Clock uncertainty:                       150ps
   = Required time:                          4168ps
   - Propagation time:                       3676ps (63.7% logic, 36.3% route, logic stage 1)
   - Delay of the launching clock:           2318ps
   = Slack:                                 -1826ps

   Instance/Pin or Net Name   Type         ID    Location or Fanout   Delay(ps)  Edge  Arrival Time(ps)    Instance detail                                                                      
   -----------------------------------------------------------------------------------------------------------------------------------------------------------------------------------------------
   clk                        CLOCK-PORT    -                     -     launch     r               0                                                                                            
   clk                        Clock net     2          (fanout=225)       2318                     -                                                                                            
   RBB_5/CLK                  RBB_6L        5  [TILE 0 0, RBB 22 6]          -     r            2318                                                                                            
   -----------------------------------------------------------------------------------------------------------------------------------------------------------------------------------------------
   RBB_5/AQ                   RBB_6L        5  [TILE 0 0, RBB 22 6]        800     r            3118     {inst35: counter_FDRE_Q_9 (FD,site=aff)}                                               
   counter[12]                Net          16            (fanout=1)       1335                     -                                                                                            
   RBB_5/A1                   RBB_6L        5  [TILE 0 0, RBB 22 6]          -     r            4453     {inst8: LED_CARRY4_S_O_1_CARRY4_O_1 (CARRY4)} {inst33: counter_FDRE_Q_7 (FD,site=cff)} 
   -----------------------------------------------------------------------------------------------------------------------------------------------------------------------------------------------
   RBB_5/CLK                  RBB_6L        5  [TILE 0 0, RBB 22 6]       1541     r            5994                                                                                            
   clk                        Clock net     2          (fanout=225)      -2318                     -                                                                                            
   clk                        CLOCK-PORT    -                     -    capture     r            3676                                                                                            
   -----------------------------------------------------------------------------------------------------------------------------------------------------------------------------------------------


Path 51:
   Slack (not met):                         -1818ps
     Path type:                               SETUP
     Group:                              <UDEF_clk>
     Launching clock:                           clk (rising edge)
     Capturing clock:                           clk (rising edge)

     Requested period:                       2000ps
   + Delay of the capturing clock:           2298ps
   - Clock uncertainty:                       150ps
   = Required time:                          4148ps
   - Propagation time:                       3668ps (58.5% logic, 41.5% route, logic stage 1)
   - Delay of the launching clock:           2298ps
   = Slack:                                 -1818ps

   Instance/Pin or Net Name   Type         ID    Location or Fanout   Delay(ps)  Edge  Arrival Time(ps)    Instance detail                                                                       
   ------------------------------------------------------------------------------------------------------------------------------------------------------------------------------------------------
   clk                        CLOCK-PORT    -                     -     launch     r               0                                                                                             
   clk                        Clock net     2          (fanout=225)       2298                     -                                                                                             
   RBB_4/CLK                  RBB_6L        4  [TILE 0 0, RBB 19 6]          -     r            2298                                                                                             
   ------------------------------------------------------------------------------------------------------------------------------------------------------------------------------------------------
   RBB_4/AQ                   RBB_6L        4  [TILE 0 0, RBB 19 6]        800     r            3098     {inst19: counter_FDRE_Q_13 (FD,site=aff)}                                               
   counter[8]                 Net          12            (fanout=1)       1523                     -                                                                                             
   RBB_4/A1                   RBB_6L        4  [TILE 0 0, RBB 19 6]          -     r            4621     {inst9: LED_CARRY4_S_O_1_CARRY4_O_2 (CARRY4)} {inst19: counter_FDRE_Q_13 (FD,site=aff)} 
   ------------------------------------------------------------------------------------------------------------------------------------------------------------------------------------------------
   RBB_4/CLK                  RBB_6L        4  [TILE 0 0, RBB 19 6]       1345     r            5966                                                                                             
   clk                        Clock net     2          (fanout=225)      -2298                     -                                                                                             
   clk                        CLOCK-PORT    -                     -    capture     r            3668                                                                                             
   ------------------------------------------------------------------------------------------------------------------------------------------------------------------------------------------------


Path 66:
   Slack (not met):                         -1816ps
     Path type:                               SETUP
     Group:                              <UDEF_clk>
     Launching clock:                           clk (rising edge)
     Capturing clock:                           clk (rising edge)

     Requested period:                       2000ps
   + Delay of the capturing clock:           2298ps
   - Clock uncertainty:                       150ps
   = Required time:                          4148ps
   - Propagation time:                       3666ps (63.4% logic, 36.6% route, logic stage 1)
   - Delay of the launching clock:           2298ps
   = Slack:                                 -1816ps

   Instance/Pin or Net Name   Type         ID    Location or Fanout   Delay(ps)  Edge  Arrival Time(ps)    Instance detail                                                                       
   ------------------------------------------------------------------------------------------------------------------------------------------------------------------------------------------------
   clk                        CLOCK-PORT    -                     -     launch     r               0                                                                                             
   clk                        Clock net     2          (fanout=225)       2298                     -                                                                                             
   RBB_4/CLK                  RBB_6L        4  [TILE 0 0, RBB 19 6]          -     r            2298                                                                                             
   ------------------------------------------------------------------------------------------------------------------------------------------------------------------------------------------------
   RBB_4/CQ                   RBB_6L        4  [TILE 0 0, RBB 19 6]        800     r            3098     {inst17: counter_FDRE_Q_11 (FD,site=cff)}                                               
   counter[10]                Net          14            (fanout=1)       1340                     -                                                                                             
   RBB_4/C1                   RBB_6L        4  [TILE 0 0, RBB 19 6]          -     r            4438     {inst9: LED_CARRY4_S_O_1_CARRY4_O_2 (CARRY4)} {inst17: counter_FDRE_Q_11 (FD,site=cff)} 
   ------------------------------------------------------------------------------------------------------------------------------------------------------------------------------------------------
   RBB_4/CLK                  RBB_6L        4  [TILE 0 0, RBB 19 6]       1526     r            5964                                                                                             
   clk                        Clock net     2          (fanout=225)      -2298                     -                                                                                             
   clk                        CLOCK-PORT    -                     -    capture     r            3666                                                                                             
   ------------------------------------------------------------------------------------------------------------------------------------------------------------------------------------------------


Path 24:
   Slack (not met):                         -1809ps
     Path type:                               SETUP
     Group:                              <UDEF_clk>
     Launching clock:                           clk (rising edge)
     Capturing clock:                           clk (rising edge)

     Requested period:                       2000ps
   + Delay of the capturing clock:           2318ps
   - Clock uncertainty:                       150ps
   = Required time:                          4168ps
   - Propagation time:                       3659ps (63.5% logic, 36.5% route, logic stage 1)
   - Delay of the launching clock:           2318ps
   = Slack:                                 -1809ps

   Instance/Pin or Net Name   Type         ID    Location or Fanout   Delay(ps)  Edge  Arrival Time(ps)    Instance detail                                                                      
   -----------------------------------------------------------------------------------------------------------------------------------------------------------------------------------------------
   clk                        CLOCK-PORT    -                     -     launch     r               0                                                                                            
   clk                        Clock net     2          (fanout=225)       2318                     -                                                                                            
   RBB_5/CLK                  RBB_6L        5  [TILE 0 0, RBB 22 6]          -     r            2318                                                                                            
   -----------------------------------------------------------------------------------------------------------------------------------------------------------------------------------------------
   RBB_5/AQ                   RBB_6L        5  [TILE 0 0, RBB 22 6]        800     r            3118     {inst35: counter_FDRE_Q_9 (FD,site=aff)}                                               
   counter[12]                Net          16            (fanout=1)       1335                     -                                                                                            
   RBB_5/A1                   RBB_6L        5  [TILE 0 0, RBB 22 6]          -     r            4453     {inst8: LED_CARRY4_S_O_1_CARRY4_O_1 (CARRY4)} {inst32: counter_FDRE_Q_6 (FD,site=dff)} 
   -----------------------------------------------------------------------------------------------------------------------------------------------------------------------------------------------
   RBB_5/CLK                  RBB_6L        5  [TILE 0 0, RBB 22 6]       1524     r            5977                                                                                            
   clk                        Clock net     2          (fanout=225)      -2318                     -                                                                                            
   clk                        CLOCK-PORT    -                     -    capture     r            3659                                                                                            
   -----------------------------------------------------------------------------------------------------------------------------------------------------------------------------------------------


Path 42:
   Slack (not met):                         -1803ps
     Path type:                               SETUP
     Group:                              <UDEF_clk>
     Launching clock:                           clk (rising edge)
     Capturing clock:                           clk (rising edge)

     Requested period:                       2000ps
   + Delay of the capturing clock:           2319ps
   - Clock uncertainty:                       150ps
   = Required time:                          4169ps
   - Propagation time:                       3653ps (65.0% logic, 35.0% route, logic stage 1)
   - Delay of the launching clock:           2319ps
   = Slack:                                 -1803ps

   Instance/Pin or Net Name   Type         ID    Location or Fanout   Delay(ps)  Edge  Arrival Time(ps)    Instance detail                                                                    
   ---------------------------------------------------------------------------------------------------------------------------------------------------------------------------------------------
   clk                        CLOCK-PORT    -                     -     launch     r               0                                                                                          
   clk                        Clock net     2          (fanout=225)       2319                     -                                                                                          
   RBB_6/CLK                  RBB_6L        6  [TILE 0 0, RBB 25 6]          -     r            2319                                                                                          
   ---------------------------------------------------------------------------------------------------------------------------------------------------------------------------------------------
   RBB_6/BQ                   RBB_6L        6  [TILE 0 0, RBB 25 6]        800     r            3119     {inst30: counter_FDRE_Q_4 (FD,site=bff)}                                             
   counter[17]                Net          21            (fanout=1)       1280                     -                                                                                          
   RBB_6/B1                   RBB_6L        6  [TILE 0 0, RBB 25 6]          -     r            4399     {inst7: LED_CARRY4_S_O_1_CARRY4_O (CARRY4)} {inst26: counter_FDRE_Q_2 (FD,site=dff)} 
   ---------------------------------------------------------------------------------------------------------------------------------------------------------------------------------------------
   RBB_6/CLK                  RBB_6L        6  [TILE 0 0, RBB 25 6]       1573     r            5972                                                                                          
   clk                        Clock net     2          (fanout=225)      -2319                     -                                                                                          
   clk                        CLOCK-PORT    -                     -    capture     r            3653                                                                                          
   ---------------------------------------------------------------------------------------------------------------------------------------------------------------------------------------------


Path 44:
   Slack (not met):                         -1801ps
     Path type:                               SETUP
     Group:                              <UDEF_clk>
     Launching clock:                           clk (rising edge)
     Capturing clock:                           clk (rising edge)

     Requested period:                       2000ps
   + Delay of the capturing clock:           2318ps
   - Clock uncertainty:                       150ps
   = Required time:                          4168ps
   - Propagation time:                       3651ps (61.6% logic, 38.4% route, logic stage 1)
   - Delay of the launching clock:           2318ps
   = Slack:                                 -1801ps

   Instance/Pin or Net Name   Type         ID    Location or Fanout   Delay(ps)  Edge  Arrival Time(ps)    Instance detail                                                                      
   -----------------------------------------------------------------------------------------------------------------------------------------------------------------------------------------------
   clk                        CLOCK-PORT    -                     -     launch     r               0                                                                                            
   clk                        Clock net     2          (fanout=225)       2318                     -                                                                                            
   RBB_5/CLK                  RBB_6L        5  [TILE 0 0, RBB 22 6]          -     r            2318                                                                                            
   -----------------------------------------------------------------------------------------------------------------------------------------------------------------------------------------------
   RBB_5/BQ                   RBB_6L        5  [TILE 0 0, RBB 22 6]        800     r            3118     {inst34: counter_FDRE_Q_8 (FD,site=bff)}                                               
   counter[13]                Net          17            (fanout=1)       1403                     -                                                                                            
   RBB_5/B1                   RBB_6L        5  [TILE 0 0, RBB 22 6]          -     r            4521     {inst8: LED_CARRY4_S_O_1_CARRY4_O_1 (CARRY4)} {inst32: counter_FDRE_Q_6 (FD,site=dff)} 
   -----------------------------------------------------------------------------------------------------------------------------------------------------------------------------------------------
   RBB_5/CLK                  RBB_6L        5  [TILE 0 0, RBB 22 6]       1448     r            5969                                                                                            
   clk                        Clock net     2          (fanout=225)      -2318                     -                                                                                            
   clk                        CLOCK-PORT    -                     -    capture     r            3651                                                                                            
   -----------------------------------------------------------------------------------------------------------------------------------------------------------------------------------------------


Path 53:
   Slack (not met):                         -1786ps
     Path type:                               SETUP
     Group:                              <UDEF_clk>
     Launching clock:                           clk (rising edge)
     Capturing clock:                           clk (rising edge)

     Requested period:                       2000ps
   + Delay of the capturing clock:           2318ps
   - Clock uncertainty:                       150ps
   = Required time:                          4168ps
   - Propagation time:                       3636ps (61.4% logic, 38.6% route, logic stage 1)
   - Delay of the launching clock:           2318ps
   = Slack:                                 -1786ps

   Instance/Pin or Net Name   Type         ID    Location or Fanout   Delay(ps)  Edge  Arrival Time(ps)    Instance detail                                                                      
   -----------------------------------------------------------------------------------------------------------------------------------------------------------------------------------------------
   clk                        CLOCK-PORT    -                     -     launch     r               0                                                                                            
   clk                        Clock net     2          (fanout=225)       2318                     -                                                                                            
   RBB_5/CLK                  RBB_6L        5  [TILE 0 0, RBB 22 6]          -     r            2318                                                                                            
   -----------------------------------------------------------------------------------------------------------------------------------------------------------------------------------------------
   RBB_5/BQ                   RBB_6L        5  [TILE 0 0, RBB 22 6]        800     r            3118     {inst34: counter_FDRE_Q_8 (FD,site=bff)}                                               
   counter[13]                Net          17            (fanout=1)       1403                     -                                                                                            
   RBB_5/B1                   RBB_6L        5  [TILE 0 0, RBB 22 6]          -     r            4521     {inst8: LED_CARRY4_S_O_1_CARRY4_O_1 (CARRY4)} {inst33: counter_FDRE_Q_7 (FD,site=cff)} 
   -----------------------------------------------------------------------------------------------------------------------------------------------------------------------------------------------
   RBB_5/CLK                  RBB_6L        5  [TILE 0 0, RBB 22 6]       1433     r            5954                                                                                            
   clk                        Clock net     2          (fanout=225)      -2318                     -                                                                                            
   clk                        CLOCK-PORT    -                     -    capture     r            3636                                                                                            
   -----------------------------------------------------------------------------------------------------------------------------------------------------------------------------------------------


Path 26:
   Slack (not met):                         -1784ps
     Path type:                               SETUP
     Group:                              <UDEF_clk>
     Launching clock:                           clk (rising edge)
     Capturing clock:                           clk (rising edge)

     Requested period:                       2000ps
   + Delay of the capturing clock:           2294ps
   - Clock uncertainty:                       150ps
   = Required time:                          4144ps
   - Propagation time:                       3634ps (64.0% logic, 36.0% route, logic stage 1)
   - Delay of the launching clock:           2294ps
   = Slack:                                 -1784ps

   Instance/Pin or Net Name   Type         ID    Location or Fanout   Delay(ps)  Edge  Arrival Time(ps)    Instance detail                                                                        
   -------------------------------------------------------------------------------------------------------------------------------------------------------------------------------------------------
   clk                        CLOCK-PORT    -                     -     launch     r               0                                                                                              
   clk                        Clock net     2          (fanout=225)       2294                     -                                                                                              
   RBB_3/CLK                  RBB_6L        3  [TILE 0 0, RBB 16 6]          -     r            2294                                                                                              
   -------------------------------------------------------------------------------------------------------------------------------------------------------------------------------------------------
   RBB_3/CQ                   RBB_6L        3  [TILE 0 0, RBB 16 6]        800     r            3094     {inst21: counter_FDRE_Q_15 (FD,site=cff)}                                                
   counter[6]                 Net          10            (fanout=1)       1309                     -                                                                                              
   RBB_3/C1                   RBB_6L        3  [TILE 0 0, RBB 16 6]          -     r            4403     {inst10: LED_CARRY4_S_O_1_CARRY4_O_3 (CARRY4)} {inst20: counter_FDRE_Q_14 (FD,site=dff)} 
   -------------------------------------------------------------------------------------------------------------------------------------------------------------------------------------------------
   RBB_3/CLK                  RBB_6L        3  [TILE 0 0, RBB 16 6]       1525     r            5928                                                                                              
   clk                        Clock net     2          (fanout=225)      -2294                     -                                                                                              
   clk                        CLOCK-PORT    -                     -    capture     r            3634                                                                                              
   -------------------------------------------------------------------------------------------------------------------------------------------------------------------------------------------------


Path 37:
   Slack (not met):                         -1780ps
     Path type:                               SETUP
     Group:                              <UDEF_clk>
     Launching clock:                           clk (rising edge)
     Capturing clock:                           clk (rising edge)

     Requested period:                       2000ps
   + Delay of the capturing clock:           2298ps
   - Clock uncertainty:                       150ps
   = Required time:                          4148ps
   - Propagation time:                       3630ps (58.0% logic, 42.0% route, logic stage 1)
   - Delay of the launching clock:           2298ps
   = Slack:                                 -1780ps

   Instance/Pin or Net Name   Type         ID    Location or Fanout   Delay(ps)  Edge  Arrival Time(ps)    Instance detail                                                                       
   ------------------------------------------------------------------------------------------------------------------------------------------------------------------------------------------------
   clk                        CLOCK-PORT    -                     -     launch     r               0                                                                                             
   clk                        Clock net     2          (fanout=225)       2298                     -                                                                                             
   RBB_4/CLK                  RBB_6L        4  [TILE 0 0, RBB 19 6]          -     r            2298                                                                                             
   ------------------------------------------------------------------------------------------------------------------------------------------------------------------------------------------------
   RBB_4/AQ                   RBB_6L        4  [TILE 0 0, RBB 19 6]        800     r            3098     {inst19: counter_FDRE_Q_13 (FD,site=aff)}                                               
   counter[8]                 Net          12            (fanout=1)       1523                     -                                                                                             
   RBB_4/A1                   RBB_6L        4  [TILE 0 0, RBB 19 6]          -     r            4621     {inst9: LED_CARRY4_S_O_1_CARRY4_O_2 (CARRY4)} {inst18: counter_FDRE_Q_12 (FD,site=bff)} 
   ------------------------------------------------------------------------------------------------------------------------------------------------------------------------------------------------
   RBB_4/CLK                  RBB_6L        4  [TILE 0 0, RBB 19 6]       1307     r            5928                                                                                             
   clk                        Clock net     2          (fanout=225)      -2298                     -                                                                                             
   clk                        CLOCK-PORT    -                     -    capture     r            3630                                                                                             
   ------------------------------------------------------------------------------------------------------------------------------------------------------------------------------------------------


Path 30:
   Slack (not met):                         -1768ps
     Path type:                               SETUP
     Group:                              <UDEF_clk>
     Launching clock:                           clk (rising edge)
     Capturing clock:                           clk (rising edge)

     Requested period:                       2000ps
   + Delay of the capturing clock:           2294ps
   - Clock uncertainty:                       150ps
   = Required time:                          4144ps
   - Propagation time:                       3618ps (64.7% logic, 35.3% route, logic stage 1)
   - Delay of the launching clock:           2294ps
   = Slack:                                 -1768ps

   Instance/Pin or Net Name   Type         ID    Location or Fanout   Delay(ps)  Edge  Arrival Time(ps)    Instance detail                                                                        
   -------------------------------------------------------------------------------------------------------------------------------------------------------------------------------------------------
   clk                        CLOCK-PORT    -                     -     launch     r               0                                                                                              
   clk                        Clock net     2          (fanout=225)       2294                     -                                                                                              
   RBB_3/CLK                  RBB_6L        3  [TILE 0 0, RBB 16 6]          -     r            2294                                                                                              
   -------------------------------------------------------------------------------------------------------------------------------------------------------------------------------------------------
   RBB_3/AQ                   RBB_6L        3  [TILE 0 0, RBB 16 6]        800     r            3094     {inst23: counter_FDRE_Q_17 (FD,site=aff)}                                                
   counter[4]                 Net           8            (fanout=1)       1277                     -                                                                                              
   RBB_3/A1                   RBB_6L        3  [TILE 0 0, RBB 16 6]          -     r            4371     {inst10: LED_CARRY4_S_O_1_CARRY4_O_3 (CARRY4)} {inst21: counter_FDRE_Q_15 (FD,site=cff)} 
   -------------------------------------------------------------------------------------------------------------------------------------------------------------------------------------------------
   RBB_3/CLK                  RBB_6L        3  [TILE 0 0, RBB 16 6]       1541     r            5912                                                                                              
   clk                        Clock net     2          (fanout=225)      -2294                     -                                                                                              
   clk                        CLOCK-PORT    -                     -    capture     r            3618                                                                                              
   -------------------------------------------------------------------------------------------------------------------------------------------------------------------------------------------------


Path 36:
   Slack (not met):                         -1761ps
     Path type:                               SETUP
     Group:                              <UDEF_clk>
     Launching clock:                           clk (rising edge)
     Capturing clock:                           clk (rising edge)

     Requested period:                       2000ps
   + Delay of the capturing clock:           2318ps
   - Clock uncertainty:                       150ps
   = Required time:                          4168ps
   - Propagation time:                       3611ps (63.0% logic, 37.0% route, logic stage 1)
   - Delay of the launching clock:           2318ps
   = Slack:                                 -1761ps

   Instance/Pin or Net Name   Type         ID    Location or Fanout   Delay(ps)  Edge  Arrival Time(ps)    Instance detail                                                                      
   -----------------------------------------------------------------------------------------------------------------------------------------------------------------------------------------------
   clk                        CLOCK-PORT    -                     -     launch     r               0                                                                                            
   clk                        Clock net     2          (fanout=225)       2318                     -                                                                                            
   RBB_5/CLK                  RBB_6L        5  [TILE 0 0, RBB 22 6]          -     r            2318                                                                                            
   -----------------------------------------------------------------------------------------------------------------------------------------------------------------------------------------------
   RBB_5/AQ                   RBB_6L        5  [TILE 0 0, RBB 22 6]        800     r            3118     {inst35: counter_FDRE_Q_9 (FD,site=aff)}                                               
   counter[12]                Net          16            (fanout=1)       1335                     -                                                                                            
   RBB_5/A1                   RBB_6L        5  [TILE 0 0, RBB 22 6]          -     r            4453     {inst8: LED_CARRY4_S_O_1_CARRY4_O_1 (CARRY4)} {inst34: counter_FDRE_Q_8 (FD,site=bff)} 
   -----------------------------------------------------------------------------------------------------------------------------------------------------------------------------------------------
   RBB_5/CLK                  RBB_6L        5  [TILE 0 0, RBB 22 6]       1476     r            5929                                                                                            
   clk                        Clock net     2          (fanout=225)      -2318                     -                                                                                            
   clk                        CLOCK-PORT    -                     -    capture     r            3611                                                                                            
   -----------------------------------------------------------------------------------------------------------------------------------------------------------------------------------------------


Path 31:
   Slack (not met):                         -1755ps
     Path type:                               SETUP
     Group:                              <UDEF_clk>
     Launching clock:                           clk (rising edge)
     Capturing clock:                           clk (rising edge)

     Requested period:                       2000ps
   + Delay of the capturing clock:           2327ps
   - Clock uncertainty:                       150ps
   = Required time:                          4177ps
   - Propagation time:                       3605ps (64.9% logic, 35.1% route, logic stage 1)
   - Delay of the launching clock:           2327ps
   = Slack:                                 -1755ps

   Instance/Pin or Net Name   Type         ID    Location or Fanout   Delay(ps)  Edge  Arrival Time(ps)    Instance detail                                                 
   --------------------------------------------------------------------------------------------------------------------------------------------------------------------------
   clk                        CLOCK-PORT    -                     -     launch     r               0                                                                       
   clk                        Clock net     2          (fanout=225)       2327                     -                                                                       
   RBB_7/CLK                  RBB_6L        7  [TILE 0 0, RBB 28 6]          -     r            2327                                                                       
   --------------------------------------------------------------------------------------------------------------------------------------------------------------------------
   RBB_7/AQ                   RBB_6L        7  [TILE 0 0, RBB 28 6]        800     r            3127     {inst15: counter_FDRE_Q_1 (FD,site=aff)}                          
   counter[20]                Net          24            (fanout=1)       1264                     -                                                                       
   RBB_7/A1                   RBB_6L        7  [TILE 0 0, RBB 28 6]          -     r            4391     {inst6: LED_CARRY4_S (CARRY4)} {inst13: LED_FDRE_Q (FD,site=cff)} 
   --------------------------------------------------------------------------------------------------------------------------------------------------------------------------
   RBB_7/CLK                  RBB_6L        7  [TILE 0 0, RBB 28 6]       1541     r            5932                                                                       
   clk                        Clock net     2          (fanout=225)      -2327                     -                                                                       
   clk                        CLOCK-PORT    -                     -    capture     r            3605                                                                       
   --------------------------------------------------------------------------------------------------------------------------------------------------------------------------


Path 20:
   Slack (not met):                         -1751ps
     Path type:                               SETUP
     Group:                              <UDEF_clk>
     Launching clock:                           clk (rising edge)
     Capturing clock:                           clk (rising edge)

     Requested period:                       2000ps
   + Delay of the capturing clock:           2294ps
   - Clock uncertainty:                       150ps
   = Required time:                          4144ps
   - Propagation time:                       3601ps (64.5% logic, 35.5% route, logic stage 1)
   - Delay of the launching clock:           2294ps
   = Slack:                                 -1751ps

   Instance/Pin or Net Name   Type         ID    Location or Fanout   Delay(ps)  Edge  Arrival Time(ps)    Instance detail                                                                        
   -------------------------------------------------------------------------------------------------------------------------------------------------------------------------------------------------
   clk                        CLOCK-PORT    -                     -     launch     r               0                                                                                              
   clk                        Clock net     2          (fanout=225)       2294                     -                                                                                              
   RBB_3/CLK                  RBB_6L        3  [TILE 0 0, RBB 16 6]          -     r            2294                                                                                              
   -------------------------------------------------------------------------------------------------------------------------------------------------------------------------------------------------
   RBB_3/AQ                   RBB_6L        3  [TILE 0 0, RBB 16 6]        800     r            3094     {inst23: counter_FDRE_Q_17 (FD,site=aff)}                                                
   counter[4]                 Net           8            (fanout=1)       1277                     -                                                                                              
   RBB_3/A1                   RBB_6L        3  [TILE 0 0, RBB 16 6]          -     r            4371     {inst10: LED_CARRY4_S_O_1_CARRY4_O_3 (CARRY4)} {inst20: counter_FDRE_Q_14 (FD,site=dff)} 
   -------------------------------------------------------------------------------------------------------------------------------------------------------------------------------------------------
   RBB_3/CLK                  RBB_6L        3  [TILE 0 0, RBB 16 6]       1524     r            5895                                                                                              
   clk                        Clock net     2          (fanout=225)      -2294                     -                                                                                              
   clk                        CLOCK-PORT    -                     -    capture     r            3601                                                                                              
   -------------------------------------------------------------------------------------------------------------------------------------------------------------------------------------------------


Path 45:
   Slack (not met):                         -1746ps
     Path type:                               SETUP
     Group:                              <UDEF_clk>
     Launching clock:                           clk (rising edge)
     Capturing clock:                           clk (rising edge)

     Requested period:                       2000ps
   + Delay of the capturing clock:           2294ps
   - Clock uncertainty:                       150ps
   = Required time:                          4144ps
   - Propagation time:                       3596ps (62.5% logic, 37.5% route, logic stage 1)
   - Delay of the launching clock:           2294ps
   = Slack:                                 -1746ps

   Instance/Pin or Net Name   Type         ID    Location or Fanout   Delay(ps)  Edge  Arrival Time(ps)    Instance detail                                                                        
   -------------------------------------------------------------------------------------------------------------------------------------------------------------------------------------------------
   clk                        CLOCK-PORT    -                     -     launch     r               0                                                                                              
   clk                        Clock net     2          (fanout=225)       2294                     -                                                                                              
   RBB_3/CLK                  RBB_6L        3  [TILE 0 0, RBB 16 6]          -     r            2294                                                                                              
   -------------------------------------------------------------------------------------------------------------------------------------------------------------------------------------------------
   RBB_3/BQ                   RBB_6L        3  [TILE 0 0, RBB 16 6]        800     r            3094     {inst22: counter_FDRE_Q_16 (FD,site=bff)}                                                
   counter[5]                 Net           9            (fanout=1)       1348                     -                                                                                              
   RBB_3/B1                   RBB_6L        3  [TILE 0 0, RBB 16 6]          -     r            4442     {inst10: LED_CARRY4_S_O_1_CARRY4_O_3 (CARRY4)} {inst20: counter_FDRE_Q_14 (FD,site=dff)} 
   -------------------------------------------------------------------------------------------------------------------------------------------------------------------------------------------------
   RBB_3/CLK                  RBB_6L        3  [TILE 0 0, RBB 16 6]       1448     r            5890                                                                                              
   clk                        Clock net     2          (fanout=225)      -2294                     -                                                                                              
   clk                        CLOCK-PORT    -                     -    capture     r            3596                                                                                              
   -------------------------------------------------------------------------------------------------------------------------------------------------------------------------------------------------


Path 55:
   Slack (not met):                         -1742ps
     Path type:                               SETUP
     Group:                              <UDEF_clk>
     Launching clock:                           clk (rising edge)
     Capturing clock:                           clk (rising edge)

     Requested period:                       2000ps
   + Delay of the capturing clock:           2327ps
   - Clock uncertainty:                       150ps
   = Required time:                          4177ps
   - Propagation time:                       3592ps (62.2% logic, 37.8% route, logic stage 1)
   - Delay of the launching clock:           2327ps
   = Slack:                                 -1742ps

   Instance/Pin or Net Name   Type         ID    Location or Fanout   Delay(ps)  Edge  Arrival Time(ps)    Instance detail                                                 
   --------------------------------------------------------------------------------------------------------------------------------------------------------------------------
   clk                        CLOCK-PORT    -                     -     launch     r               0                                                                       
   clk                        Clock net     2          (fanout=225)       2327                     -                                                                       
   RBB_7/CLK                  RBB_6L        7  [TILE 0 0, RBB 28 6]          -     r            2327                                                                       
   --------------------------------------------------------------------------------------------------------------------------------------------------------------------------
   RBB_7/BQ                   RBB_6L        7  [TILE 0 0, RBB 28 6]        800     r            3127     {inst14: counter_FDRE_Q (FD,site=bff)}                            
   counter[21]                Net          25            (fanout=1)       1359                     -                                                                       
   RBB_7/B1                   RBB_6L        7  [TILE 0 0, RBB 28 6]          -     r            4486     {inst6: LED_CARRY4_S (CARRY4)} {inst13: LED_FDRE_Q (FD,site=cff)} 
   --------------------------------------------------------------------------------------------------------------------------------------------------------------------------
   RBB_7/CLK                  RBB_6L        7  [TILE 0 0, RBB 28 6]       1433     r            5919                                                                       
   clk                        Clock net     2          (fanout=225)      -2327                     -                                                                       
   clk                        CLOCK-PORT    -                     -    capture     r            3592                                                                       
   --------------------------------------------------------------------------------------------------------------------------------------------------------------------------


Path 56:
   Slack (not met):                         -1731ps
     Path type:                               SETUP
     Group:                              <UDEF_clk>
     Launching clock:                           clk (rising edge)
     Capturing clock:                           clk (rising edge)

     Requested period:                       2000ps
   + Delay of the capturing clock:           2294ps
   - Clock uncertainty:                       150ps
   = Required time:                          4144ps
   - Propagation time:                       3581ps (62.4% logic, 37.6% route, logic stage 1)
   - Delay of the launching clock:           2294ps
   = Slack:                                 -1731ps

   Instance/Pin or Net Name   Type         ID    Location or Fanout   Delay(ps)  Edge  Arrival Time(ps)    Instance detail                                                                        
   -------------------------------------------------------------------------------------------------------------------------------------------------------------------------------------------------
   clk                        CLOCK-PORT    -                     -     launch     r               0                                                                                              
   clk                        Clock net     2          (fanout=225)       2294                     -                                                                                              
   RBB_3/CLK                  RBB_6L        3  [TILE 0 0, RBB 16 6]          -     r            2294                                                                                              
   -------------------------------------------------------------------------------------------------------------------------------------------------------------------------------------------------
   RBB_3/BQ                   RBB_6L        3  [TILE 0 0, RBB 16 6]        800     r            3094     {inst22: counter_FDRE_Q_16 (FD,site=bff)}                                                
   counter[5]                 Net           9            (fanout=1)       1348                     -                                                                                              
   RBB_3/B1                   RBB_6L        3  [TILE 0 0, RBB 16 6]          -     r            4442     {inst10: LED_CARRY4_S_O_1_CARRY4_O_3 (CARRY4)} {inst21: counter_FDRE_Q_15 (FD,site=cff)} 
   -------------------------------------------------------------------------------------------------------------------------------------------------------------------------------------------------
   RBB_3/CLK                  RBB_6L        3  [TILE 0 0, RBB 16 6]       1433     r            5875                                                                                              
   clk                        Clock net     2          (fanout=225)      -2294                     -                                                                                              
   clk                        CLOCK-PORT    -                     -    capture     r            3581                                                                                              
   -------------------------------------------------------------------------------------------------------------------------------------------------------------------------------------------------


Path 49:
   Slack (not met):                         -1709ps
     Path type:                               SETUP
     Group:                              <UDEF_clk>
     Launching clock:                           clk (rising edge)
     Capturing clock:                           clk (rising edge)

     Requested period:                       2000ps
   + Delay of the capturing clock:           2318ps
   - Clock uncertainty:                       150ps
   = Required time:                          4168ps
   - Propagation time:                       3559ps (62.5% logic, 37.5% route, logic stage 1)
   - Delay of the launching clock:           2318ps
   = Slack:                                 -1709ps

   Instance/Pin or Net Name   Type         ID    Location or Fanout   Delay(ps)  Edge  Arrival Time(ps)    Instance detail                                                                      
   -----------------------------------------------------------------------------------------------------------------------------------------------------------------------------------------------
   clk                        CLOCK-PORT    -                     -     launch     r               0                                                                                            
   clk                        Clock net     2          (fanout=225)       2318                     -                                                                                            
   RBB_5/CLK                  RBB_6L        5  [TILE 0 0, RBB 22 6]          -     r            2318                                                                                            
   -----------------------------------------------------------------------------------------------------------------------------------------------------------------------------------------------
   RBB_5/AQ                   RBB_6L        5  [TILE 0 0, RBB 22 6]        800     r            3118     {inst35: counter_FDRE_Q_9 (FD,site=aff)}                                               
   counter[12]                Net          16            (fanout=1)       1335                     -                                                                                            
   RBB_5/A1                   RBB_6L        5  [TILE 0 0, RBB 22 6]          -     r            4453     {inst8: LED_CARRY4_S_O_1_CARRY4_O_1 (CARRY4)} {inst35: counter_FDRE_Q_9 (FD,site=aff)} 
   -----------------------------------------------------------------------------------------------------------------------------------------------------------------------------------------------
   RBB_5/CLK                  RBB_6L        5  [TILE 0 0, RBB 22 6]       1424     r            5877                                                                                            
   clk                        Clock net     2          (fanout=225)      -2318                     -                                                                                            
   clk                        CLOCK-PORT    -                     -    capture     r            3559                                                                                            
   -----------------------------------------------------------------------------------------------------------------------------------------------------------------------------------------------


Path 27:
   Slack (not met):                         -1705ps
     Path type:                               SETUP
     Group:                              <UDEF_clk>
     Launching clock:                           clk (rising edge)
     Capturing clock:                           clk (rising edge)

     Requested period:                       2000ps
   + Delay of the capturing clock:           2296ps
   - Clock uncertainty:                       150ps
   = Required time:                          4146ps
   - Propagation time:                       3555ps (65.4% logic, 34.6% route, logic stage 1)
   - Delay of the launching clock:           2296ps
   = Slack:                                 -1705ps

   Instance/Pin or Net Name   Type         ID    Location or Fanout   Delay(ps)  Edge  Arrival Time(ps)    Instance detail                                                                        
   -------------------------------------------------------------------------------------------------------------------------------------------------------------------------------------------------
   clk                        CLOCK-PORT    -                     -     launch     r               0                                                                                              
   clk                        Clock net     2          (fanout=225)       2296                     -                                                                                              
   RBB_2/CLK                  RBB_6L        2  [TILE 0 0, RBB 13 6]          -     r            2296                                                                                              
   -------------------------------------------------------------------------------------------------------------------------------------------------------------------------------------------------
   RBB_2/CQ                   RBB_6L        2  [TILE 0 0, RBB 13 6]        800     r            3096     {inst25: counter_FDRE_Q_19 (FD,site=cff)}                                                
   counter[2]                 Net           6            (fanout=1)       1231                     -                                                                                              
   RBB_2/C1                   RBB_6L        2  [TILE 0 0, RBB 13 6]          -     r            4327     {inst11: LED_CARRY4_S_O_1_CARRY4_O_4 (CARRY4)} {inst24: counter_FDRE_Q_18 (FD,site=dff)} 
   -------------------------------------------------------------------------------------------------------------------------------------------------------------------------------------------------
   RBB_2/CLK                  RBB_6L        2  [TILE 0 0, RBB 13 6]       1524     r            5851                                                                                              
   clk                        Clock net     2          (fanout=225)      -2296                     -                                                                                              
   clk                        CLOCK-PORT    -                     -    capture     r            3555                                                                                              
   -------------------------------------------------------------------------------------------------------------------------------------------------------------------------------------------------


Path 40:
   Slack (not met):                         -1703ps
     Path type:                               SETUP
     Group:                              <UDEF_clk>
     Launching clock:                           clk (rising edge)
     Capturing clock:                           clk (rising edge)

     Requested period:                       2000ps
   + Delay of the capturing clock:           2294ps
   - Clock uncertainty:                       150ps
   = Required time:                          4144ps
   - Propagation time:                       3553ps (64.1% logic, 35.9% route, logic stage 1)
   - Delay of the launching clock:           2294ps
   = Slack:                                 -1703ps

   Instance/Pin or Net Name   Type         ID    Location or Fanout   Delay(ps)  Edge  Arrival Time(ps)    Instance detail                                                                        
   -------------------------------------------------------------------------------------------------------------------------------------------------------------------------------------------------
   clk                        CLOCK-PORT    -                     -     launch     r               0                                                                                              
   clk                        Clock net     2          (fanout=225)       2294                     -                                                                                              
   RBB_3/CLK                  RBB_6L        3  [TILE 0 0, RBB 16 6]          -     r            2294                                                                                              
   -------------------------------------------------------------------------------------------------------------------------------------------------------------------------------------------------
   RBB_3/AQ                   RBB_6L        3  [TILE 0 0, RBB 16 6]        800     r            3094     {inst23: counter_FDRE_Q_17 (FD,site=aff)}                                                
   counter[4]                 Net           8            (fanout=1)       1277                     -                                                                                              
   RBB_3/A1                   RBB_6L        3  [TILE 0 0, RBB 16 6]          -     r            4371     {inst10: LED_CARRY4_S_O_1_CARRY4_O_3 (CARRY4)} {inst22: counter_FDRE_Q_16 (FD,site=bff)} 
   -------------------------------------------------------------------------------------------------------------------------------------------------------------------------------------------------
   RBB_3/CLK                  RBB_6L        3  [TILE 0 0, RBB 16 6]       1476     r            5847                                                                                              
   clk                        Clock net     2          (fanout=225)      -2294                     -                                                                                              
   clk                        CLOCK-PORT    -                     -    capture     r            3553                                                                                              
   -------------------------------------------------------------------------------------------------------------------------------------------------------------------------------------------------


Path 57:
   Slack (not met):                         -1701ps
     Path type:                               SETUP
     Group:                              <UDEF_clk>
     Launching clock:                           clk (rising edge)
     Capturing clock:                           clk (rising edge)

     Requested period:                       2000ps
   + Delay of the capturing clock:           2319ps
   - Clock uncertainty:                       150ps
   = Required time:                          4169ps
   - Propagation time:                       3551ps (64.0% logic, 36.0% route, logic stage 1)
   - Delay of the launching clock:           2319ps
   = Slack:                                 -1701ps

   Instance/Pin or Net Name   Type         ID    Location or Fanout   Delay(ps)  Edge  Arrival Time(ps)    Instance detail                                                                    
   ---------------------------------------------------------------------------------------------------------------------------------------------------------------------------------------------
   clk                        CLOCK-PORT    -                     -     launch     r               0                                                                                          
   clk                        Clock net     2          (fanout=225)       2319                     -                                                                                          
   RBB_6/CLK                  RBB_6L        6  [TILE 0 0, RBB 25 6]          -     r            2319                                                                                          
   ---------------------------------------------------------------------------------------------------------------------------------------------------------------------------------------------
   RBB_6/BQ                   RBB_6L        6  [TILE 0 0, RBB 25 6]        800     r            3119     {inst30: counter_FDRE_Q_4 (FD,site=bff)}                                             
   counter[17]                Net          21            (fanout=1)       1280                     -                                                                                          
   RBB_6/B1                   RBB_6L        6  [TILE 0 0, RBB 25 6]          -     r            4399     {inst7: LED_CARRY4_S_O_1_CARRY4_O (CARRY4)} {inst29: counter_FDRE_Q_3 (FD,site=cff)} 
   ---------------------------------------------------------------------------------------------------------------------------------------------------------------------------------------------
   RBB_6/CLK                  RBB_6L        6  [TILE 0 0, RBB 25 6]       1471     r            5870                                                                                          
   clk                        Clock net     2          (fanout=225)      -2319                     -                                                                                          
   clk                        CLOCK-PORT    -                     -    capture     r            3551                                                                                          
   ---------------------------------------------------------------------------------------------------------------------------------------------------------------------------------------------


Path 41:
   Slack (not met):                         -1690ps
     Path type:                               SETUP
     Group:                              <UDEF_clk>
     Launching clock:                           clk (rising edge)
     Capturing clock:                           clk (rising edge)

     Requested period:                       2000ps
   + Delay of the capturing clock:           2327ps
   - Clock uncertainty:                       150ps
   = Required time:                          4177ps
   - Propagation time:                       3540ps (64.3% logic, 35.7% route, logic stage 1)
   - Delay of the launching clock:           2327ps
   = Slack:                                 -1690ps

   Instance/Pin or Net Name   Type         ID    Location or Fanout   Delay(ps)  Edge  Arrival Time(ps)    Instance detail                                                     
   ------------------------------------------------------------------------------------------------------------------------------------------------------------------------------
   clk                        CLOCK-PORT    -                     -     launch     r               0                                                                           
   clk                        Clock net     2          (fanout=225)       2327                     -                                                                           
   RBB_7/CLK                  RBB_6L        7  [TILE 0 0, RBB 28 6]          -     r            2327                                                                           
   ------------------------------------------------------------------------------------------------------------------------------------------------------------------------------
   RBB_7/AQ                   RBB_6L        7  [TILE 0 0, RBB 28 6]        800     r            3127     {inst15: counter_FDRE_Q_1 (FD,site=aff)}                              
   counter[20]                Net          24            (fanout=1)       1264                     -                                                                           
   RBB_7/A1                   RBB_6L        7  [TILE 0 0, RBB 28 6]          -     r            4391     {inst6: LED_CARRY4_S (CARRY4)} {inst14: counter_FDRE_Q (FD,site=bff)} 
   ------------------------------------------------------------------------------------------------------------------------------------------------------------------------------
   RBB_7/CLK                  RBB_6L        7  [TILE 0 0, RBB 28 6]       1476     r            5867                                                                           
   clk                        Clock net     2          (fanout=225)      -2327                     -                                                                           
   clk                        CLOCK-PORT    -                     -    capture     r            3540                                                                           
   ------------------------------------------------------------------------------------------------------------------------------------------------------------------------------


Path 50:
   Slack (not met):                         -1651ps
     Path type:                               SETUP
     Group:                              <UDEF_clk>
     Launching clock:                           clk (rising edge)
     Capturing clock:                           clk (rising edge)

     Requested period:                       2000ps
   + Delay of the capturing clock:           2294ps
   - Clock uncertainty:                       150ps
   = Required time:                          4144ps
   - Propagation time:                       3501ps (63.5% logic, 36.5% route, logic stage 1)
   - Delay of the launching clock:           2294ps
   = Slack:                                 -1651ps

   Instance/Pin or Net Name   Type         ID    Location or Fanout   Delay(ps)  Edge  Arrival Time(ps)    Instance detail                                                                        
   -------------------------------------------------------------------------------------------------------------------------------------------------------------------------------------------------
   clk                        CLOCK-PORT    -                     -     launch     r               0                                                                                              
   clk                        Clock net     2          (fanout=225)       2294                     -                                                                                              
   RBB_3/CLK                  RBB_6L        3  [TILE 0 0, RBB 16 6]          -     r            2294                                                                                              
   -------------------------------------------------------------------------------------------------------------------------------------------------------------------------------------------------
   RBB_3/AQ                   RBB_6L        3  [TILE 0 0, RBB 16 6]        800     r            3094     {inst23: counter_FDRE_Q_17 (FD,site=aff)}                                                
   counter[4]                 Net           8            (fanout=1)       1277                     -                                                                                              
   RBB_3/A1                   RBB_6L        3  [TILE 0 0, RBB 16 6]          -     r            4371     {inst10: LED_CARRY4_S_O_1_CARRY4_O_3 (CARRY4)} {inst23: counter_FDRE_Q_17 (FD,site=aff)} 
   -------------------------------------------------------------------------------------------------------------------------------------------------------------------------------------------------
   RBB_3/CLK                  RBB_6L        3  [TILE 0 0, RBB 16 6]       1424     r            5795                                                                                              
   clk                        Clock net     2          (fanout=225)      -2294                     -                                                                                              
   clk                        CLOCK-PORT    -                     -    capture     r            3501                                                                                              
   -------------------------------------------------------------------------------------------------------------------------------------------------------------------------------------------------


Path 47:
   Slack (not met):                         -1638ps
     Path type:                               SETUP
     Group:                              <UDEF_clk>
     Launching clock:                           clk (rising edge)
     Capturing clock:                           clk (rising edge)

     Requested period:                       2000ps
   + Delay of the capturing clock:           2327ps
   - Clock uncertainty:                       150ps
   = Required time:                          4177ps
   - Propagation time:                       3488ps (63.8% logic, 36.2% route, logic stage 1)
   - Delay of the launching clock:           2327ps
   = Slack:                                 -1638ps

   Instance/Pin or Net Name   Type         ID    Location or Fanout   Delay(ps)  Edge  Arrival Time(ps)    Instance detail                                                       
   --------------------------------------------------------------------------------------------------------------------------------------------------------------------------------
   clk                        CLOCK-PORT    -                     -     launch     r               0                                                                             
   clk                        Clock net     2          (fanout=225)       2327                     -                                                                             
   RBB_7/CLK                  RBB_6L        7  [TILE 0 0, RBB 28 6]          -     r            2327                                                                             
   --------------------------------------------------------------------------------------------------------------------------------------------------------------------------------
   RBB_7/AQ                   RBB_6L        7  [TILE 0 0, RBB 28 6]        800     r            3127     {inst15: counter_FDRE_Q_1 (FD,site=aff)}                                
   counter[20]                Net          24            (fanout=1)       1264                     -                                                                             
   RBB_7/A1                   RBB_6L        7  [TILE 0 0, RBB 28 6]          -     r            4391     {inst6: LED_CARRY4_S (CARRY4)} {inst15: counter_FDRE_Q_1 (FD,site=aff)} 
   --------------------------------------------------------------------------------------------------------------------------------------------------------------------------------
   RBB_7/CLK                  RBB_6L        7  [TILE 0 0, RBB 28 6]       1424     r            5815                                                                             
   clk                        Clock net     2          (fanout=225)      -2327                     -                                                                             
   clk                        CLOCK-PORT    -                     -    capture     r            3488                                                                             
   --------------------------------------------------------------------------------------------------------------------------------------------------------------------------------


Path 69:
   Slack (not met):                         -1631ps
     Path type:                               SETUP
     Group:                              <UDEF_clk>
     Launching clock:                           clk (rising edge)
     Capturing clock:                           clk (rising edge)

     Requested period:                       2000ps
   + Delay of the capturing clock:           2318ps
   - Clock uncertainty:                       150ps
   = Required time:                          4168ps
   - Propagation time:                       3481ps (59.7% logic, 40.3% route, logic stage 1)
   - Delay of the launching clock:           2318ps
   = Slack:                                 -1631ps

   Instance/Pin or Net Name   Type         ID    Location or Fanout   Delay(ps)  Edge  Arrival Time(ps)    Instance detail                                                                      
   -----------------------------------------------------------------------------------------------------------------------------------------------------------------------------------------------
   clk                        CLOCK-PORT    -                     -     launch     r               0                                                                                            
   clk                        Clock net     2          (fanout=225)       2318                     -                                                                                            
   RBB_5/CLK                  RBB_6L        5  [TILE 0 0, RBB 22 6]          -     r            2318                                                                                            
   -----------------------------------------------------------------------------------------------------------------------------------------------------------------------------------------------
   RBB_5/BQ                   RBB_6L        5  [TILE 0 0, RBB 22 6]        800     r            3118     {inst34: counter_FDRE_Q_8 (FD,site=bff)}                                               
   counter[13]                Net          17            (fanout=1)       1403                     -                                                                                            
   RBB_5/B1                   RBB_6L        5  [TILE 0 0, RBB 22 6]          -     r            4521     {inst8: LED_CARRY4_S_O_1_CARRY4_O_1 (CARRY4)} {inst34: counter_FDRE_Q_8 (FD,site=bff)} 
   -----------------------------------------------------------------------------------------------------------------------------------------------------------------------------------------------
   RBB_5/CLK                  RBB_6L        5  [TILE 0 0, RBB 22 6]       1278     r            5799                                                                                            
   clk                        Clock net     2          (fanout=225)      -2318                     -                                                                                            
   clk                        CLOCK-PORT    -                     -    capture     r            3481                                                                                            
   -----------------------------------------------------------------------------------------------------------------------------------------------------------------------------------------------


Path 73:
   Slack (not met):                         -1631ps
     Path type:                               SETUP
     Group:                              <UDEF_clk>
     Launching clock:                           clk (rising edge)
     Capturing clock:                           clk (rising edge)

     Requested period:                       2000ps
   + Delay of the capturing clock:           2319ps
   - Clock uncertainty:                       150ps
   = Required time:                          4169ps
   - Propagation time:                       3481ps (63.2% logic, 36.8% route, logic stage 1)
   - Delay of the launching clock:           2319ps
   = Slack:                                 -1631ps

   Instance/Pin or Net Name   Type         ID    Location or Fanout   Delay(ps)  Edge  Arrival Time(ps)    Instance detail                                                                    
   ---------------------------------------------------------------------------------------------------------------------------------------------------------------------------------------------
   clk                        CLOCK-PORT    -                     -     launch     r               0                                                                                          
   clk                        Clock net     2          (fanout=225)       2319                     -                                                                                          
   RBB_6/CLK                  RBB_6L        6  [TILE 0 0, RBB 25 6]          -     r            2319                                                                                          
   ---------------------------------------------------------------------------------------------------------------------------------------------------------------------------------------------
   RBB_6/BQ                   RBB_6L        6  [TILE 0 0, RBB 25 6]        800     r            3119     {inst30: counter_FDRE_Q_4 (FD,site=bff)}                                             
   counter[17]                Net          21            (fanout=1)       1280                     -                                                                                          
   RBB_6/B1                   RBB_6L        6  [TILE 0 0, RBB 25 6]          -     r            4399     {inst7: LED_CARRY4_S_O_1_CARRY4_O (CARRY4)} {inst30: counter_FDRE_Q_4 (FD,site=bff)} 
   ---------------------------------------------------------------------------------------------------------------------------------------------------------------------------------------------
   RBB_6/CLK                  RBB_6L        6  [TILE 0 0, RBB 25 6]       1401     r            5800                                                                                          
   clk                        Clock net     2          (fanout=225)      -2319                     -                                                                                          
   clk                        CLOCK-PORT    -                     -    capture     r            3481                                                                                          
   ---------------------------------------------------------------------------------------------------------------------------------------------------------------------------------------------


Path 22:
   Slack (not met):                         -1621ps
     Path type:                               SETUP
     Group:                              <UDEF_clk>
     Launching clock:                           clk (rising edge)
     Capturing clock:                           clk (rising edge)

     Requested period:                       2000ps
   + Delay of the capturing clock:           2319ps
   - Clock uncertainty:                       150ps
   = Required time:                          4169ps
   - Propagation time:                       3471ps (65.7% logic, 34.3% route, logic stage 1)
   - Delay of the launching clock:           2319ps
   = Slack:                                 -1621ps

   Instance/Pin or Net Name   Type         ID    Location or Fanout   Delay(ps)  Edge  Arrival Time(ps)    Instance detail                                                                    
   ---------------------------------------------------------------------------------------------------------------------------------------------------------------------------------------------
   clk                        CLOCK-PORT    -                     -     launch     r               0                                                                                          
   clk                        Clock net     2          (fanout=225)       2319                     -                                                                                          
   RBB_6/CLK                  RBB_6L        6  [TILE 0 0, RBB 25 6]          -     r            2319                                                                                          
   ---------------------------------------------------------------------------------------------------------------------------------------------------------------------------------------------
   RBB_6/AQ                   RBB_6L        6  [TILE 0 0, RBB 25 6]        800     r            3119     {inst31: counter_FDRE_Q_5 (FD,site=aff)}                                             
   counter[16]                Net          20            (fanout=1)       1191                     -                                                                                          
   RBB_6/A1                   RBB_6L        6  [TILE 0 0, RBB 25 6]          -     r            4310     {inst7: LED_CARRY4_S_O_1_CARRY4_O (CARRY4)} {inst26: counter_FDRE_Q_2 (FD,site=dff)} 
   ---------------------------------------------------------------------------------------------------------------------------------------------------------------------------------------------
   RBB_6/CLK                  RBB_6L        6  [TILE 0 0, RBB 25 6]       1480     r            5790                                                                                          
   clk                        Clock net     2          (fanout=225)      -2319                     -                                                                                          
   clk                        CLOCK-PORT    -                     -    capture     r            3471                                                                                          
   ---------------------------------------------------------------------------------------------------------------------------------------------------------------------------------------------


Path 74:
   Slack (not met):                         -1587ps
     Path type:                               SETUP
     Group:                              <UDEF_clk>
     Launching clock:                           clk (rising edge)
     Capturing clock:                           clk (rising edge)

     Requested period:                       2000ps
   + Delay of the capturing clock:           2327ps
   - Clock uncertainty:                       150ps
   = Required time:                          4177ps
   - Propagation time:                       3437ps (60.5% logic, 39.5% route, logic stage 1)
   - Delay of the launching clock:           2327ps
   = Slack:                                 -1587ps

   Instance/Pin or Net Name   Type         ID    Location or Fanout   Delay(ps)  Edge  Arrival Time(ps)    Instance detail                                                     
   ------------------------------------------------------------------------------------------------------------------------------------------------------------------------------
   clk                        CLOCK-PORT    -                     -     launch     r               0                                                                           
   clk                        Clock net     2          (fanout=225)       2327                     -                                                                           
   RBB_7/CLK                  RBB_6L        7  [TILE 0 0, RBB 28 6]          -     r            2327                                                                           
   ------------------------------------------------------------------------------------------------------------------------------------------------------------------------------
   RBB_7/BQ                   RBB_6L        7  [TILE 0 0, RBB 28 6]        800     r            3127     {inst14: counter_FDRE_Q (FD,site=bff)}                                
   counter[21]                Net          25            (fanout=1)       1359                     -                                                                           
   RBB_7/B1                   RBB_6L        7  [TILE 0 0, RBB 28 6]          -     r            4486     {inst6: LED_CARRY4_S (CARRY4)} {inst14: counter_FDRE_Q (FD,site=bff)} 
   ------------------------------------------------------------------------------------------------------------------------------------------------------------------------------
   RBB_7/CLK                  RBB_6L        7  [TILE 0 0, RBB 28 6]       1278     r            5764                                                                           
   clk                        Clock net     2          (fanout=225)      -2327                     -                                                                           
   clk                        CLOCK-PORT    -                     -    capture     r            3437                                                                           
   ------------------------------------------------------------------------------------------------------------------------------------------------------------------------------


Path 72:
   Slack (not met):                         -1576ps
     Path type:                               SETUP
     Group:                              <UDEF_clk>
     Launching clock:                           clk (rising edge)
     Capturing clock:                           clk (rising edge)

     Requested period:                       2000ps
   + Delay of the capturing clock:           2294ps
   - Clock uncertainty:                       150ps
   = Required time:                          4144ps
   - Propagation time:                       3426ps (60.7% logic, 39.3% route, logic stage 1)
   - Delay of the launching clock:           2294ps
   = Slack:                                 -1576ps

   Instance/Pin or Net Name   Type         ID    Location or Fanout   Delay(ps)  Edge  Arrival Time(ps)    Instance detail                                                                        
   -------------------------------------------------------------------------------------------------------------------------------------------------------------------------------------------------
   clk                        CLOCK-PORT    -                     -     launch     r               0                                                                                              
   clk                        Clock net     2          (fanout=225)       2294                     -                                                                                              
   RBB_3/CLK                  RBB_6L        3  [TILE 0 0, RBB 16 6]          -     r            2294                                                                                              
   -------------------------------------------------------------------------------------------------------------------------------------------------------------------------------------------------
   RBB_3/BQ                   RBB_6L        3  [TILE 0 0, RBB 16 6]        800     r            3094     {inst22: counter_FDRE_Q_16 (FD,site=bff)}                                                
   counter[5]                 Net           9            (fanout=1)       1348                     -                                                                                              
   RBB_3/B1                   RBB_6L        3  [TILE 0 0, RBB 16 6]          -     r            4442     {inst10: LED_CARRY4_S_O_1_CARRY4_O_3 (CARRY4)} {inst22: counter_FDRE_Q_16 (FD,site=bff)} 
   -------------------------------------------------------------------------------------------------------------------------------------------------------------------------------------------------
   RBB_3/CLK                  RBB_6L        3  [TILE 0 0, RBB 16 6]       1278     r            5720                                                                                              
   clk                        Clock net     2          (fanout=225)      -2294                     -                                                                                              
   clk                        CLOCK-PORT    -                     -    capture     r            3426                                                                                              
   -------------------------------------------------------------------------------------------------------------------------------------------------------------------------------------------------


Path 32:
   Slack (not met):                         -1562ps
     Path type:                               SETUP
     Group:                              <UDEF_clk>
     Launching clock:                           clk (rising edge)
     Capturing clock:                           clk (rising edge)

     Requested period:                       2000ps
   + Delay of the capturing clock:           2319ps
   - Clock uncertainty:                       150ps
   = Required time:                          4169ps
   - Propagation time:                       3412ps (65.1% logic, 34.9% route, logic stage 1)
   - Delay of the launching clock:           2319ps
   = Slack:                                 -1562ps

   Instance/Pin or Net Name   Type         ID    Location or Fanout   Delay(ps)  Edge  Arrival Time(ps)    Instance detail                                                                    
   ---------------------------------------------------------------------------------------------------------------------------------------------------------------------------------------------
   clk                        CLOCK-PORT    -                     -     launch     r               0                                                                                          
   clk                        Clock net     2          (fanout=225)       2319                     -                                                                                          
   RBB_6/CLK                  RBB_6L        6  [TILE 0 0, RBB 25 6]          -     r            2319                                                                                          
   ---------------------------------------------------------------------------------------------------------------------------------------------------------------------------------------------
   RBB_6/AQ                   RBB_6L        6  [TILE 0 0, RBB 25 6]        800     r            3119     {inst31: counter_FDRE_Q_5 (FD,site=aff)}                                             
   counter[16]                Net          20            (fanout=1)       1191                     -                                                                                          
   RBB_6/A1                   RBB_6L        6  [TILE 0 0, RBB 25 6]          -     r            4310     {inst7: LED_CARRY4_S_O_1_CARRY4_O (CARRY4)} {inst29: counter_FDRE_Q_3 (FD,site=cff)} 
   ---------------------------------------------------------------------------------------------------------------------------------------------------------------------------------------------
   RBB_6/CLK                  RBB_6L        6  [TILE 0 0, RBB 25 6]       1421     r            5731                                                                                          
   clk                        Clock net     2          (fanout=225)      -2319                     -                                                                                          
   clk                        CLOCK-PORT    -                     -    capture     r            3412                                                                                          
   ---------------------------------------------------------------------------------------------------------------------------------------------------------------------------------------------


Path 68:
   Slack (not met):                         -1536ps
     Path type:                               SETUP
     Group:                              <UDEF_clk>
     Launching clock:                           clk (rising edge)
     Capturing clock:                           clk (rising edge)

     Requested period:                       2000ps
   + Delay of the capturing clock:           2327ps
   - Clock uncertainty:                       150ps
   = Required time:                          4177ps
   - Propagation time:                       3386ps (61.2% logic, 38.8% route, logic stage 1)
   - Delay of the launching clock:           2327ps
   = Slack:                                 -1536ps

   Instance/Pin or Net Name   Type         ID    Location or Fanout   Delay(ps)  Edge  Arrival Time(ps)    Instance detail                                                 
   --------------------------------------------------------------------------------------------------------------------------------------------------------------------------
   clk                        CLOCK-PORT    -                     -     launch     r               0                                                                       
   clk                        Clock net     2          (fanout=225)       2327                     -                                                                       
   RBB_7/CLK                  RBB_6L        7  [TILE 0 0, RBB 28 6]          -     r            2327                                                                       
   --------------------------------------------------------------------------------------------------------------------------------------------------------------------------
   RBB_7/CQ                   RBB_6L        7  [TILE 0 0, RBB 28 6]        800     r            3127     {inst13: LED_FDRE_Q (FD,site=cff)}                                
   LED                        Net           3            (fanout=1)       1313                     -                                                                       
   RBB_7/C1                   RBB_6L        7  [TILE 0 0, RBB 28 6]          -     r            4440     {inst6: LED_CARRY4_S (CARRY4)} {inst13: LED_FDRE_Q (FD,site=cff)} 
   --------------------------------------------------------------------------------------------------------------------------------------------------------------------------
   RBB_7/CLK                  RBB_6L        7  [TILE 0 0, RBB 28 6]       1273     r            5713                                                                       
   clk                        Clock net     2          (fanout=225)      -2327                     -                                                                       
   clk                        CLOCK-PORT    -                     -    capture     r            3386                                                                       
   --------------------------------------------------------------------------------------------------------------------------------------------------------------------------


Path 64:
   Slack (not met):                         -1532ps
     Path type:                               SETUP
     Group:                              <UDEF_clk>
     Launching clock:                           clk (rising edge)
     Capturing clock:                           clk (rising edge)

     Requested period:                       2000ps
   + Delay of the capturing clock:           2294ps
   - Clock uncertainty:                       150ps
   = Required time:                          4144ps
   - Propagation time:                       3382ps (61.3% logic, 38.7% route, logic stage 1)
   - Delay of the launching clock:           2294ps
   = Slack:                                 -1532ps

   Instance/Pin or Net Name   Type         ID    Location or Fanout   Delay(ps)  Edge  Arrival Time(ps)    Instance detail                                                                        
   -------------------------------------------------------------------------------------------------------------------------------------------------------------------------------------------------
   clk                        CLOCK-PORT    -                     -     launch     r               0                                                                                              
   clk                        Clock net     2          (fanout=225)       2294                     -                                                                                              
   RBB_3/CLK                  RBB_6L        3  [TILE 0 0, RBB 16 6]          -     r            2294                                                                                              
   -------------------------------------------------------------------------------------------------------------------------------------------------------------------------------------------------
   RBB_3/CQ                   RBB_6L        3  [TILE 0 0, RBB 16 6]        800     r            3094     {inst21: counter_FDRE_Q_15 (FD,site=cff)}                                                
   counter[6]                 Net          10            (fanout=1)       1309                     -                                                                                              
   RBB_3/C1                   RBB_6L        3  [TILE 0 0, RBB 16 6]          -     r            4403     {inst10: LED_CARRY4_S_O_1_CARRY4_O_3 (CARRY4)} {inst21: counter_FDRE_Q_15 (FD,site=cff)} 
   -------------------------------------------------------------------------------------------------------------------------------------------------------------------------------------------------
   RBB_3/CLK                  RBB_6L        3  [TILE 0 0, RBB 16 6]       1273     r            5676                                                                                              
   clk                        Clock net     2          (fanout=225)      -2294                     -                                                                                              
   clk                        CLOCK-PORT    -                     -    capture     r            3382                                                                                              
   -------------------------------------------------------------------------------------------------------------------------------------------------------------------------------------------------


Path 63:
   Slack (not met):                         -1513ps
     Path type:                               SETUP
     Group:                              <UDEF_clk>
     Launching clock:                           clk (rising edge)
     Capturing clock:                           clk (rising edge)

     Requested period:                       2000ps
   + Delay of the capturing clock:           2296ps
   - Clock uncertainty:                       150ps
   = Required time:                          4146ps
   - Propagation time:                       3363ps (63.4% logic, 36.6% route, logic stage 1)
   - Delay of the launching clock:           2296ps
   = Slack:                                 -1513ps

   Instance/Pin or Net Name   Type         ID    Location or Fanout   Delay(ps)  Edge  Arrival Time(ps)    Instance detail                                                                        
   -------------------------------------------------------------------------------------------------------------------------------------------------------------------------------------------------
   clk                        CLOCK-PORT    -                     -     launch     r               0                                                                                              
   clk                        Clock net     2          (fanout=225)       2296                     -                                                                                              
   RBB_2/CLK                  RBB_6L        2  [TILE 0 0, RBB 13 6]          -     r            2296                                                                                              
   -------------------------------------------------------------------------------------------------------------------------------------------------------------------------------------------------
   RBB_2/CQ                   RBB_6L        2  [TILE 0 0, RBB 13 6]        800     r            3096     {inst25: counter_FDRE_Q_19 (FD,site=cff)}                                                
   counter[2]                 Net           6            (fanout=1)       1231                     -                                                                                              
   RBB_2/C1                   RBB_6L        2  [TILE 0 0, RBB 13 6]          -     r            4327     {inst11: LED_CARRY4_S_O_1_CARRY4_O_4 (CARRY4)} {inst25: counter_FDRE_Q_19 (FD,site=cff)} 
   -------------------------------------------------------------------------------------------------------------------------------------------------------------------------------------------------
   RBB_2/CLK                  RBB_6L        2  [TILE 0 0, RBB 13 6]       1332     r            5659                                                                                              
   clk                        Clock net     2          (fanout=225)      -2296                     -                                                                                              
   clk                        CLOCK-PORT    -                     -    capture     r            3363                                                                                              
   -------------------------------------------------------------------------------------------------------------------------------------------------------------------------------------------------


Path 60:
   Slack (not met):                         -1502ps
     Path type:                               SETUP
     Group:                              <UDEF_clk>
     Launching clock:                           clk (rising edge)
     Capturing clock:                           clk (rising edge)

     Requested period:                       2000ps
   + Delay of the capturing clock:           2296ps
   - Clock uncertainty:                       150ps
   = Required time:                          4146ps
   - Propagation time:                       3352ps (65.2% logic, 34.8% route, logic stage 1)
   - Delay of the launching clock:           2296ps
   = Slack:                                 -1502ps

   Instance/Pin or Net Name   Type         ID    Location or Fanout   Delay(ps)  Edge  Arrival Time(ps)    Instance detail                                                                        
   -------------------------------------------------------------------------------------------------------------------------------------------------------------------------------------------------
   clk                        CLOCK-PORT    -                     -     launch     r               0                                                                                              
   clk                        Clock net     2          (fanout=225)       2296                     -                                                                                              
   RBB_2/CLK                  RBB_6L        2  [TILE 0 0, RBB 13 6]          -     r            2296                                                                                              
   -------------------------------------------------------------------------------------------------------------------------------------------------------------------------------------------------
   RBB_2/DQ                   RBB_6L        2  [TILE 0 0, RBB 13 6]        800     r            3096     {inst24: counter_FDRE_Q_18 (FD,site=dff)}                                                
   counter[3]                 Net           7            (fanout=1)       1167                     -                                                                                              
   RBB_2/D1                   RBB_6L        2  [TILE 0 0, RBB 13 6]          -     r            4263     {inst11: LED_CARRY4_S_O_1_CARRY4_O_4 (CARRY4)} {inst24: counter_FDRE_Q_18 (FD,site=dff)} 
   -------------------------------------------------------------------------------------------------------------------------------------------------------------------------------------------------
   RBB_2/CLK                  RBB_6L        2  [TILE 0 0, RBB 13 6]       1385     r            5648                                                                                              
   clk                        Clock net     2          (fanout=225)      -2296                     -                                                                                              
   clk                        CLOCK-PORT    -                     -    capture     r            3352                                                                                              
   -------------------------------------------------------------------------------------------------------------------------------------------------------------------------------------------------


Path 54:
   Slack (not met):                         -1487ps
     Path type:                               SETUP
     Group:                              <UDEF_clk>
     Launching clock:                           clk (rising edge)
     Capturing clock:                           clk (rising edge)

     Requested period:                       2000ps
   + Delay of the capturing clock:           2296ps
   - Clock uncertainty:                       150ps
   = Required time:                          4146ps
   - Propagation time:                       3337ps (63.6% logic, 36.4% route, logic stage 1)
   - Delay of the launching clock:           2296ps
   = Slack:                                 -1487ps

   Instance/Pin or Net Name   Type         ID    Location or Fanout   Delay(ps)  Edge  Arrival Time(ps)    Instance detail                                                                        
   -------------------------------------------------------------------------------------------------------------------------------------------------------------------------------------------------
   clk                        CLOCK-PORT    -                     -     launch     r               0                                                                                              
   clk                        Clock net     2          (fanout=225)       2296                     -                                                                                              
   RBB_2/CLK                  RBB_6L        2  [TILE 0 0, RBB 13 6]          -     r            2296                                                                                              
   -------------------------------------------------------------------------------------------------------------------------------------------------------------------------------------------------
   RBB_2/BQ                   RBB_6L        2  [TILE 0 0, RBB 13 6]        800     r            3096     {inst27: counter_FDRE_Q_20 (FD,site=bff)}                                                
   counter[1]                 Net           5            (fanout=1)       1213                     -                                                                                              
   RBB_2/B1                   RBB_6L        2  [TILE 0 0, RBB 13 6]          -     r            4309     {inst11: LED_CARRY4_S_O_1_CARRY4_O_4 (CARRY4)} {inst25: counter_FDRE_Q_19 (FD,site=cff)} 
   -------------------------------------------------------------------------------------------------------------------------------------------------------------------------------------------------
   RBB_2/CLK                  RBB_6L        2  [TILE 0 0, RBB 13 6]       1324     r            5633                                                                                              
   clk                        Clock net     2          (fanout=225)      -2296                     -                                                                                              
   clk                        CLOCK-PORT    -                     -    capture     r            3337                                                                                              
   -------------------------------------------------------------------------------------------------------------------------------------------------------------------------------------------------


Path 48:
   Slack (not met):                         -1486ps
     Path type:                               SETUP
     Group:                              <UDEF_clk>
     Launching clock:                           clk (rising edge)
     Capturing clock:                           clk (rising edge)

     Requested period:                       2000ps
   + Delay of the capturing clock:           2319ps
   - Clock uncertainty:                       150ps
   = Required time:                          4169ps
   - Propagation time:                       3336ps (64.3% logic, 35.7% route, logic stage 1)
   - Delay of the launching clock:           2319ps
   = Slack:                                 -1486ps

   Instance/Pin or Net Name   Type         ID    Location or Fanout   Delay(ps)  Edge  Arrival Time(ps)    Instance detail                                                                    
   ---------------------------------------------------------------------------------------------------------------------------------------------------------------------------------------------
   clk                        CLOCK-PORT    -                     -     launch     r               0                                                                                          
   clk                        Clock net     2          (fanout=225)       2319                     -                                                                                          
   RBB_6/CLK                  RBB_6L        6  [TILE 0 0, RBB 25 6]          -     r            2319                                                                                          
   ---------------------------------------------------------------------------------------------------------------------------------------------------------------------------------------------
   RBB_6/AQ                   RBB_6L        6  [TILE 0 0, RBB 25 6]        800     r            3119     {inst31: counter_FDRE_Q_5 (FD,site=aff)}                                             
   counter[16]                Net          20            (fanout=1)       1191                     -                                                                                          
   RBB_6/A1                   RBB_6L        6  [TILE 0 0, RBB 25 6]          -     r            4310     {inst7: LED_CARRY4_S_O_1_CARRY4_O (CARRY4)} {inst31: counter_FDRE_Q_5 (FD,site=aff)} 
   ---------------------------------------------------------------------------------------------------------------------------------------------------------------------------------------------
   RBB_6/CLK                  RBB_6L        6  [TILE 0 0, RBB 25 6]       1345     r            5655                                                                                          
   clk                        Clock net     2          (fanout=225)      -2319                     -                                                                                          
   clk                        CLOCK-PORT    -                     -    capture     r            3336                                                                                          
   ---------------------------------------------------------------------------------------------------------------------------------------------------------------------------------------------


Path 43:
   Slack (not met):                         -1475ps
     Path type:                               SETUP
     Group:                              <UDEF_clk>
     Launching clock:                           clk (rising edge)
     Capturing clock:                           clk (rising edge)

     Requested period:                       2000ps
   + Delay of the capturing clock:           2296ps
   - Clock uncertainty:                       150ps
   = Required time:                          4146ps
   - Propagation time:                       3325ps (63.5% logic, 36.5% route, logic stage 1)
   - Delay of the launching clock:           2296ps
   = Slack:                                 -1475ps

   Instance/Pin or Net Name   Type         ID    Location or Fanout   Delay(ps)  Edge  Arrival Time(ps)    Instance detail                                                                        
   -------------------------------------------------------------------------------------------------------------------------------------------------------------------------------------------------
   clk                        CLOCK-PORT    -                     -     launch     r               0                                                                                              
   clk                        Clock net     2          (fanout=225)       2296                     -                                                                                              
   RBB_2/CLK                  RBB_6L        2  [TILE 0 0, RBB 13 6]          -     r            2296                                                                                              
   -------------------------------------------------------------------------------------------------------------------------------------------------------------------------------------------------
   RBB_2/BQ                   RBB_6L        2  [TILE 0 0, RBB 13 6]        800     r            3096     {inst27: counter_FDRE_Q_20 (FD,site=bff)}                                                
   counter[1]                 Net           5            (fanout=1)       1213                     -                                                                                              
   RBB_2/B1                   RBB_6L        2  [TILE 0 0, RBB 13 6]          -     r            4309     {inst11: LED_CARRY4_S_O_1_CARRY4_O_4 (CARRY4)} {inst24: counter_FDRE_Q_18 (FD,site=dff)} 
   -------------------------------------------------------------------------------------------------------------------------------------------------------------------------------------------------
   RBB_2/CLK                  RBB_6L        2  [TILE 0 0, RBB 13 6]       1312     r            5621                                                                                              
   clk                        Clock net     2          (fanout=225)      -2296                     -                                                                                              
   clk                        CLOCK-PORT    -                     -    capture     r            3325                                                                                              
   -------------------------------------------------------------------------------------------------------------------------------------------------------------------------------------------------


Path 21:
   Slack (not met):                         -1460ps
     Path type:                               SETUP
     Group:                              <UDEF_clk>
     Launching clock:                           clk (rising edge)
     Capturing clock:                           clk (rising edge)

     Requested period:                       2000ps
   + Delay of the capturing clock:           2296ps
   - Clock uncertainty:                       150ps
   = Required time:                          4146ps
   - Propagation time:                       3310ps (66.1% logic, 33.9% route, logic stage 1)
   - Delay of the launching clock:           2296ps
   = Slack:                                 -1460ps

   Instance/Pin or Net Name   Type         ID    Location or Fanout   Delay(ps)  Edge  Arrival Time(ps)    Instance detail                                                                        
   -------------------------------------------------------------------------------------------------------------------------------------------------------------------------------------------------
   clk                        CLOCK-PORT    -                     -     launch     r               0                                                                                              
   clk                        Clock net     2          (fanout=225)       2296                     -                                                                                              
   RBB_2/CLK                  RBB_6L        2  [TILE 0 0, RBB 13 6]          -     r            2296                                                                                              
   -------------------------------------------------------------------------------------------------------------------------------------------------------------------------------------------------
   RBB_2/AQ                   RBB_6L        2  [TILE 0 0, RBB 13 6]        800     r            3096     {inst28: counter_FDRE_Q_21 (FD,site=aff)}                                                
   counter[0]                 Net           4            (fanout=1)       1122                     -                                                                                              
   RBB_2/A1                   RBB_6L        2  [TILE 0 0, RBB 13 6]          -     r            4218     {inst11: LED_CARRY4_S_O_1_CARRY4_O_4 (CARRY4)} {inst24: counter_FDRE_Q_18 (FD,site=dff)} 
   -------------------------------------------------------------------------------------------------------------------------------------------------------------------------------------------------
   RBB_2/CLK                  RBB_6L        2  [TILE 0 0, RBB 13 6]       1388     r            5606                                                                                              
   clk                        Clock net     2          (fanout=225)      -2296                     -                                                                                              
   clk                        CLOCK-PORT    -                     -    capture     r            3310                                                                                              
   -------------------------------------------------------------------------------------------------------------------------------------------------------------------------------------------------


Path 39:
   Slack (not met):                         -1448ps
     Path type:                               SETUP
     Group:                              <UDEF_clk>
     Launching clock:                           clk (rising edge)
     Capturing clock:                           clk (rising edge)

     Requested period:                       2000ps
   + Delay of the capturing clock:           2319ps
   - Clock uncertainty:                       150ps
   = Required time:                          4169ps
   - Propagation time:                       3298ps (63.9% logic, 36.1% route, logic stage 1)
   - Delay of the launching clock:           2319ps
   = Slack:                                 -1448ps

   Instance/Pin or Net Name   Type         ID    Location or Fanout   Delay(ps)  Edge  Arrival Time(ps)    Instance detail                                                                    
   ---------------------------------------------------------------------------------------------------------------------------------------------------------------------------------------------
   clk                        CLOCK-PORT    -                     -     launch     r               0                                                                                          
   clk                        Clock net     2          (fanout=225)       2319                     -                                                                                          
   RBB_6/CLK                  RBB_6L        6  [TILE 0 0, RBB 25 6]          -     r            2319                                                                                          
   ---------------------------------------------------------------------------------------------------------------------------------------------------------------------------------------------
   RBB_6/AQ                   RBB_6L        6  [TILE 0 0, RBB 25 6]        800     r            3119     {inst31: counter_FDRE_Q_5 (FD,site=aff)}                                             
   counter[16]                Net          20            (fanout=1)       1191                     -                                                                                          
   RBB_6/A1                   RBB_6L        6  [TILE 0 0, RBB 25 6]          -     r            4310     {inst7: LED_CARRY4_S_O_1_CARRY4_O (CARRY4)} {inst30: counter_FDRE_Q_4 (FD,site=bff)} 
   ---------------------------------------------------------------------------------------------------------------------------------------------------------------------------------------------
   RBB_6/CLK                  RBB_6L        6  [TILE 0 0, RBB 25 6]       1307     r            5617                                                                                          
   clk                        Clock net     2          (fanout=225)      -2319                     -                                                                                          
   clk                        CLOCK-PORT    -                     -    capture     r            3298                                                                                          
   ---------------------------------------------------------------------------------------------------------------------------------------------------------------------------------------------


Path 58:
   Slack (not met):                         -1406ps
     Path type:                               SETUP
     Group:                              <UDEF_clk>
     Launching clock:                           clk (rising edge)
     Capturing clock:                           clk (rising edge)

     Requested period:                       2000ps
   + Delay of the capturing clock:           2294ps
   - Clock uncertainty:                       150ps
   = Required time:                          4144ps
   - Propagation time:                       3256ps (62.9% logic, 37.1% route, logic stage 1)
   - Delay of the launching clock:           2294ps
   = Slack:                                 -1406ps

   Instance/Pin or Net Name   Type         ID    Location or Fanout   Delay(ps)  Edge  Arrival Time(ps)    Instance detail                                                                        
   -------------------------------------------------------------------------------------------------------------------------------------------------------------------------------------------------
   clk                        CLOCK-PORT    -                     -     launch     r               0                                                                                              
   clk                        Clock net     2          (fanout=225)       2294                     -                                                                                              
   RBB_3/CLK                  RBB_6L        3  [TILE 0 0, RBB 16 6]          -     r            2294                                                                                              
   -------------------------------------------------------------------------------------------------------------------------------------------------------------------------------------------------
   RBB_3/DQ                   RBB_6L        3  [TILE 0 0, RBB 16 6]        800     r            3094     {inst20: counter_FDRE_Q_14 (FD,site=dff)}                                                
   counter[7]                 Net          11            (fanout=1)       1207                     -                                                                                              
   RBB_3/D1                   RBB_6L        3  [TILE 0 0, RBB 16 6]          -     r            4301     {inst10: LED_CARRY4_S_O_1_CARRY4_O_3 (CARRY4)} {inst20: counter_FDRE_Q_14 (FD,site=dff)} 
   -------------------------------------------------------------------------------------------------------------------------------------------------------------------------------------------------
   RBB_3/CLK                  RBB_6L        3  [TILE 0 0, RBB 16 6]       1249     r            5550                                                                                              
   clk                        Clock net     2          (fanout=225)      -2294                     -                                                                                              
   clk                        CLOCK-PORT    -                     -    capture     r            3256                                                                                              
   -------------------------------------------------------------------------------------------------------------------------------------------------------------------------------------------------


Path 34:
   Slack (not met):                         -1400ps
     Path type:                               SETUP
     Group:                              <UDEF_clk>
     Launching clock:                           clk (rising edge)
     Capturing clock:                           clk (rising edge)

     Requested period:                       2000ps
   + Delay of the capturing clock:           2296ps
   - Clock uncertainty:                       150ps
   = Required time:                          4146ps
   - Propagation time:                       3250ps (65.5% logic, 34.5% route, logic stage 1)
   - Delay of the launching clock:           2296ps
   = Slack:                                 -1400ps

   Instance/Pin or Net Name   Type         ID    Location or Fanout   Delay(ps)  Edge  Arrival Time(ps)    Instance detail                                                                        
   -------------------------------------------------------------------------------------------------------------------------------------------------------------------------------------------------
   clk                        CLOCK-PORT    -                     -     launch     r               0                                                                                              
   clk                        Clock net     2          (fanout=225)       2296                     -                                                                                              
   RBB_2/CLK                  RBB_6L        2  [TILE 0 0, RBB 13 6]          -     r            2296                                                                                              
   -------------------------------------------------------------------------------------------------------------------------------------------------------------------------------------------------
   RBB_2/AQ                   RBB_6L        2  [TILE 0 0, RBB 13 6]        800     r            3096     {inst28: counter_FDRE_Q_21 (FD,site=aff)}                                                
   counter[0]                 Net           4            (fanout=1)       1122                     -                                                                                              
   RBB_2/A1                   RBB_6L        2  [TILE 0 0, RBB 13 6]          -     r            4218     {inst11: LED_CARRY4_S_O_1_CARRY4_O_4 (CARRY4)} {inst25: counter_FDRE_Q_19 (FD,site=cff)} 
   -------------------------------------------------------------------------------------------------------------------------------------------------------------------------------------------------
   RBB_2/CLK                  RBB_6L        2  [TILE 0 0, RBB 13 6]       1328     r            5546                                                                                              
   clk                        Clock net     2          (fanout=225)      -2296                     -                                                                                              
   clk                        CLOCK-PORT    -                     -    capture     r            3250                                                                                              
   -------------------------------------------------------------------------------------------------------------------------------------------------------------------------------------------------


Path 70:
   Slack (not met):                         -1303ps
     Path type:                               SETUP
     Group:                              <UDEF_clk>
     Launching clock:                           clk (rising edge)
     Capturing clock:                           clk (rising edge)

     Requested period:                       2000ps
   + Delay of the capturing clock:           2296ps
   - Clock uncertainty:                       150ps
   = Required time:                          4146ps
   - Propagation time:                       3153ps (61.5% logic, 38.5% route, logic stage 1)
   - Delay of the launching clock:           2296ps
   = Slack:                                 -1303ps

   Instance/Pin or Net Name   Type         ID    Location or Fanout   Delay(ps)  Edge  Arrival Time(ps)    Instance detail                                                                        
   -------------------------------------------------------------------------------------------------------------------------------------------------------------------------------------------------
   clk                        CLOCK-PORT    -                     -     launch     r               0                                                                                              
   clk                        Clock net     2          (fanout=225)       2296                     -                                                                                              
   RBB_2/CLK                  RBB_6L        2  [TILE 0 0, RBB 13 6]          -     r            2296                                                                                              
   -------------------------------------------------------------------------------------------------------------------------------------------------------------------------------------------------
   RBB_2/BQ                   RBB_6L        2  [TILE 0 0, RBB 13 6]        800     r            3096     {inst27: counter_FDRE_Q_20 (FD,site=bff)}                                                
   counter[1]                 Net           5            (fanout=1)       1213                     -                                                                                              
   RBB_2/B1                   RBB_6L        2  [TILE 0 0, RBB 13 6]          -     r            4309     {inst11: LED_CARRY4_S_O_1_CARRY4_O_4 (CARRY4)} {inst27: counter_FDRE_Q_20 (FD,site=bff)} 
   -------------------------------------------------------------------------------------------------------------------------------------------------------------------------------------------------
   RBB_2/CLK                  RBB_6L        2  [TILE 0 0, RBB 13 6]       1140     r            5449                                                                                              
   clk                        Clock net     2          (fanout=225)      -2296                     -                                                                                              
   clk                        CLOCK-PORT    -                     -    capture     r            3153                                                                                              
   -------------------------------------------------------------------------------------------------------------------------------------------------------------------------------------------------


Path 38:
   Slack (not met):                         -1287ps
     Path type:                               SETUP
     Group:                              <UDEF_clk>
     Launching clock:                           clk (rising edge)
     Capturing clock:                           clk (rising edge)

     Requested period:                       2000ps
   + Delay of the capturing clock:           2296ps
   - Clock uncertainty:                       150ps
   = Required time:                          4146ps
   - Propagation time:                       3137ps (64.2% logic, 35.8% route, logic stage 1)
   - Delay of the launching clock:           2296ps
   = Slack:                                 -1287ps

   Instance/Pin or Net Name   Type         ID    Location or Fanout   Delay(ps)  Edge  Arrival Time(ps)    Instance detail                                                                        
   -------------------------------------------------------------------------------------------------------------------------------------------------------------------------------------------------
   clk                        CLOCK-PORT    -                     -     launch     r               0                                                                                              
   clk                        Clock net     2          (fanout=225)       2296                     -                                                                                              
   RBB_2/CLK                  RBB_6L        2  [TILE 0 0, RBB 13 6]          -     r            2296                                                                                              
   -------------------------------------------------------------------------------------------------------------------------------------------------------------------------------------------------
   RBB_2/AQ                   RBB_6L        2  [TILE 0 0, RBB 13 6]        800     r            3096     {inst28: counter_FDRE_Q_21 (FD,site=aff)}                                                
   counter[0]                 Net           4            (fanout=1)       1122                     -                                                                                              
   RBB_2/A1                   RBB_6L        2  [TILE 0 0, RBB 13 6]          -     r            4218     {inst11: LED_CARRY4_S_O_1_CARRY4_O_4 (CARRY4)} {inst27: counter_FDRE_Q_20 (FD,site=bff)} 
   -------------------------------------------------------------------------------------------------------------------------------------------------------------------------------------------------
   RBB_2/CLK                  RBB_6L        2  [TILE 0 0, RBB 13 6]       1215     r            5433                                                                                              
   clk                        Clock net     2          (fanout=225)      -2296                     -                                                                                              
   clk                        CLOCK-PORT    -                     -    capture     r            3137                                                                                              
   -------------------------------------------------------------------------------------------------------------------------------------------------------------------------------------------------


Path 75:
   Slack (not met):                         -1150ps
     Path type:                               SETUP
     Group:                              <UDEF_clk>
     Launching clock:                           clk (rising edge)
     Capturing clock:                           clk (rising edge)

     Requested period:                       2000ps
   + Delay of the capturing clock:           2296ps
   - Clock uncertainty:                       150ps
   = Required time:                          4146ps
   - Propagation time:                       3000ps (62.6% logic, 37.4% route, logic stage 1)
   - Delay of the launching clock:           2296ps
   = Slack:                                 -1150ps

   Instance/Pin or Net Name   Type         ID    Location or Fanout   Delay(ps)  Edge  Arrival Time(ps)    Instance detail                                                                          
   ---------------------------------------------------------------------------------------------------------------------------------------------------------------------------------------------------
   clk                        CLOCK-PORT    -                     -     launch     r               0                                                                                                
   clk                        Clock net     2          (fanout=225)       2296                     -                                                                                                
   RBB_2/CLK                  RBB_6L        2  [TILE 0 0, RBB 13 6]          -     r            2296                                                                                                
   ---------------------------------------------------------------------------------------------------------------------------------------------------------------------------------------------------
   RBB_2/AQ                   RBB_6L        2  [TILE 0 0, RBB 13 6]        800     r            3096     {inst28: counter_FDRE_Q_21 (FD,site=aff)}                                                  
   counter[0]                 Net           4            (fanout=1)       1122                     -                                                                                                
   RBB_2/A1                   RBB_6L        2  [TILE 0 0, RBB 13 6]          -     r            4218     {inst12: LED_CARRY4_S_O_1_INV_O (LUT,site=alut)} {inst28: counter_FDRE_Q_21 (FD,site=aff)} 
   ---------------------------------------------------------------------------------------------------------------------------------------------------------------------------------------------------
   RBB_2/CLK                  RBB_6L        2  [TILE 0 0, RBB 13 6]       1078     r            5296                                                                                                
   clk                        Clock net     2          (fanout=225)      -2296                     -                                                                                                
   clk                        CLOCK-PORT    -                     -    capture     r            3000                                                                                                
   ---------------------------------------------------------------------------------------------------------------------------------------------------------------------------------------------------













