Timing Summary
==============

   POST-ROUTE

         Group  No. Clocks  No. Clock Pairs  WNS(ps)  TNS(ps)  TNS Endpoints      
   -----------  ----------  ---------------  -------  -------  -------------      
    <UDEF_clk>           1                1    -5573  -151757             76      




Clocks
======

            Clock    Clock net        Group  Constrained Period(ps)      Waveform(ps)   Achievable Period(ps)  Achievable Frequency(MHz)
   --------------  -----------  -----------  ----------------------  -----------------  ---------------------  -------------------------
              clk          clk   <UDEF_clk>           (auto) 2000            (0,1000)                   7572                    132.066 




Clock Relationships
===================

       From Clock        To Clock               Group    Endpoints     WNS(ps)    TNS(ps)  TNS Endpoints
   --------------  --------------  ------------------  -----------  ----------  ---------  -------------
              clk             clk          <UDEF_clk>           76       -5573    -151757             76




Timing Details for Clock Pair clk and clk
=========================================

       From Clock        To Clock               Group    Endpoints     WNS(ps)    TNS(ps)  TNS Endpoints
   --------------  --------------  ------------------  -----------  ----------  ---------  -------------
              clk             clk          <UDEF_clk>           76       -5573    -151757             76

Path 152:
   Slack (not met):                         -5573ps
     Path type:                               SETUP
     Group:                              <UDEF_clk>
     Launching clock:                           clk (rising edge)
     Capturing clock:                           clk (rising edge)

     Requested period:                       2000ps
   + Delay of the capturing clock:           2328ps
   - Clock uncertainty:                       150ps
   = Required time:                          4178ps
   - Propagation time:                       7455ps (77.8% logic, 22.2% route, logic stage 7)
   - Delay of the launching clock:           2296ps
   = Slack:                                 -5573ps

   Instance/Pin or Net Name        Type         ID    Location or Fanout   Delay(ps)  Edge  Arrival Time(ps)    Instance detail                                                 
   -------------------------------------------------------------------------------------------------------------------------------------------------------------------------------
   clk                             CLOCK-PORT    -                     -     launch     r               0                                                                       
   clk                             Clock net     2          (fanout=225)       2296                     -                                                                       
   RBB_2/CLK                       RBB_6L        2  [TILE 0 0, RBB 13 6]          -     r            2296                                                                       
   -------------------------------------------------------------------------------------------------------------------------------------------------------------------------------
   RBB_2/CQ                        RBB_6L        2  [TILE 0 0, RBB 13 6]        800     r            3096     {inst25: counter_FDRE_Q_19 (FD,site=cff)}                         
   counter[2]                      Net           6            (fanout=1)       1052                     -                                                                       
   RBB_2/C1                        RBB_6L        2  [TILE 0 0, RBB 13 6]          -     r            4148                                                                       
   RBB_2/COUT                      RBB_6L        2  [TILE 0 0, RBB 13 6]       1789     r            5937     {inst11: LED_CARRY4_S_O_1_CARRY4_O_4 (CARRY4)}                    
   LED_CARRY4_S_O_1_CARRY4_O_4_CO  Net          70            (fanout=1)          0                     -                                                                       
   RBB_3/CIN                       RBB_6L        3  [TILE 0 0, RBB 16 6]          -     r            5937                                                                       
   RBB_3/COUT                      RBB_6L        3  [TILE 0 0, RBB 16 6]        337     r            6274     {inst10: LED_CARRY4_S_O_1_CARRY4_O_3 (CARRY4)}                    
   LED_CARRY4_S_O_1_CARRY4_O_3_CO  Net          66            (fanout=1)          0                     -                                                                       
   RBB_4/CIN                       RBB_6L        4  [TILE 0 0, RBB 19 6]          -     r            6274                                                                       
   RBB_4/COUT                      RBB_6L        4  [TILE 0 0, RBB 19 6]        323     r            6597     {inst9: LED_CARRY4_S_O_1_CARRY4_O_2 (CARRY4)}                     
   LED_CARRY4_S_O_1_CARRY4_O_2_CO  Net          62            (fanout=1)          0                     -                                                                       
   RBB_5/CIN                       RBB_6L        5  [TILE 0 0, RBB 22 6]          -     r            6597                                                                       
   RBB_5/COUT                      RBB_6L        5  [TILE 0 0, RBB 22 6]        337     r            6934     {inst8: LED_CARRY4_S_O_1_CARRY4_O_1 (CARRY4)}                     
   LED_CARRY4_S_O_1_CARRY4_O_1_CO  Net          74            (fanout=1)          0                     -                                                                       
   RBB_6/CIN                       RBB_6L        6  [TILE 0 0, RBB 25 6]          -     r            6934                                                                       
   RBB_6/COUT                      RBB_6L        6  [TILE 0 0, RBB 25 6]        323     r            7257     {inst7: LED_CARRY4_S_O_1_CARRY4_O (CARRY4)}                       
   LED_CARRY4_S_O_1_CARRY4_O_CO    Net          28            (fanout=1)          0                     -                                                                       
   RBB_7/CIN                       RBB_6L        7  [TILE 0 0, RBB 28 6]          -     r            7257                                                                       
   RBB_7/CMUX                      RBB_6L        7  [TILE 0 0, RBB 28 6]       1082     r            8339     {inst6: LED_CARRY4_S (CARRY4)}                                    
   LED_CARRY4_S_O_1[22]            Net          54            (fanout=1)        606                     -                                                                       
   RBB_1/O[0]                      IOB           1  [TILE 0 0, RBB 31 6]          -     r            8945     {inst40: LED_OUT (FD)} {(output_port) inst36: g_36_LED_obuf (IO)} 
   -------------------------------------------------------------------------------------------------------------------------------------------------------------------------------
   RBB_1/CLK                       IOB           1  [TILE 0 0, RBB 31 6]        806     r            9751                                                                       
   clk                             Clock net     2          (fanout=225)      -2328                     -                                                                       
   clk                             CLOCK-PORT    -                     -    capture     r            7423                                                                       
   -------------------------------------------------------------------------------------------------------------------------------------------------------------------------------


Path 153:
   Slack (not met):                         -4009ps
     Path type:                               SETUP
     Group:                              <UDEF_clk>
     Launching clock:                           clk (rising edge)
     Capturing clock:                           clk (rising edge)

     Requested period:                       2000ps
   + Delay of the capturing clock:           2327ps
   - Clock uncertainty:                       150ps
   = Required time:                          4177ps
   - Propagation time:                       5890ps (82.1% logic, 17.9% route, logic stage 6)
   - Delay of the launching clock:           2296ps
   = Slack:                                 -4009ps

   Instance/Pin or Net Name        Type         ID    Location or Fanout   Delay(ps)  Edge  Arrival Time(ps)    Instance detail                                                 
   -------------------------------------------------------------------------------------------------------------------------------------------------------------------------------
   clk                             CLOCK-PORT    -                     -     launch     r               0                                                                       
   clk                             Clock net     2          (fanout=225)       2296                     -                                                                       
   RBB_2/CLK                       RBB_6L        2  [TILE 0 0, RBB 13 6]          -     r            2296                                                                       
   -------------------------------------------------------------------------------------------------------------------------------------------------------------------------------
   RBB_2/CQ                        RBB_6L        2  [TILE 0 0, RBB 13 6]        800     r            3096     {inst25: counter_FDRE_Q_19 (FD,site=cff)}                         
   counter[2]                      Net           6            (fanout=1)       1052                     -                                                                       
   RBB_2/C1                        RBB_6L        2  [TILE 0 0, RBB 13 6]          -     r            4148                                                                       
   RBB_2/COUT                      RBB_6L        2  [TILE 0 0, RBB 13 6]       1789     r            5937     {inst11: LED_CARRY4_S_O_1_CARRY4_O_4 (CARRY4)}                    
   LED_CARRY4_S_O_1_CARRY4_O_4_CO  Net          70            (fanout=1)          0                     -                                                                       
   RBB_3/CIN                       RBB_6L        3  [TILE 0 0, RBB 16 6]          -     r            5937                                                                       
   RBB_3/COUT                      RBB_6L        3  [TILE 0 0, RBB 16 6]        337     r            6274     {inst10: LED_CARRY4_S_O_1_CARRY4_O_3 (CARRY4)}                    
   LED_CARRY4_S_O_1_CARRY4_O_3_CO  Net          66            (fanout=1)          0                     -                                                                       
   RBB_4/CIN                       RBB_6L        4  [TILE 0 0, RBB 19 6]          -     r            6274                                                                       
   RBB_4/COUT                      RBB_6L        4  [TILE 0 0, RBB 19 6]        323     r            6597     {inst9: LED_CARRY4_S_O_1_CARRY4_O_2 (CARRY4)}                     
   LED_CARRY4_S_O_1_CARRY4_O_2_CO  Net          62            (fanout=1)          0                     -                                                                       
   RBB_5/CIN                       RBB_6L        5  [TILE 0 0, RBB 22 6]          -     r            6597                                                                       
   RBB_5/COUT                      RBB_6L        5  [TILE 0 0, RBB 22 6]        337     r            6934     {inst8: LED_CARRY4_S_O_1_CARRY4_O_1 (CARRY4)}                     
   LED_CARRY4_S_O_1_CARRY4_O_1_CO  Net          74            (fanout=1)          0                     -                                                                       
   RBB_6/CIN                       RBB_6L        6  [TILE 0 0, RBB 25 6]          -     r            6934                                                                       
   RBB_6/COUT                      RBB_6L        6  [TILE 0 0, RBB 25 6]        323     r            7257     {inst7: LED_CARRY4_S_O_1_CARRY4_O (CARRY4)}                       
   LED_CARRY4_S_O_1_CARRY4_O_CO    Net          28            (fanout=1)          0                     -                                                                       
   RBB_7/CIN                       RBB_6L        7  [TILE 0 0, RBB 28 6]          -     r            7257     {inst6: LED_CARRY4_S (CARRY4)} {inst13: LED_FDRE_Q (FD,site=cff)} 
   -------------------------------------------------------------------------------------------------------------------------------------------------------------------------------
   RBB_7/CLK                       RBB_6L        7  [TILE 0 0, RBB 28 6]        929     r            8186                                                                       
   clk                             Clock net     2          (fanout=225)      -2327                     -                                                                       
   clk                             CLOCK-PORT    -                     -    capture     r            5859                                                                       
   -------------------------------------------------------------------------------------------------------------------------------------------------------------------------------


Path 154:
   Slack (not met):                         -3953ps
     Path type:                               SETUP
     Group:                              <UDEF_clk>
     Launching clock:                           clk (rising edge)
     Capturing clock:                           clk (rising edge)

     Requested period:                       2000ps
   + Delay of the capturing clock:           2327ps
   - Clock uncertainty:                       150ps
   = Required time:                          4177ps
   - Propagation time:                       5834ps (82.0% logic, 18.0% route, logic stage 6)
   - Delay of the launching clock:           2296ps
   = Slack:                                 -3953ps

   Instance/Pin or Net Name        Type         ID    Location or Fanout   Delay(ps)  Edge  Arrival Time(ps)    Instance detail                                                     
   -----------------------------------------------------------------------------------------------------------------------------------------------------------------------------------
   clk                             CLOCK-PORT    -                     -     launch     r               0                                                                           
   clk                             Clock net     2          (fanout=225)       2296                     -                                                                           
   RBB_2/CLK                       RBB_6L        2  [TILE 0 0, RBB 13 6]          -     r            2296                                                                           
   -----------------------------------------------------------------------------------------------------------------------------------------------------------------------------------
   RBB_2/CQ                        RBB_6L        2  [TILE 0 0, RBB 13 6]        800     r            3096     {inst25: counter_FDRE_Q_19 (FD,site=cff)}                             
   counter[2]                      Net           6            (fanout=1)       1052                     -                                                                           
   RBB_2/C1                        RBB_6L        2  [TILE 0 0, RBB 13 6]          -     r            4148                                                                           
   RBB_2/COUT                      RBB_6L        2  [TILE 0 0, RBB 13 6]       1789     r            5937     {inst11: LED_CARRY4_S_O_1_CARRY4_O_4 (CARRY4)}                        
   LED_CARRY4_S_O_1_CARRY4_O_4_CO  Net          70            (fanout=1)          0                     -                                                                           
   RBB_3/CIN                       RBB_6L        3  [TILE 0 0, RBB 16 6]          -     r            5937                                                                           
   RBB_3/COUT                      RBB_6L        3  [TILE 0 0, RBB 16 6]        337     r            6274     {inst10: LED_CARRY4_S_O_1_CARRY4_O_3 (CARRY4)}                        
   LED_CARRY4_S_O_1_CARRY4_O_3_CO  Net          66            (fanout=1)          0                     -                                                                           
   RBB_4/CIN                       RBB_6L        4  [TILE 0 0, RBB 19 6]          -     r            6274                                                                           
   RBB_4/COUT                      RBB_6L        4  [TILE 0 0, RBB 19 6]        323     r            6597     {inst9: LED_CARRY4_S_O_1_CARRY4_O_2 (CARRY4)}                         
   LED_CARRY4_S_O_1_CARRY4_O_2_CO  Net          62            (fanout=1)          0                     -                                                                           
   RBB_5/CIN                       RBB_6L        5  [TILE 0 0, RBB 22 6]          -     r            6597                                                                           
   RBB_5/COUT                      RBB_6L        5  [TILE 0 0, RBB 22 6]        337     r            6934     {inst8: LED_CARRY4_S_O_1_CARRY4_O_1 (CARRY4)}                         
   LED_CARRY4_S_O_1_CARRY4_O_1_CO  Net          74            (fanout=1)          0                     -                                                                           
   RBB_6/CIN                       RBB_6L        6  [TILE 0 0, RBB 25 6]          -     r            6934                                                                           
   RBB_6/COUT                      RBB_6L        6  [TILE 0 0, RBB 25 6]        323     r            7257     {inst7: LED_CARRY4_S_O_1_CARRY4_O (CARRY4)}                           
   LED_CARRY4_S_O_1_CARRY4_O_CO    Net          28            (fanout=1)          0                     -                                                                           
   RBB_7/CIN                       RBB_6L        7  [TILE 0 0, RBB 28 6]          -     r            7257     {inst6: LED_CARRY4_S (CARRY4)} {inst14: counter_FDRE_Q (FD,site=bff)} 
   -----------------------------------------------------------------------------------------------------------------------------------------------------------------------------------
   RBB_7/CLK                       RBB_6L        7  [TILE 0 0, RBB 28 6]        873     r            8130                                                                           
   clk                             Clock net     2          (fanout=225)      -2327                     -                                                                           
   clk                             CLOCK-PORT    -                     -    capture     r            5803                                                                           
   -----------------------------------------------------------------------------------------------------------------------------------------------------------------------------------


Path 155:
   Slack (not met):                         -3701ps
     Path type:                               SETUP
     Group:                              <UDEF_clk>
     Launching clock:                           clk (rising edge)
     Capturing clock:                           clk (rising edge)

     Requested period:                       2000ps
   + Delay of the capturing clock:           2327ps
   - Clock uncertainty:                       150ps
   = Required time:                          4177ps
   - Propagation time:                       5582ps (81.2% logic, 18.8% route, logic stage 6)
   - Delay of the launching clock:           2296ps
   = Slack:                                 -3701ps

   Instance/Pin or Net Name        Type         ID    Location or Fanout   Delay(ps)  Edge  Arrival Time(ps)    Instance detail                                                       
   -------------------------------------------------------------------------------------------------------------------------------------------------------------------------------------
   clk                             CLOCK-PORT    -                     -     launch     r               0                                                                             
   clk                             Clock net     2          (fanout=225)       2296                     -                                                                             
   RBB_2/CLK                       RBB_6L        2  [TILE 0 0, RBB 13 6]          -     r            2296                                                                             
   -------------------------------------------------------------------------------------------------------------------------------------------------------------------------------------
   RBB_2/CQ                        RBB_6L        2  [TILE 0 0, RBB 13 6]        800     r            3096     {inst25: counter_FDRE_Q_19 (FD,site=cff)}                               
   counter[2]                      Net           6            (fanout=1)       1052                     -                                                                             
   RBB_2/C1                        RBB_6L        2  [TILE 0 0, RBB 13 6]          -     r            4148                                                                             
   RBB_2/COUT                      RBB_6L        2  [TILE 0 0, RBB 13 6]       1789     r            5937     {inst11: LED_CARRY4_S_O_1_CARRY4_O_4 (CARRY4)}                          
   LED_CARRY4_S_O_1_CARRY4_O_4_CO  Net          70            (fanout=1)          0                     -                                                                             
   RBB_3/CIN                       RBB_6L        3  [TILE 0 0, RBB 16 6]          -     r            5937                                                                             
   RBB_3/COUT                      RBB_6L        3  [TILE 0 0, RBB 16 6]        337     r            6274     {inst10: LED_CARRY4_S_O_1_CARRY4_O_3 (CARRY4)}                          
   LED_CARRY4_S_O_1_CARRY4_O_3_CO  Net          66            (fanout=1)          0                     -                                                                             
   RBB_4/CIN                       RBB_6L        4  [TILE 0 0, RBB 19 6]          -     r            6274                                                                             
   RBB_4/COUT                      RBB_6L        4  [TILE 0 0, RBB 19 6]        323     r            6597     {inst9: LED_CARRY4_S_O_1_CARRY4_O_2 (CARRY4)}                           
   LED_CARRY4_S_O_1_CARRY4_O_2_CO  Net          62            (fanout=1)          0                     -                                                                             
   RBB_5/CIN                       RBB_6L        5  [TILE 0 0, RBB 22 6]          -     r            6597                                                                             
   RBB_5/COUT                      RBB_6L        5  [TILE 0 0, RBB 22 6]        337     r            6934     {inst8: LED_CARRY4_S_O_1_CARRY4_O_1 (CARRY4)}                           
   LED_CARRY4_S_O_1_CARRY4_O_1_CO  Net          74            (fanout=1)          0                     -                                                                             
   RBB_6/CIN                       RBB_6L        6  [TILE 0 0, RBB 25 6]          -     r            6934                                                                             
   RBB_6/COUT                      RBB_6L        6  [TILE 0 0, RBB 25 6]        323     r            7257     {inst7: LED_CARRY4_S_O_1_CARRY4_O (CARRY4)}                             
   LED_CARRY4_S_O_1_CARRY4_O_CO    Net          28            (fanout=1)          0                     -                                                                             
   RBB_7/CIN                       RBB_6L        7  [TILE 0 0, RBB 28 6]          -     r            7257     {inst6: LED_CARRY4_S (CARRY4)} {inst15: counter_FDRE_Q_1 (FD,site=aff)} 
   -------------------------------------------------------------------------------------------------------------------------------------------------------------------------------------
   RBB_7/CLK                       RBB_6L        7  [TILE 0 0, RBB 28 6]        621     r            7878                                                                             
   clk                             Clock net     2          (fanout=225)      -2327                     -                                                                             
   clk                             CLOCK-PORT    -                     -    capture     r            5551                                                                             
   -------------------------------------------------------------------------------------------------------------------------------------------------------------------------------------


Path 156:
   Slack (not met):                         -3676ps
     Path type:                               SETUP
     Group:                              <UDEF_clk>
     Launching clock:                           clk (rising edge)
     Capturing clock:                           clk (rising edge)

     Requested period:                       2000ps
   + Delay of the capturing clock:           2319ps
   - Clock uncertainty:                       150ps
   = Required time:                          4169ps
   - Propagation time:                       5549ps (81.0% logic, 19.0% route, logic stage 5)
   - Delay of the launching clock:           2296ps
   = Slack:                                 -3676ps

   Instance/Pin or Net Name        Type         ID    Location or Fanout   Delay(ps)  Edge  Arrival Time(ps)    Instance detail                                                                    
   --------------------------------------------------------------------------------------------------------------------------------------------------------------------------------------------------
   clk                             CLOCK-PORT    -                     -     launch     r               0                                                                                          
   clk                             Clock net     2          (fanout=225)       2296                     -                                                                                          
   RBB_2/CLK                       RBB_6L        2  [TILE 0 0, RBB 13 6]          -     r            2296                                                                                          
   --------------------------------------------------------------------------------------------------------------------------------------------------------------------------------------------------
   RBB_2/CQ                        RBB_6L        2  [TILE 0 0, RBB 13 6]        800     r            3096     {inst25: counter_FDRE_Q_19 (FD,site=cff)}                                            
   counter[2]                      Net           6            (fanout=1)       1052                     -                                                                                          
   RBB_2/C1                        RBB_6L        2  [TILE 0 0, RBB 13 6]          -     r            4148                                                                                          
   RBB_2/COUT                      RBB_6L        2  [TILE 0 0, RBB 13 6]       1789     r            5937     {inst11: LED_CARRY4_S_O_1_CARRY4_O_4 (CARRY4)}                                       
   LED_CARRY4_S_O_1_CARRY4_O_4_CO  Net          70            (fanout=1)          0                     -                                                                                          
   RBB_3/CIN                       RBB_6L        3  [TILE 0 0, RBB 16 6]          -     r            5937                                                                                          
   RBB_3/COUT                      RBB_6L        3  [TILE 0 0, RBB 16 6]        337     r            6274     {inst10: LED_CARRY4_S_O_1_CARRY4_O_3 (CARRY4)}                                       
   LED_CARRY4_S_O_1_CARRY4_O_3_CO  Net          66            (fanout=1)          0                     -                                                                                          
   RBB_4/CIN                       RBB_6L        4  [TILE 0 0, RBB 19 6]          -     r            6274                                                                                          
   RBB_4/COUT                      RBB_6L        4  [TILE 0 0, RBB 19 6]        323     r            6597     {inst9: LED_CARRY4_S_O_1_CARRY4_O_2 (CARRY4)}                                        
   LED_CARRY4_S_O_1_CARRY4_O_2_CO  Net          62            (fanout=1)          0                     -                                                                                          
   RBB_5/CIN                       RBB_6L        5  [TILE 0 0, RBB 22 6]          -     r            6597                                                                                          
   RBB_5/COUT                      RBB_6L        5  [TILE 0 0, RBB 22 6]        337     r            6934     {inst8: LED_CARRY4_S_O_1_CARRY4_O_1 (CARRY4)}                                        
   LED_CARRY4_S_O_1_CARRY4_O_1_CO  Net          74            (fanout=1)          0                     -                                                                                          
   RBB_6/CIN                       RBB_6L        6  [TILE 0 0, RBB 25 6]          -     r            6934     {inst7: LED_CARRY4_S_O_1_CARRY4_O (CARRY4)} {inst26: counter_FDRE_Q_2 (FD,site=dff)} 
   --------------------------------------------------------------------------------------------------------------------------------------------------------------------------------------------------
   RBB_6/CLK                       RBB_6L        6  [TILE 0 0, RBB 25 6]        911     r            7845                                                                                          
   clk                             Clock net     2          (fanout=225)      -2319                     -                                                                                          
   clk                             CLOCK-PORT    -                     -    capture     r            5526                                                                                          
   --------------------------------------------------------------------------------------------------------------------------------------------------------------------------------------------------


Path 157:
   Slack (not met):                         -3617ps
     Path type:                               SETUP
     Group:                              <UDEF_clk>
     Launching clock:                           clk (rising edge)
     Capturing clock:                           clk (rising edge)

     Requested period:                       2000ps
   + Delay of the capturing clock:           2319ps
   - Clock uncertainty:                       150ps
   = Required time:                          4169ps
   - Propagation time:                       5490ps (80.8% logic, 19.2% route, logic stage 5)
   - Delay of the launching clock:           2296ps
   = Slack:                                 -3617ps

   Instance/Pin or Net Name        Type         ID    Location or Fanout   Delay(ps)  Edge  Arrival Time(ps)    Instance detail                                                                    
   --------------------------------------------------------------------------------------------------------------------------------------------------------------------------------------------------
   clk                             CLOCK-PORT    -                     -     launch     r               0                                                                                          
   clk                             Clock net     2          (fanout=225)       2296                     -                                                                                          
   RBB_2/CLK                       RBB_6L        2  [TILE 0 0, RBB 13 6]          -     r            2296                                                                                          
   --------------------------------------------------------------------------------------------------------------------------------------------------------------------------------------------------
   RBB_2/CQ                        RBB_6L        2  [TILE 0 0, RBB 13 6]        800     r            3096     {inst25: counter_FDRE_Q_19 (FD,site=cff)}                                            
   counter[2]                      Net           6            (fanout=1)       1052                     -                                                                                          
   RBB_2/C1                        RBB_6L        2  [TILE 0 0, RBB 13 6]          -     r            4148                                                                                          
   RBB_2/COUT                      RBB_6L        2  [TILE 0 0, RBB 13 6]       1789     r            5937     {inst11: LED_CARRY4_S_O_1_CARRY4_O_4 (CARRY4)}                                       
   LED_CARRY4_S_O_1_CARRY4_O_4_CO  Net          70            (fanout=1)          0                     -                                                                                          
   RBB_3/CIN                       RBB_6L        3  [TILE 0 0, RBB 16 6]          -     r            5937                                                                                          
   RBB_3/COUT                      RBB_6L        3  [TILE 0 0, RBB 16 6]        337     r            6274     {inst10: LED_CARRY4_S_O_1_CARRY4_O_3 (CARRY4)}                                       
   LED_CARRY4_S_O_1_CARRY4_O_3_CO  Net          66            (fanout=1)          0                     -                                                                                          
   RBB_4/CIN                       RBB_6L        4  [TILE 0 0, RBB 19 6]          -     r            6274                                                                                          
   RBB_4/COUT                      RBB_6L        4  [TILE 0 0, RBB 19 6]        323     r            6597     {inst9: LED_CARRY4_S_O_1_CARRY4_O_2 (CARRY4)}                                        
   LED_CARRY4_S_O_1_CARRY4_O_2_CO  Net          62            (fanout=1)          0                     -                                                                                          
   RBB_5/CIN                       RBB_6L        5  [TILE 0 0, RBB 22 6]          -     r            6597                                                                                          
   RBB_5/COUT                      RBB_6L        5  [TILE 0 0, RBB 22 6]        337     r            6934     {inst8: LED_CARRY4_S_O_1_CARRY4_O_1 (CARRY4)}                                        
   LED_CARRY4_S_O_1_CARRY4_O_1_CO  Net          74            (fanout=1)          0                     -                                                                                          
   RBB_6/CIN                       RBB_6L        6  [TILE 0 0, RBB 25 6]          -     r            6934     {inst7: LED_CARRY4_S_O_1_CARRY4_O (CARRY4)} {inst29: counter_FDRE_Q_3 (FD,site=cff)} 
   --------------------------------------------------------------------------------------------------------------------------------------------------------------------------------------------------
   RBB_6/CLK                       RBB_6L        6  [TILE 0 0, RBB 25 6]        852     r            7786                                                                                          
   clk                             Clock net     2          (fanout=225)      -2319                     -                                                                                          
   clk                             CLOCK-PORT    -                     -    capture     r            5467                                                                                          
   --------------------------------------------------------------------------------------------------------------------------------------------------------------------------------------------------


Path 158:
   Slack (not met):                         -3475ps
     Path type:                               SETUP
     Group:                              <UDEF_clk>
     Launching clock:                           clk (rising edge)
     Capturing clock:                           clk (rising edge)

     Requested period:                       2000ps
   + Delay of the capturing clock:           2319ps
   - Clock uncertainty:                       150ps
   = Required time:                          4169ps
   - Propagation time:                       5348ps (80.3% logic, 19.7% route, logic stage 5)
   - Delay of the launching clock:           2296ps
   = Slack:                                 -3475ps

   Instance/Pin or Net Name        Type         ID    Location or Fanout   Delay(ps)  Edge  Arrival Time(ps)    Instance detail                                                                    
   --------------------------------------------------------------------------------------------------------------------------------------------------------------------------------------------------
   clk                             CLOCK-PORT    -                     -     launch     r               0                                                                                          
   clk                             Clock net     2          (fanout=225)       2296                     -                                                                                          
   RBB_2/CLK                       RBB_6L        2  [TILE 0 0, RBB 13 6]          -     r            2296                                                                                          
   --------------------------------------------------------------------------------------------------------------------------------------------------------------------------------------------------
   RBB_2/CQ                        RBB_6L        2  [TILE 0 0, RBB 13 6]        800     r            3096     {inst25: counter_FDRE_Q_19 (FD,site=cff)}                                            
   counter[2]                      Net           6            (fanout=1)       1052                     -                                                                                          
   RBB_2/C1                        RBB_6L        2  [TILE 0 0, RBB 13 6]          -     r            4148                                                                                          
   RBB_2/COUT                      RBB_6L        2  [TILE 0 0, RBB 13 6]       1789     r            5937     {inst11: LED_CARRY4_S_O_1_CARRY4_O_4 (CARRY4)}                                       
   LED_CARRY4_S_O_1_CARRY4_O_4_CO  Net          70            (fanout=1)          0                     -                                                                                          
   RBB_3/CIN                       RBB_6L        3  [TILE 0 0, RBB 16 6]          -     r            5937                                                                                          
   RBB_3/COUT                      RBB_6L        3  [TILE 0 0, RBB 16 6]        337     r            6274     {inst10: LED_CARRY4_S_O_1_CARRY4_O_3 (CARRY4)}                                       
   LED_CARRY4_S_O_1_CARRY4_O_3_CO  Net          66            (fanout=1)          0                     -                                                                                          
   RBB_4/CIN                       RBB_6L        4  [TILE 0 0, RBB 19 6]          -     r            6274                                                                                          
   RBB_4/COUT                      RBB_6L        4  [TILE 0 0, RBB 19 6]        323     r            6597     {inst9: LED_CARRY4_S_O_1_CARRY4_O_2 (CARRY4)}                                        
   LED_CARRY4_S_O_1_CARRY4_O_2_CO  Net          62            (fanout=1)          0                     -                                                                                          
   RBB_5/CIN                       RBB_6L        5  [TILE 0 0, RBB 22 6]          -     r            6597                                                                                          
   RBB_5/COUT                      RBB_6L        5  [TILE 0 0, RBB 22 6]        337     r            6934     {inst8: LED_CARRY4_S_O_1_CARRY4_O_1 (CARRY4)}                                        
   LED_CARRY4_S_O_1_CARRY4_O_1_CO  Net          74            (fanout=1)          0                     -                                                                                          
   RBB_6/CIN                       RBB_6L        6  [TILE 0 0, RBB 25 6]          -     r            6934     {inst7: LED_CARRY4_S_O_1_CARRY4_O (CARRY4)} {inst30: counter_FDRE_Q_4 (FD,site=bff)} 
   --------------------------------------------------------------------------------------------------------------------------------------------------------------------------------------------------
   RBB_6/CLK                       RBB_6L        6  [TILE 0 0, RBB 25 6]        710     r            7644                                                                                          
   clk                             Clock net     2          (fanout=225)      -2319                     -                                                                                          
   clk                             CLOCK-PORT    -                     -    capture     r            5325                                                                                          
   --------------------------------------------------------------------------------------------------------------------------------------------------------------------------------------------------


Path 159:
   Slack (not met):                         -3358ps
     Path type:                               SETUP
     Group:                              <UDEF_clk>
     Launching clock:                           clk (rising edge)
     Capturing clock:                           clk (rising edge)

     Requested period:                       2000ps
   + Delay of the capturing clock:           2318ps
   - Clock uncertainty:                       150ps
   = Required time:                          4168ps
   - Propagation time:                       5230ps (79.9% logic, 20.1% route, logic stage 4)
   - Delay of the launching clock:           2296ps
   = Slack:                                 -3358ps

   Instance/Pin or Net Name        Type         ID    Location or Fanout   Delay(ps)  Edge  Arrival Time(ps)    Instance detail                                                                      
   ----------------------------------------------------------------------------------------------------------------------------------------------------------------------------------------------------
   clk                             CLOCK-PORT    -                     -     launch     r               0                                                                                            
   clk                             Clock net     2          (fanout=225)       2296                     -                                                                                            
   RBB_2/CLK                       RBB_6L        2  [TILE 0 0, RBB 13 6]          -     r            2296                                                                                            
   ----------------------------------------------------------------------------------------------------------------------------------------------------------------------------------------------------
   RBB_2/CQ                        RBB_6L        2  [TILE 0 0, RBB 13 6]        800     r            3096     {inst25: counter_FDRE_Q_19 (FD,site=cff)}                                              
   counter[2]                      Net           6            (fanout=1)       1052                     -                                                                                            
   RBB_2/C1                        RBB_6L        2  [TILE 0 0, RBB 13 6]          -     r            4148                                                                                            
   RBB_2/COUT                      RBB_6L        2  [TILE 0 0, RBB 13 6]       1789     r            5937     {inst11: LED_CARRY4_S_O_1_CARRY4_O_4 (CARRY4)}                                         
   LED_CARRY4_S_O_1_CARRY4_O_4_CO  Net          70            (fanout=1)          0                     -                                                                                            
   RBB_3/CIN                       RBB_6L        3  [TILE 0 0, RBB 16 6]          -     r            5937                                                                                            
   RBB_3/COUT                      RBB_6L        3  [TILE 0 0, RBB 16 6]        337     r            6274     {inst10: LED_CARRY4_S_O_1_CARRY4_O_3 (CARRY4)}                                         
   LED_CARRY4_S_O_1_CARRY4_O_3_CO  Net          66            (fanout=1)          0                     -                                                                                            
   RBB_4/CIN                       RBB_6L        4  [TILE 0 0, RBB 19 6]          -     r            6274                                                                                            
   RBB_4/COUT                      RBB_6L        4  [TILE 0 0, RBB 19 6]        323     r            6597     {inst9: LED_CARRY4_S_O_1_CARRY4_O_2 (CARRY4)}                                          
   LED_CARRY4_S_O_1_CARRY4_O_2_CO  Net          62            (fanout=1)          0                     -                                                                                            
   RBB_5/CIN                       RBB_6L        5  [TILE 0 0, RBB 22 6]          -     r            6597     {inst8: LED_CARRY4_S_O_1_CARRY4_O_1 (CARRY4)} {inst33: counter_FDRE_Q_7 (FD,site=cff)} 
   ----------------------------------------------------------------------------------------------------------------------------------------------------------------------------------------------------
   RBB_5/CLK                       RBB_6L        5  [TILE 0 0, RBB 22 6]        929     r            7526                                                                                            
   clk                             Clock net     2          (fanout=225)      -2318                     -                                                                                            
   clk                             CLOCK-PORT    -                     -    capture     r            5208                                                                                            
   ----------------------------------------------------------------------------------------------------------------------------------------------------------------------------------------------------


Path 160:
   Slack (not met):                         -3333ps
     Path type:                               SETUP
     Group:                              <UDEF_clk>
     Launching clock:                           clk (rising edge)
     Capturing clock:                           clk (rising edge)

     Requested period:                       2000ps
   + Delay of the capturing clock:           2318ps
   - Clock uncertainty:                       150ps
   = Required time:                          4168ps
   - Propagation time:                       5205ps (79.8% logic, 20.2% route, logic stage 4)
   - Delay of the launching clock:           2296ps
   = Slack:                                 -3333ps

   Instance/Pin or Net Name        Type         ID    Location or Fanout   Delay(ps)  Edge  Arrival Time(ps)    Instance detail                                                                      
   ----------------------------------------------------------------------------------------------------------------------------------------------------------------------------------------------------
   clk                             CLOCK-PORT    -                     -     launch     r               0                                                                                            
   clk                             Clock net     2          (fanout=225)       2296                     -                                                                                            
   RBB_2/CLK                       RBB_6L        2  [TILE 0 0, RBB 13 6]          -     r            2296                                                                                            
   ----------------------------------------------------------------------------------------------------------------------------------------------------------------------------------------------------
   RBB_2/CQ                        RBB_6L        2  [TILE 0 0, RBB 13 6]        800     r            3096     {inst25: counter_FDRE_Q_19 (FD,site=cff)}                                              
   counter[2]                      Net           6            (fanout=1)       1052                     -                                                                                            
   RBB_2/C1                        RBB_6L        2  [TILE 0 0, RBB 13 6]          -     r            4148                                                                                            
   RBB_2/COUT                      RBB_6L        2  [TILE 0 0, RBB 13 6]       1789     r            5937     {inst11: LED_CARRY4_S_O_1_CARRY4_O_4 (CARRY4)}                                         
   LED_CARRY4_S_O_1_CARRY4_O_4_CO  Net          70            (fanout=1)          0                     -                                                                                            
   RBB_3/CIN                       RBB_6L        3  [TILE 0 0, RBB 16 6]          -     r            5937                                                                                            
   RBB_3/COUT                      RBB_6L        3  [TILE 0 0, RBB 16 6]        337     r            6274     {inst10: LED_CARRY4_S_O_1_CARRY4_O_3 (CARRY4)}                                         
   LED_CARRY4_S_O_1_CARRY4_O_3_CO  Net          66            (fanout=1)          0                     -                                                                                            
   RBB_4/CIN                       RBB_6L        4  [TILE 0 0, RBB 19 6]          -     r            6274                                                                                            
   RBB_4/COUT                      RBB_6L        4  [TILE 0 0, RBB 19 6]        323     r            6597     {inst9: LED_CARRY4_S_O_1_CARRY4_O_2 (CARRY4)}                                          
   LED_CARRY4_S_O_1_CARRY4_O_2_CO  Net          62            (fanout=1)          0                     -                                                                                            
   RBB_5/CIN                       RBB_6L        5  [TILE 0 0, RBB 22 6]          -     r            6597     {inst8: LED_CARRY4_S_O_1_CARRY4_O_1 (CARRY4)} {inst32: counter_FDRE_Q_6 (FD,site=dff)} 
   ----------------------------------------------------------------------------------------------------------------------------------------------------------------------------------------------------
   RBB_5/CLK                       RBB_6L        5  [TILE 0 0, RBB 22 6]        904     r            7501                                                                                            
   clk                             Clock net     2          (fanout=225)      -2318                     -                                                                                            
   clk                             CLOCK-PORT    -                     -    capture     r            5183                                                                                            
   ----------------------------------------------------------------------------------------------------------------------------------------------------------------------------------------------------


Path 161:
   Slack (not met):                         -3308ps
     Path type:                               SETUP
     Group:                              <UDEF_clk>
     Launching clock:                           clk (rising edge)
     Capturing clock:                           clk (rising edge)

     Requested period:                       2000ps
   + Delay of the capturing clock:           2319ps
   - Clock uncertainty:                       150ps
   = Required time:                          4169ps
   - Propagation time:                       5181ps (79.7% logic, 20.3% route, logic stage 5)
   - Delay of the launching clock:           2296ps
   = Slack:                                 -3308ps

   Instance/Pin or Net Name        Type         ID    Location or Fanout   Delay(ps)  Edge  Arrival Time(ps)    Instance detail                                                                    
   --------------------------------------------------------------------------------------------------------------------------------------------------------------------------------------------------
   clk                             CLOCK-PORT    -                     -     launch     r               0                                                                                          
   clk                             Clock net     2          (fanout=225)       2296                     -                                                                                          
   RBB_2/CLK                       RBB_6L        2  [TILE 0 0, RBB 13 6]          -     r            2296                                                                                          
   --------------------------------------------------------------------------------------------------------------------------------------------------------------------------------------------------
   RBB_2/CQ                        RBB_6L        2  [TILE 0 0, RBB 13 6]        800     r            3096     {inst25: counter_FDRE_Q_19 (FD,site=cff)}                                            
   counter[2]                      Net           6            (fanout=1)       1052                     -                                                                                          
   RBB_2/C1                        RBB_6L        2  [TILE 0 0, RBB 13 6]          -     r            4148                                                                                          
   RBB_2/COUT                      RBB_6L        2  [TILE 0 0, RBB 13 6]       1789     r            5937     {inst11: LED_CARRY4_S_O_1_CARRY4_O_4 (CARRY4)}                                       
   LED_CARRY4_S_O_1_CARRY4_O_4_CO  Net          70            (fanout=1)          0                     -                                                                                          
   RBB_3/CIN                       RBB_6L        3  [TILE 0 0, RBB 16 6]          -     r            5937                                                                                          
   RBB_3/COUT                      RBB_6L        3  [TILE 0 0, RBB 16 6]        337     r            6274     {inst10: LED_CARRY4_S_O_1_CARRY4_O_3 (CARRY4)}                                       
   LED_CARRY4_S_O_1_CARRY4_O_3_CO  Net          66            (fanout=1)          0                     -                                                                                          
   RBB_4/CIN                       RBB_6L        4  [TILE 0 0, RBB 19 6]          -     r            6274                                                                                          
   RBB_4/COUT                      RBB_6L        4  [TILE 0 0, RBB 19 6]        323     r            6597     {inst9: LED_CARRY4_S_O_1_CARRY4_O_2 (CARRY4)}                                        
   LED_CARRY4_S_O_1_CARRY4_O_2_CO  Net          62            (fanout=1)          0                     -                                                                                          
   RBB_5/CIN                       RBB_6L        5  [TILE 0 0, RBB 22 6]          -     r            6597                                                                                          
   RBB_5/COUT                      RBB_6L        5  [TILE 0 0, RBB 22 6]        337     r            6934     {inst8: LED_CARRY4_S_O_1_CARRY4_O_1 (CARRY4)}                                        
   LED_CARRY4_S_O_1_CARRY4_O_1_CO  Net          74            (fanout=1)          0                     -                                                                                          
   RBB_6/CIN                       RBB_6L        6  [TILE 0 0, RBB 25 6]          -     r            6934     {inst7: LED_CARRY4_S_O_1_CARRY4_O (CARRY4)} {inst31: counter_FDRE_Q_5 (FD,site=aff)} 
   --------------------------------------------------------------------------------------------------------------------------------------------------------------------------------------------------
   RBB_6/CLK                       RBB_6L        6  [TILE 0 0, RBB 25 6]        543     r            7477                                                                                          
   clk                             Clock net     2          (fanout=225)      -2319                     -                                                                                          
   clk                             CLOCK-PORT    -                     -    capture     r            5158                                                                                          
   --------------------------------------------------------------------------------------------------------------------------------------------------------------------------------------------------


Path 162:
   Slack (not met):                         -3302ps
     Path type:                               SETUP
     Group:                              <UDEF_clk>
     Launching clock:                           clk (rising edge)
     Capturing clock:                           clk (rising edge)

     Requested period:                       2000ps
   + Delay of the capturing clock:           2318ps
   - Clock uncertainty:                       150ps
   = Required time:                          4168ps
   - Propagation time:                       5174ps (79.7% logic, 20.3% route, logic stage 4)
   - Delay of the launching clock:           2296ps
   = Slack:                                 -3302ps

   Instance/Pin or Net Name        Type         ID    Location or Fanout   Delay(ps)  Edge  Arrival Time(ps)    Instance detail                                                                      
   ----------------------------------------------------------------------------------------------------------------------------------------------------------------------------------------------------
   clk                             CLOCK-PORT    -                     -     launch     r               0                                                                                            
   clk                             Clock net     2          (fanout=225)       2296                     -                                                                                            
   RBB_2/CLK                       RBB_6L        2  [TILE 0 0, RBB 13 6]          -     r            2296                                                                                            
   ----------------------------------------------------------------------------------------------------------------------------------------------------------------------------------------------------
   RBB_2/CQ                        RBB_6L        2  [TILE 0 0, RBB 13 6]        800     r            3096     {inst25: counter_FDRE_Q_19 (FD,site=cff)}                                              
   counter[2]                      Net           6            (fanout=1)       1052                     -                                                                                            
   RBB_2/C1                        RBB_6L        2  [TILE 0 0, RBB 13 6]          -     r            4148                                                                                            
   RBB_2/COUT                      RBB_6L        2  [TILE 0 0, RBB 13 6]       1789     r            5937     {inst11: LED_CARRY4_S_O_1_CARRY4_O_4 (CARRY4)}                                         
   LED_CARRY4_S_O_1_CARRY4_O_4_CO  Net          70            (fanout=1)          0                     -                                                                                            
   RBB_3/CIN                       RBB_6L        3  [TILE 0 0, RBB 16 6]          -     r            5937                                                                                            
   RBB_3/COUT                      RBB_6L        3  [TILE 0 0, RBB 16 6]        337     r            6274     {inst10: LED_CARRY4_S_O_1_CARRY4_O_3 (CARRY4)}                                         
   LED_CARRY4_S_O_1_CARRY4_O_3_CO  Net          66            (fanout=1)          0                     -                                                                                            
   RBB_4/CIN                       RBB_6L        4  [TILE 0 0, RBB 19 6]          -     r            6274                                                                                            
   RBB_4/COUT                      RBB_6L        4  [TILE 0 0, RBB 19 6]        323     r            6597     {inst9: LED_CARRY4_S_O_1_CARRY4_O_2 (CARRY4)}                                          
   LED_CARRY4_S_O_1_CARRY4_O_2_CO  Net          62            (fanout=1)          0                     -                                                                                            
   RBB_5/CIN                       RBB_6L        5  [TILE 0 0, RBB 22 6]          -     r            6597     {inst8: LED_CARRY4_S_O_1_CARRY4_O_1 (CARRY4)} {inst34: counter_FDRE_Q_8 (FD,site=bff)} 
   ----------------------------------------------------------------------------------------------------------------------------------------------------------------------------------------------------
   RBB_5/CLK                       RBB_6L        5  [TILE 0 0, RBB 22 6]        873     r            7470                                                                                            
   clk                             Clock net     2          (fanout=225)      -2318                     -                                                                                            
   clk                             CLOCK-PORT    -                     -    capture     r            5152                                                                                            
   ----------------------------------------------------------------------------------------------------------------------------------------------------------------------------------------------------


Path 163:
   Slack (not met):                         -3050ps
     Path type:                               SETUP
     Group:                              <UDEF_clk>
     Launching clock:                           clk (rising edge)
     Capturing clock:                           clk (rising edge)

     Requested period:                       2000ps
   + Delay of the capturing clock:           2318ps
   - Clock uncertainty:                       150ps
   = Required time:                          4168ps
   - Propagation time:                       4922ps (78.6% logic, 21.4% route, logic stage 4)
   - Delay of the launching clock:           2296ps
   = Slack:                                 -3050ps

   Instance/Pin or Net Name        Type         ID    Location or Fanout   Delay(ps)  Edge  Arrival Time(ps)    Instance detail                                                                      
   ----------------------------------------------------------------------------------------------------------------------------------------------------------------------------------------------------
   clk                             CLOCK-PORT    -                     -     launch     r               0                                                                                            
   clk                             Clock net     2          (fanout=225)       2296                     -                                                                                            
   RBB_2/CLK                       RBB_6L        2  [TILE 0 0, RBB 13 6]          -     r            2296                                                                                            
   ----------------------------------------------------------------------------------------------------------------------------------------------------------------------------------------------------
   RBB_2/CQ                        RBB_6L        2  [TILE 0 0, RBB 13 6]        800     r            3096     {inst25: counter_FDRE_Q_19 (FD,site=cff)}                                              
   counter[2]                      Net           6            (fanout=1)       1052                     -                                                                                            
   RBB_2/C1                        RBB_6L        2  [TILE 0 0, RBB 13 6]          -     r            4148                                                                                            
   RBB_2/COUT                      RBB_6L        2  [TILE 0 0, RBB 13 6]       1789     r            5937     {inst11: LED_CARRY4_S_O_1_CARRY4_O_4 (CARRY4)}                                         
   LED_CARRY4_S_O_1_CARRY4_O_4_CO  Net          70            (fanout=1)          0                     -                                                                                            
   RBB_3/CIN                       RBB_6L        3  [TILE 0 0, RBB 16 6]          -     r            5937                                                                                            
   RBB_3/COUT                      RBB_6L        3  [TILE 0 0, RBB 16 6]        337     r            6274     {inst10: LED_CARRY4_S_O_1_CARRY4_O_3 (CARRY4)}                                         
   LED_CARRY4_S_O_1_CARRY4_O_3_CO  Net          66            (fanout=1)          0                     -                                                                                            
   RBB_4/CIN                       RBB_6L        4  [TILE 0 0, RBB 19 6]          -     r            6274                                                                                            
   RBB_4/COUT                      RBB_6L        4  [TILE 0 0, RBB 19 6]        323     r            6597     {inst9: LED_CARRY4_S_O_1_CARRY4_O_2 (CARRY4)}                                          
   LED_CARRY4_S_O_1_CARRY4_O_2_CO  Net          62            (fanout=1)          0                     -                                                                                            
   RBB_5/CIN                       RBB_6L        5  [TILE 0 0, RBB 22 6]          -     r            6597     {inst8: LED_CARRY4_S_O_1_CARRY4_O_1 (CARRY4)} {inst35: counter_FDRE_Q_9 (FD,site=aff)} 
   ----------------------------------------------------------------------------------------------------------------------------------------------------------------------------------------------------
   RBB_5/CLK                       RBB_6L        5  [TILE 0 0, RBB 22 6]        621     r            7218                                                                                            
   clk                             Clock net     2          (fanout=225)      -2318                     -                                                                                            
   clk                             CLOCK-PORT    -                     -    capture     r            4900                                                                                            
   ----------------------------------------------------------------------------------------------------------------------------------------------------------------------------------------------------


Path 164:
   Slack (not met):                         -3037ps
     Path type:                               SETUP
     Group:                              <UDEF_clk>
     Launching clock:                           clk (rising edge)
     Capturing clock:                           clk (rising edge)

     Requested period:                       2000ps
   + Delay of the capturing clock:           2298ps
   - Clock uncertainty:                       150ps
   = Required time:                          4148ps
   - Propagation time:                       4889ps (78.5% logic, 21.5% route, logic stage 3)
   - Delay of the launching clock:           2296ps
   = Slack:                                 -3037ps

   Instance/Pin or Net Name        Type         ID    Location or Fanout   Delay(ps)  Edge  Arrival Time(ps)    Instance detail                                                                       
   -----------------------------------------------------------------------------------------------------------------------------------------------------------------------------------------------------
   clk                             CLOCK-PORT    -                     -     launch     r               0                                                                                             
   clk                             Clock net     2          (fanout=225)       2296                     -                                                                                             
   RBB_2/CLK                       RBB_6L        2  [TILE 0 0, RBB 13 6]          -     r            2296                                                                                             
   -----------------------------------------------------------------------------------------------------------------------------------------------------------------------------------------------------
   RBB_2/CQ                        RBB_6L        2  [TILE 0 0, RBB 13 6]        800     r            3096     {inst25: counter_FDRE_Q_19 (FD,site=cff)}                                               
   counter[2]                      Net           6            (fanout=1)       1052                     -                                                                                             
   RBB_2/C1                        RBB_6L        2  [TILE 0 0, RBB 13 6]          -     r            4148                                                                                             
   RBB_2/COUT                      RBB_6L        2  [TILE 0 0, RBB 13 6]       1789     r            5937     {inst11: LED_CARRY4_S_O_1_CARRY4_O_4 (CARRY4)}                                          
   LED_CARRY4_S_O_1_CARRY4_O_4_CO  Net          70            (fanout=1)          0                     -                                                                                             
   RBB_3/CIN                       RBB_6L        3  [TILE 0 0, RBB 16 6]          -     r            5937                                                                                             
   RBB_3/COUT                      RBB_6L        3  [TILE 0 0, RBB 16 6]        337     r            6274     {inst10: LED_CARRY4_S_O_1_CARRY4_O_3 (CARRY4)}                                          
   LED_CARRY4_S_O_1_CARRY4_O_3_CO  Net          66            (fanout=1)          0                     -                                                                                             
   RBB_4/CIN                       RBB_6L        4  [TILE 0 0, RBB 19 6]          -     r            6274     {inst9: LED_CARRY4_S_O_1_CARRY4_O_2 (CARRY4)} {inst16: counter_FDRE_Q_10 (FD,site=dff)} 
   -----------------------------------------------------------------------------------------------------------------------------------------------------------------------------------------------------
   RBB_4/CLK                       RBB_6L        4  [TILE 0 0, RBB 19 6]        911     r            7185                                                                                             
   clk                             Clock net     2          (fanout=225)      -2298                     -                                                                                             
   clk                             CLOCK-PORT    -                     -    capture     r            4887                                                                                             
   -----------------------------------------------------------------------------------------------------------------------------------------------------------------------------------------------------


Path 165:
   Slack (not met):                         -2978ps
     Path type:                               SETUP
     Group:                              <UDEF_clk>
     Launching clock:                           clk (rising edge)
     Capturing clock:                           clk (rising edge)

     Requested period:                       2000ps
   + Delay of the capturing clock:           2298ps
   - Clock uncertainty:                       150ps
   = Required time:                          4148ps
   - Propagation time:                       4830ps (78.2% logic, 21.8% route, logic stage 3)
   - Delay of the launching clock:           2296ps
   = Slack:                                 -2978ps

   Instance/Pin or Net Name        Type         ID    Location or Fanout   Delay(ps)  Edge  Arrival Time(ps)    Instance detail                                                                       
   -----------------------------------------------------------------------------------------------------------------------------------------------------------------------------------------------------
   clk                             CLOCK-PORT    -                     -     launch     r               0                                                                                             
   clk                             Clock net     2          (fanout=225)       2296                     -                                                                                             
   RBB_2/CLK                       RBB_6L        2  [TILE 0 0, RBB 13 6]          -     r            2296                                                                                             
   -----------------------------------------------------------------------------------------------------------------------------------------------------------------------------------------------------
   RBB_2/CQ                        RBB_6L        2  [TILE 0 0, RBB 13 6]        800     r            3096     {inst25: counter_FDRE_Q_19 (FD,site=cff)}                                               
   counter[2]                      Net           6            (fanout=1)       1052                     -                                                                                             
   RBB_2/C1                        RBB_6L        2  [TILE 0 0, RBB 13 6]          -     r            4148                                                                                             
   RBB_2/COUT                      RBB_6L        2  [TILE 0 0, RBB 13 6]       1789     r            5937     {inst11: LED_CARRY4_S_O_1_CARRY4_O_4 (CARRY4)}                                          
   LED_CARRY4_S_O_1_CARRY4_O_4_CO  Net          70            (fanout=1)          0                     -                                                                                             
   RBB_3/CIN                       RBB_6L        3  [TILE 0 0, RBB 16 6]          -     r            5937                                                                                             
   RBB_3/COUT                      RBB_6L        3  [TILE 0 0, RBB 16 6]        337     r            6274     {inst10: LED_CARRY4_S_O_1_CARRY4_O_3 (CARRY4)}                                          
   LED_CARRY4_S_O_1_CARRY4_O_3_CO  Net          66            (fanout=1)          0                     -                                                                                             
   RBB_4/CIN                       RBB_6L        4  [TILE 0 0, RBB 19 6]          -     r            6274     {inst9: LED_CARRY4_S_O_1_CARRY4_O_2 (CARRY4)} {inst17: counter_FDRE_Q_11 (FD,site=cff)} 
   -----------------------------------------------------------------------------------------------------------------------------------------------------------------------------------------------------
   RBB_4/CLK                       RBB_6L        4  [TILE 0 0, RBB 19 6]        852     r            7126                                                                                             
   clk                             Clock net     2          (fanout=225)      -2298                     -                                                                                             
   clk                             CLOCK-PORT    -                     -    capture     r            4828                                                                                             
   -----------------------------------------------------------------------------------------------------------------------------------------------------------------------------------------------------


Path 166:
   Slack (not met):                         -2836ps
     Path type:                               SETUP
     Group:                              <UDEF_clk>
     Launching clock:                           clk (rising edge)
     Capturing clock:                           clk (rising edge)

     Requested period:                       2000ps
   + Delay of the capturing clock:           2298ps
   - Clock uncertainty:                       150ps
   = Required time:                          4148ps
   - Propagation time:                       4688ps (77.6% logic, 22.4% route, logic stage 3)
   - Delay of the launching clock:           2296ps
   = Slack:                                 -2836ps

   Instance/Pin or Net Name        Type         ID    Location or Fanout   Delay(ps)  Edge  Arrival Time(ps)    Instance detail                                                                       
   -----------------------------------------------------------------------------------------------------------------------------------------------------------------------------------------------------
   clk                             CLOCK-PORT    -                     -     launch     r               0                                                                                             
   clk                             Clock net     2          (fanout=225)       2296                     -                                                                                             
   RBB_2/CLK                       RBB_6L        2  [TILE 0 0, RBB 13 6]          -     r            2296                                                                                             
   -----------------------------------------------------------------------------------------------------------------------------------------------------------------------------------------------------
   RBB_2/CQ                        RBB_6L        2  [TILE 0 0, RBB 13 6]        800     r            3096     {inst25: counter_FDRE_Q_19 (FD,site=cff)}                                               
   counter[2]                      Net           6            (fanout=1)       1052                     -                                                                                             
   RBB_2/C1                        RBB_6L        2  [TILE 0 0, RBB 13 6]          -     r            4148                                                                                             
   RBB_2/COUT                      RBB_6L        2  [TILE 0 0, RBB 13 6]       1789     r            5937     {inst11: LED_CARRY4_S_O_1_CARRY4_O_4 (CARRY4)}                                          
   LED_CARRY4_S_O_1_CARRY4_O_4_CO  Net          70            (fanout=1)          0                     -                                                                                             
   RBB_3/CIN                       RBB_6L        3  [TILE 0 0, RBB 16 6]          -     r            5937                                                                                             
   RBB_3/COUT                      RBB_6L        3  [TILE 0 0, RBB 16 6]        337     r            6274     {inst10: LED_CARRY4_S_O_1_CARRY4_O_3 (CARRY4)}                                          
   LED_CARRY4_S_O_1_CARRY4_O_3_CO  Net          66            (fanout=1)          0                     -                                                                                             
   RBB_4/CIN                       RBB_6L        4  [TILE 0 0, RBB 19 6]          -     r            6274     {inst9: LED_CARRY4_S_O_1_CARRY4_O_2 (CARRY4)} {inst18: counter_FDRE_Q_12 (FD,site=bff)} 
   -----------------------------------------------------------------------------------------------------------------------------------------------------------------------------------------------------
   RBB_4/CLK                       RBB_6L        4  [TILE 0 0, RBB 19 6]        710     r            6984                                                                                             
   clk                             Clock net     2          (fanout=225)      -2298                     -                                                                                             
   clk                             CLOCK-PORT    -                     -    capture     r            4686                                                                                             
   -----------------------------------------------------------------------------------------------------------------------------------------------------------------------------------------------------


Path 167:
   Slack (not met):                         -2722ps
     Path type:                               SETUP
     Group:                              <UDEF_clk>
     Launching clock:                           clk (rising edge)
     Capturing clock:                           clk (rising edge)

     Requested period:                       2000ps
   + Delay of the capturing clock:           2294ps
   - Clock uncertainty:                       150ps
   = Required time:                          4144ps
   - Propagation time:                       4570ps (77.0% logic, 23.0% route, logic stage 2)
   - Delay of the launching clock:           2296ps
   = Slack:                                 -2722ps

   Instance/Pin or Net Name        Type         ID    Location or Fanout   Delay(ps)  Edge  Arrival Time(ps)    Instance detail                                                                        
   ------------------------------------------------------------------------------------------------------------------------------------------------------------------------------------------------------
   clk                             CLOCK-PORT    -                     -     launch     r               0                                                                                              
   clk                             Clock net     2          (fanout=225)       2296                     -                                                                                              
   RBB_2/CLK                       RBB_6L        2  [TILE 0 0, RBB 13 6]          -     r            2296                                                                                              
   ------------------------------------------------------------------------------------------------------------------------------------------------------------------------------------------------------
   RBB_2/CQ                        RBB_6L        2  [TILE 0 0, RBB 13 6]        800     r            3096     {inst25: counter_FDRE_Q_19 (FD,site=cff)}                                                
   counter[2]                      Net           6            (fanout=1)       1052                     -                                                                                              
   RBB_2/C1                        RBB_6L        2  [TILE 0 0, RBB 13 6]          -     r            4148                                                                                              
   RBB_2/COUT                      RBB_6L        2  [TILE 0 0, RBB 13 6]       1789     r            5937     {inst11: LED_CARRY4_S_O_1_CARRY4_O_4 (CARRY4)}                                           
   LED_CARRY4_S_O_1_CARRY4_O_4_CO  Net          70            (fanout=1)          0                     -                                                                                              
   RBB_3/CIN                       RBB_6L        3  [TILE 0 0, RBB 16 6]          -     r            5937     {inst10: LED_CARRY4_S_O_1_CARRY4_O_3 (CARRY4)} {inst21: counter_FDRE_Q_15 (FD,site=cff)} 
   ------------------------------------------------------------------------------------------------------------------------------------------------------------------------------------------------------
   RBB_3/CLK                       RBB_6L        3  [TILE 0 0, RBB 16 6]        929     r            6866                                                                                              
   clk                             Clock net     2          (fanout=225)      -2294                     -                                                                                              
   clk                             CLOCK-PORT    -                     -    capture     r            4572                                                                                              
   ------------------------------------------------------------------------------------------------------------------------------------------------------------------------------------------------------


Path 168:
   Slack (not met):                         -2697ps
     Path type:                               SETUP
     Group:                              <UDEF_clk>
     Launching clock:                           clk (rising edge)
     Capturing clock:                           clk (rising edge)

     Requested period:                       2000ps
   + Delay of the capturing clock:           2294ps
   - Clock uncertainty:                       150ps
   = Required time:                          4144ps
   - Propagation time:                       4545ps (76.9% logic, 23.1% route, logic stage 2)
   - Delay of the launching clock:           2296ps
   = Slack:                                 -2697ps

   Instance/Pin or Net Name        Type         ID    Location or Fanout   Delay(ps)  Edge  Arrival Time(ps)    Instance detail                                                                        
   ------------------------------------------------------------------------------------------------------------------------------------------------------------------------------------------------------
   clk                             CLOCK-PORT    -                     -     launch     r               0                                                                                              
   clk                             Clock net     2          (fanout=225)       2296                     -                                                                                              
   RBB_2/CLK                       RBB_6L        2  [TILE 0 0, RBB 13 6]          -     r            2296                                                                                              
   ------------------------------------------------------------------------------------------------------------------------------------------------------------------------------------------------------
   RBB_2/CQ                        RBB_6L        2  [TILE 0 0, RBB 13 6]        800     r            3096     {inst25: counter_FDRE_Q_19 (FD,site=cff)}                                                
   counter[2]                      Net           6            (fanout=1)       1052                     -                                                                                              
   RBB_2/C1                        RBB_6L        2  [TILE 0 0, RBB 13 6]          -     r            4148                                                                                              
   RBB_2/COUT                      RBB_6L        2  [TILE 0 0, RBB 13 6]       1789     r            5937     {inst11: LED_CARRY4_S_O_1_CARRY4_O_4 (CARRY4)}                                           
   LED_CARRY4_S_O_1_CARRY4_O_4_CO  Net          70            (fanout=1)          0                     -                                                                                              
   RBB_3/CIN                       RBB_6L        3  [TILE 0 0, RBB 16 6]          -     r            5937     {inst10: LED_CARRY4_S_O_1_CARRY4_O_3 (CARRY4)} {inst20: counter_FDRE_Q_14 (FD,site=dff)} 
   ------------------------------------------------------------------------------------------------------------------------------------------------------------------------------------------------------
   RBB_3/CLK                       RBB_6L        3  [TILE 0 0, RBB 16 6]        904     r            6841                                                                                              
   clk                             Clock net     2          (fanout=225)      -2294                     -                                                                                              
   clk                             CLOCK-PORT    -                     -    capture     r            4547                                                                                              
   ------------------------------------------------------------------------------------------------------------------------------------------------------------------------------------------------------


Path 169:
   Slack (not met):                         -2669ps
     Path type:                               SETUP
     Group:                              <UDEF_clk>
     Launching clock:                           clk (rising edge)
     Capturing clock:                           clk (rising edge)

     Requested period:                       2000ps
   + Delay of the capturing clock:           2298ps
   - Clock uncertainty:                       150ps
   = Required time:                          4148ps
   - Propagation time:                       4521ps (76.7% logic, 23.3% route, logic stage 3)
   - Delay of the launching clock:           2296ps
   = Slack:                                 -2669ps

   Instance/Pin or Net Name        Type         ID    Location or Fanout   Delay(ps)  Edge  Arrival Time(ps)    Instance detail                                                                       
   -----------------------------------------------------------------------------------------------------------------------------------------------------------------------------------------------------
   clk                             CLOCK-PORT    -                     -     launch     r               0                                                                                             
   clk                             Clock net     2          (fanout=225)       2296                     -                                                                                             
   RBB_2/CLK                       RBB_6L        2  [TILE 0 0, RBB 13 6]          -     r            2296                                                                                             
   -----------------------------------------------------------------------------------------------------------------------------------------------------------------------------------------------------
   RBB_2/CQ                        RBB_6L        2  [TILE 0 0, RBB 13 6]        800     r            3096     {inst25: counter_FDRE_Q_19 (FD,site=cff)}                                               
   counter[2]                      Net           6            (fanout=1)       1052                     -                                                                                             
   RBB_2/C1                        RBB_6L        2  [TILE 0 0, RBB 13 6]          -     r            4148                                                                                             
   RBB_2/COUT                      RBB_6L        2  [TILE 0 0, RBB 13 6]       1789     r            5937     {inst11: LED_CARRY4_S_O_1_CARRY4_O_4 (CARRY4)}                                          
   LED_CARRY4_S_O_1_CARRY4_O_4_CO  Net          70            (fanout=1)          0                     -                                                                                             
   RBB_3/CIN                       RBB_6L        3  [TILE 0 0, RBB 16 6]          -     r            5937                                                                                             
   RBB_3/COUT                      RBB_6L        3  [TILE 0 0, RBB 16 6]        337     r            6274     {inst10: LED_CARRY4_S_O_1_CARRY4_O_3 (CARRY4)}                                          
   LED_CARRY4_S_O_1_CARRY4_O_3_CO  Net          66            (fanout=1)          0                     -                                                                                             
   RBB_4/CIN                       RBB_6L        4  [TILE 0 0, RBB 19 6]          -     r            6274     {inst9: LED_CARRY4_S_O_1_CARRY4_O_2 (CARRY4)} {inst19: counter_FDRE_Q_13 (FD,site=aff)} 
   -----------------------------------------------------------------------------------------------------------------------------------------------------------------------------------------------------
   RBB_4/CLK                       RBB_6L        4  [TILE 0 0, RBB 19 6]        543     r            6817                                                                                             
   clk                             Clock net     2          (fanout=225)      -2298                     -                                                                                             
   clk                             CLOCK-PORT    -                     -    capture     r            4519                                                                                             
   -----------------------------------------------------------------------------------------------------------------------------------------------------------------------------------------------------


Path 170:
   Slack (not met):                         -2666ps
     Path type:                               SETUP
     Group:                              <UDEF_clk>
     Launching clock:                           clk (rising edge)
     Capturing clock:                           clk (rising edge)

     Requested period:                       2000ps
   + Delay of the capturing clock:           2294ps
   - Clock uncertainty:                       150ps
   = Required time:                          4144ps
   - Propagation time:                       4514ps (76.7% logic, 23.3% route, logic stage 2)
   - Delay of the launching clock:           2296ps
   = Slack:                                 -2666ps

   Instance/Pin or Net Name        Type         ID    Location or Fanout   Delay(ps)  Edge  Arrival Time(ps)    Instance detail                                                                        
   ------------------------------------------------------------------------------------------------------------------------------------------------------------------------------------------------------
   clk                             CLOCK-PORT    -                     -     launch     r               0                                                                                              
   clk                             Clock net     2          (fanout=225)       2296                     -                                                                                              
   RBB_2/CLK                       RBB_6L        2  [TILE 0 0, RBB 13 6]          -     r            2296                                                                                              
   ------------------------------------------------------------------------------------------------------------------------------------------------------------------------------------------------------
   RBB_2/CQ                        RBB_6L        2  [TILE 0 0, RBB 13 6]        800     r            3096     {inst25: counter_FDRE_Q_19 (FD,site=cff)}                                                
   counter[2]                      Net           6            (fanout=1)       1052                     -                                                                                              
   RBB_2/C1                        RBB_6L        2  [TILE 0 0, RBB 13 6]          -     r            4148                                                                                              
   RBB_2/COUT                      RBB_6L        2  [TILE 0 0, RBB 13 6]       1789     r            5937     {inst11: LED_CARRY4_S_O_1_CARRY4_O_4 (CARRY4)}                                           
   LED_CARRY4_S_O_1_CARRY4_O_4_CO  Net          70            (fanout=1)          0                     -                                                                                              
   RBB_3/CIN                       RBB_6L        3  [TILE 0 0, RBB 16 6]          -     r            5937     {inst10: LED_CARRY4_S_O_1_CARRY4_O_3 (CARRY4)} {inst22: counter_FDRE_Q_16 (FD,site=bff)} 
   ------------------------------------------------------------------------------------------------------------------------------------------------------------------------------------------------------
   RBB_3/CLK                       RBB_6L        3  [TILE 0 0, RBB 16 6]        873     r            6810                                                                                              
   clk                             Clock net     2          (fanout=225)      -2294                     -                                                                                              
   clk                             CLOCK-PORT    -                     -    capture     r            4516                                                                                              
   ------------------------------------------------------------------------------------------------------------------------------------------------------------------------------------------------------


Path 171:
   Slack (not met):                         -2414ps
     Path type:                               SETUP
     Group:                              <UDEF_clk>
     Launching clock:                           clk (rising edge)
     Capturing clock:                           clk (rising edge)

     Requested period:                       2000ps
   + Delay of the capturing clock:           2294ps
   - Clock uncertainty:                       150ps
   = Required time:                          4144ps
   - Propagation time:                       4262ps (75.3% logic, 24.7% route, logic stage 2)
   - Delay of the launching clock:           2296ps
   = Slack:                                 -2414ps

   Instance/Pin or Net Name        Type         ID    Location or Fanout   Delay(ps)  Edge  Arrival Time(ps)    Instance detail                                                                        
   ------------------------------------------------------------------------------------------------------------------------------------------------------------------------------------------------------
   clk                             CLOCK-PORT    -                     -     launch     r               0                                                                                              
   clk                             Clock net     2          (fanout=225)       2296                     -                                                                                              
   RBB_2/CLK                       RBB_6L        2  [TILE 0 0, RBB 13 6]          -     r            2296                                                                                              
   ------------------------------------------------------------------------------------------------------------------------------------------------------------------------------------------------------
   RBB_2/CQ                        RBB_6L        2  [TILE 0 0, RBB 13 6]        800     r            3096     {inst25: counter_FDRE_Q_19 (FD,site=cff)}                                                
   counter[2]                      Net           6            (fanout=1)       1052                     -                                                                                              
   RBB_2/C1                        RBB_6L        2  [TILE 0 0, RBB 13 6]          -     r            4148                                                                                              
   RBB_2/COUT                      RBB_6L        2  [TILE 0 0, RBB 13 6]       1789     r            5937     {inst11: LED_CARRY4_S_O_1_CARRY4_O_4 (CARRY4)}                                           
   LED_CARRY4_S_O_1_CARRY4_O_4_CO  Net          70            (fanout=1)          0                     -                                                                                              
   RBB_3/CIN                       RBB_6L        3  [TILE 0 0, RBB 16 6]          -     r            5937     {inst10: LED_CARRY4_S_O_1_CARRY4_O_3 (CARRY4)} {inst23: counter_FDRE_Q_17 (FD,site=aff)} 
   ------------------------------------------------------------------------------------------------------------------------------------------------------------------------------------------------------
   RBB_3/CLK                       RBB_6L        3  [TILE 0 0, RBB 16 6]        621     r            6558                                                                                              
   clk                             Clock net     2          (fanout=225)      -2294                     -                                                                                              
   clk                             CLOCK-PORT    -                     -    capture     r            4264                                                                                              
   ------------------------------------------------------------------------------------------------------------------------------------------------------------------------------------------------------


Path 29:
   Slack (not met):                         -2083ps
     Path type:                               SETUP
     Group:                              <UDEF_clk>
     Launching clock:                           clk (rising edge)
     Capturing clock:                           clk (rising edge)

     Requested period:                       2000ps
   + Delay of the capturing clock:           2318ps
   - Clock uncertainty:                       150ps
   = Required time:                          4168ps
   - Propagation time:                       3933ps (63.4% logic, 36.6% route, logic stage 1)
   - Delay of the launching clock:           2318ps
   = Slack:                                 -2083ps

   Instance/Pin or Net Name   Type         ID    Location or Fanout   Delay(ps)  Edge  Arrival Time(ps)    Instance detail                                                                      
   -----------------------------------------------------------------------------------------------------------------------------------------------------------------------------------------------
   clk                        CLOCK-PORT    -                     -     launch     r               0                                                                                            
   clk                        Clock net     2          (fanout=225)       2318                     -                                                                                            
   RBB_5/CLK                  RBB_6L        5  [TILE 0 0, RBB 22 6]          -     r            2318                                                                                            
   -----------------------------------------------------------------------------------------------------------------------------------------------------------------------------------------------
   RBB_5/CQ                   RBB_6L        5  [TILE 0 0, RBB 22 6]        800     r            3118     {inst33: counter_FDRE_Q_7 (FD,site=cff)}                                               
   counter[14]                Net          18            (fanout=1)       1438                     -                                                                                            
   RBB_5/C1                   RBB_6L        5  [TILE 0 0, RBB 22 6]          -     r            4556     {inst8: LED_CARRY4_S_O_1_CARRY4_O_1 (CARRY4)} {inst32: counter_FDRE_Q_6 (FD,site=dff)} 
   -----------------------------------------------------------------------------------------------------------------------------------------------------------------------------------------------
   RBB_5/CLK                  RBB_6L        5  [TILE 0 0, RBB 22 6]       1695     r            6251                                                                                            
   clk                        Clock net     2          (fanout=225)      -2318                     -                                                                                            
   clk                        CLOCK-PORT    -                     -    capture     r            3933                                                                                            
   -----------------------------------------------------------------------------------------------------------------------------------------------------------------------------------------------


Path 46:
   Slack (not met):                         -1958ps
     Path type:                               SETUP
     Group:                              <UDEF_clk>
     Launching clock:                           clk (rising edge)
     Capturing clock:                           clk (rising edge)

     Requested period:                       2000ps
   + Delay of the capturing clock:           2298ps
   - Clock uncertainty:                       150ps
   = Required time:                          4148ps
   - Propagation time:                       3808ps (62.3% logic, 37.7% route, logic stage 1)
   - Delay of the launching clock:           2298ps
   = Slack:                                 -1958ps

   Instance/Pin or Net Name   Type         ID    Location or Fanout   Delay(ps)  Edge  Arrival Time(ps)    Instance detail                                                                       
   ------------------------------------------------------------------------------------------------------------------------------------------------------------------------------------------------
   clk                        CLOCK-PORT    -                     -     launch     r               0                                                                                             
   clk                        Clock net     2          (fanout=225)       2298                     -                                                                                             
   RBB_4/CLK                  RBB_6L        4  [TILE 0 0, RBB 19 6]          -     r            2298                                                                                             
   ------------------------------------------------------------------------------------------------------------------------------------------------------------------------------------------------
   RBB_4/BQ                   RBB_6L        4  [TILE 0 0, RBB 19 6]        800     r            3098     {inst18: counter_FDRE_Q_12 (FD,site=bff)}                                               
   counter[9]                 Net          13            (fanout=1)       1435                     -                                                                                             
   RBB_4/B1                   RBB_6L        4  [TILE 0 0, RBB 19 6]          -     r            4533     {inst9: LED_CARRY4_S_O_1_CARRY4_O_2 (CARRY4)} {inst16: counter_FDRE_Q_10 (FD,site=dff)} 
   ------------------------------------------------------------------------------------------------------------------------------------------------------------------------------------------------
   RBB_4/CLK                  RBB_6L        4  [TILE 0 0, RBB 19 6]       1573     r            6106                                                                                             
   clk                        Clock net     2          (fanout=225)      -2298                     -                                                                                             
   clk                        CLOCK-PORT    -                     -    capture     r            3808                                                                                             
   ------------------------------------------------------------------------------------------------------------------------------------------------------------------------------------------------


Path 52:
   Slack (not met):                         -1856ps
     Path type:                               SETUP
     Group:                              <UDEF_clk>
     Launching clock:                           clk (rising edge)
     Capturing clock:                           clk (rising edge)

     Requested period:                       2000ps
   + Delay of the capturing clock:           2298ps
   - Clock uncertainty:                       150ps
   = Required time:                          4148ps
   - Propagation time:                       3706ps (61.3% logic, 38.7% route, logic stage 1)
   - Delay of the launching clock:           2298ps
   = Slack:                                 -1856ps

   Instance/Pin or Net Name   Type         ID    Location or Fanout   Delay(ps)  Edge  Arrival Time(ps)    Instance detail                                                                       
   ------------------------------------------------------------------------------------------------------------------------------------------------------------------------------------------------
   clk                        CLOCK-PORT    -                     -     launch     r               0                                                                                             
   clk                        Clock net     2          (fanout=225)       2298                     -                                                                                             
   RBB_4/CLK                  RBB_6L        4  [TILE 0 0, RBB 19 6]          -     r            2298                                                                                             
   ------------------------------------------------------------------------------------------------------------------------------------------------------------------------------------------------
   RBB_4/BQ                   RBB_6L        4  [TILE 0 0, RBB 19 6]        800     r            3098     {inst18: counter_FDRE_Q_12 (FD,site=bff)}                                               
   counter[9]                 Net          13            (fanout=1)       1435                     -                                                                                             
   RBB_4/B1                   RBB_6L        4  [TILE 0 0, RBB 19 6]          -     r            4533     {inst9: LED_CARRY4_S_O_1_CARRY4_O_2 (CARRY4)} {inst17: counter_FDRE_Q_11 (FD,site=cff)} 
   ------------------------------------------------------------------------------------------------------------------------------------------------------------------------------------------------
   RBB_4/CLK                  RBB_6L        4  [TILE 0 0, RBB 19 6]       1471     r            6004                                                                                             
   clk                        Clock net     2          (fanout=225)      -2298                     -                                                                                             
   clk                        CLOCK-PORT    -                     -    capture     r            3706                                                                                             
   ------------------------------------------------------------------------------------------------------------------------------------------------------------------------------------------------


Path 65:
   Slack (not met):                         -1832ps
     Path type:                               SETUP
     Group:                              <UDEF_clk>
     Launching clock:                           clk (rising edge)
     Capturing clock:                           clk (rising edge)

     Requested period:                       2000ps
   + Delay of the capturing clock:           2318ps
   - Clock uncertainty:                       150ps
   = Required time:                          4168ps
   - Propagation time:                       3682ps (60.9% logic, 39.1% route, logic stage 1)
   - Delay of the launching clock:           2318ps
   = Slack:                                 -1832ps

   Instance/Pin or Net Name   Type         ID    Location or Fanout   Delay(ps)  Edge  Arrival Time(ps)    Instance detail                                                                      
   -----------------------------------------------------------------------------------------------------------------------------------------------------------------------------------------------
   clk                        CLOCK-PORT    -                     -     launch     r               0                                                                                            
   clk                        Clock net     2          (fanout=225)       2318                     -                                                                                            
   RBB_5/CLK                  RBB_6L        5  [TILE 0 0, RBB 22 6]          -     r            2318                                                                                            
   -----------------------------------------------------------------------------------------------------------------------------------------------------------------------------------------------
   RBB_5/CQ                   RBB_6L        5  [TILE 0 0, RBB 22 6]        800     r            3118     {inst33: counter_FDRE_Q_7 (FD,site=cff)}                                               
   counter[14]                Net          18            (fanout=1)       1438                     -                                                                                            
   RBB_5/C1                   RBB_6L        5  [TILE 0 0, RBB 22 6]          -     r            4556     {inst8: LED_CARRY4_S_O_1_CARRY4_O_1 (CARRY4)} {inst33: counter_FDRE_Q_7 (FD,site=cff)} 
   -----------------------------------------------------------------------------------------------------------------------------------------------------------------------------------------------
   RBB_5/CLK                  RBB_6L        5  [TILE 0 0, RBB 22 6]       1444     r            6000                                                                                            
   clk                        Clock net     2          (fanout=225)      -2318                     -                                                                                            
   clk                        CLOCK-PORT    -                     -    capture     r            3682                                                                                            
   -----------------------------------------------------------------------------------------------------------------------------------------------------------------------------------------------


Path 23:
   Slack (not met):                         -1824ps
     Path type:                               SETUP
     Group:                              <UDEF_clk>
     Launching clock:                           clk (rising edge)
     Capturing clock:                           clk (rising edge)

     Requested period:                       2000ps
   + Delay of the capturing clock:           2298ps
   - Clock uncertainty:                       150ps
   = Required time:                          4148ps
   - Propagation time:                       3674ps (59.6% logic, 40.4% route, logic stage 1)
   - Delay of the launching clock:           2298ps
   = Slack:                                 -1824ps

   Instance/Pin or Net Name   Type         ID    Location or Fanout   Delay(ps)  Edge  Arrival Time(ps)    Instance detail                                                                       
   ------------------------------------------------------------------------------------------------------------------------------------------------------------------------------------------------
   clk                        CLOCK-PORT    -                     -     launch     r               0                                                                                             
   clk                        Clock net     2          (fanout=225)       2298                     -                                                                                             
   RBB_4/CLK                  RBB_6L        4  [TILE 0 0, RBB 19 6]          -     r            2298                                                                                             
   ------------------------------------------------------------------------------------------------------------------------------------------------------------------------------------------------
   RBB_4/AQ                   RBB_6L        4  [TILE 0 0, RBB 19 6]        800     r            3098     {inst19: counter_FDRE_Q_13 (FD,site=aff)}                                               
   counter[8]                 Net          12            (fanout=1)       1486                     -                                                                                             
   RBB_4/A1                   RBB_6L        4  [TILE 0 0, RBB 19 6]          -     r            4584     {inst9: LED_CARRY4_S_O_1_CARRY4_O_2 (CARRY4)} {inst16: counter_FDRE_Q_10 (FD,site=dff)} 
   ------------------------------------------------------------------------------------------------------------------------------------------------------------------------------------------------
   RBB_4/CLK                  RBB_6L        4  [TILE 0 0, RBB 19 6]       1388     r            5972                                                                                             
   clk                        Clock net     2          (fanout=225)      -2298                     -                                                                                             
   clk                        CLOCK-PORT    -                     -    capture     r            3674                                                                                             
   ------------------------------------------------------------------------------------------------------------------------------------------------------------------------------------------------


Path 71:
   Slack (not met):                         -1786ps
     Path type:                               SETUP
     Group:                              <UDEF_clk>
     Launching clock:                           clk (rising edge)
     Capturing clock:                           clk (rising edge)

     Requested period:                       2000ps
   + Delay of the capturing clock:           2298ps
   - Clock uncertainty:                       150ps
   = Required time:                          4148ps
   - Propagation time:                       3636ps (60.5% logic, 39.5% route, logic stage 1)
   - Delay of the launching clock:           2298ps
   = Slack:                                 -1786ps

   Instance/Pin or Net Name   Type         ID    Location or Fanout   Delay(ps)  Edge  Arrival Time(ps)    Instance detail                                                                       
   ------------------------------------------------------------------------------------------------------------------------------------------------------------------------------------------------
   clk                        CLOCK-PORT    -                     -     launch     r               0                                                                                             
   clk                        Clock net     2          (fanout=225)       2298                     -                                                                                             
   RBB_4/CLK                  RBB_6L        4  [TILE 0 0, RBB 19 6]          -     r            2298                                                                                             
   ------------------------------------------------------------------------------------------------------------------------------------------------------------------------------------------------
   RBB_4/BQ                   RBB_6L        4  [TILE 0 0, RBB 19 6]        800     r            3098     {inst18: counter_FDRE_Q_12 (FD,site=bff)}                                               
   counter[9]                 Net          13            (fanout=1)       1435                     -                                                                                             
   RBB_4/B1                   RBB_6L        4  [TILE 0 0, RBB 19 6]          -     r            4533     {inst9: LED_CARRY4_S_O_1_CARRY4_O_2 (CARRY4)} {inst18: counter_FDRE_Q_12 (FD,site=bff)} 
   ------------------------------------------------------------------------------------------------------------------------------------------------------------------------------------------------
   RBB_4/CLK                  RBB_6L        4  [TILE 0 0, RBB 19 6]       1401     r            5934                                                                                             
   clk                        Clock net     2          (fanout=225)      -2298                     -                                                                                             
   clk                        CLOCK-PORT    -                     -    capture     r            3636                                                                                             
   ------------------------------------------------------------------------------------------------------------------------------------------------------------------------------------------------


Path 62:
   Slack (not met):                         -1778ps
     Path type:                               SETUP
     Group:                              <UDEF_clk>
     Launching clock:                           clk (rising edge)
     Capturing clock:                           clk (rising edge)

     Requested period:                       2000ps
   + Delay of the capturing clock:           2318ps
   - Clock uncertainty:                       150ps
   = Required time:                          4168ps
   - Propagation time:                       3628ps (59.3% logic, 40.7% route, logic stage 1)
   - Delay of the launching clock:           2318ps
   = Slack:                                 -1778ps

   Instance/Pin or Net Name   Type         ID    Location or Fanout   Delay(ps)  Edge  Arrival Time(ps)    Instance detail                                                                      
   -----------------------------------------------------------------------------------------------------------------------------------------------------------------------------------------------
   clk                        CLOCK-PORT    -                     -     launch     r               0                                                                                            
   clk                        Clock net     2          (fanout=225)       2318                     -                                                                                            
   RBB_5/CLK                  RBB_6L        5  [TILE 0 0, RBB 22 6]          -     r            2318                                                                                            
   -----------------------------------------------------------------------------------------------------------------------------------------------------------------------------------------------
   RBB_5/DQ                   RBB_6L        5  [TILE 0 0, RBB 22 6]        800     r            3118     {inst32: counter_FDRE_Q_6 (FD,site=dff)}                                               
   counter[15]                Net          19            (fanout=1)       1478                     -                                                                                            
   RBB_5/D1                   RBB_6L        5  [TILE 0 0, RBB 22 6]          -     r            4596     {inst8: LED_CARRY4_S_O_1_CARRY4_O_1 (CARRY4)} {inst32: counter_FDRE_Q_6 (FD,site=dff)} 
   -----------------------------------------------------------------------------------------------------------------------------------------------------------------------------------------------
   RBB_5/CLK                  RBB_6L        5  [TILE 0 0, RBB 22 6]       1350     r            5946                                                                                            
   clk                        Clock net     2          (fanout=225)      -2318                     -                                                                                            
   clk                        CLOCK-PORT    -                     -    capture     r            3628                                                                                            
   -----------------------------------------------------------------------------------------------------------------------------------------------------------------------------------------------


Path 33:
   Slack (not met):                         -1764ps
     Path type:                               SETUP
     Group:                              <UDEF_clk>
     Launching clock:                           clk (rising edge)
     Capturing clock:                           clk (rising edge)

     Requested period:                       2000ps
   + Delay of the capturing clock:           2298ps
   - Clock uncertainty:                       150ps
   = Required time:                          4148ps
   - Propagation time:                       3614ps (58.9% logic, 41.1% route, logic stage 1)
   - Delay of the launching clock:           2298ps
   = Slack:                                 -1764ps

   Instance/Pin or Net Name   Type         ID    Location or Fanout   Delay(ps)  Edge  Arrival Time(ps)    Instance detail                                                                       
   ------------------------------------------------------------------------------------------------------------------------------------------------------------------------------------------------
   clk                        CLOCK-PORT    -                     -     launch     r               0                                                                                             
   clk                        Clock net     2          (fanout=225)       2298                     -                                                                                             
   RBB_4/CLK                  RBB_6L        4  [TILE 0 0, RBB 19 6]          -     r            2298                                                                                             
   ------------------------------------------------------------------------------------------------------------------------------------------------------------------------------------------------
   RBB_4/AQ                   RBB_6L        4  [TILE 0 0, RBB 19 6]        800     r            3098     {inst19: counter_FDRE_Q_13 (FD,site=aff)}                                               
   counter[8]                 Net          12            (fanout=1)       1486                     -                                                                                             
   RBB_4/A1                   RBB_6L        4  [TILE 0 0, RBB 19 6]          -     r            4584     {inst9: LED_CARRY4_S_O_1_CARRY4_O_2 (CARRY4)} {inst17: counter_FDRE_Q_11 (FD,site=cff)} 
   ------------------------------------------------------------------------------------------------------------------------------------------------------------------------------------------------
   RBB_4/CLK                  RBB_6L        4  [TILE 0 0, RBB 19 6]       1328     r            5912                                                                                             
   clk                        Clock net     2          (fanout=225)      -2298                     -                                                                                             
   clk                        CLOCK-PORT    -                     -    capture     r            3614                                                                                             
   ------------------------------------------------------------------------------------------------------------------------------------------------------------------------------------------------


Path 25:
   Slack (not met):                         -1721ps
     Path type:                               SETUP
     Group:                              <UDEF_clk>
     Launching clock:                           clk (rising edge)
     Capturing clock:                           clk (rising edge)

     Requested period:                       2000ps
   + Delay of the capturing clock:           2298ps
   - Clock uncertainty:                       150ps
   = Required time:                          4148ps
   - Propagation time:                       3571ps (70.5% logic, 29.5% route, logic stage 1)
   - Delay of the launching clock:           2298ps
   = Slack:                                 -1721ps

   Instance/Pin or Net Name   Type         ID    Location or Fanout   Delay(ps)  Edge  Arrival Time(ps)    Instance detail                                                                       
   ------------------------------------------------------------------------------------------------------------------------------------------------------------------------------------------------
   clk                        CLOCK-PORT    -                     -     launch     r               0                                                                                             
   clk                        Clock net     2          (fanout=225)       2298                     -                                                                                             
   RBB_4/CLK                  RBB_6L        4  [TILE 0 0, RBB 19 6]          -     r            2298                                                                                             
   ------------------------------------------------------------------------------------------------------------------------------------------------------------------------------------------------
   RBB_4/CQ                   RBB_6L        4  [TILE 0 0, RBB 19 6]        800     r            3098     {inst17: counter_FDRE_Q_11 (FD,site=cff)}                                               
   counter[10]                Net          14            (fanout=1)       1053                     -                                                                                             
   RBB_4/C1                   RBB_6L        4  [TILE 0 0, RBB 19 6]          -     r            4151     {inst9: LED_CARRY4_S_O_1_CARRY4_O_2 (CARRY4)} {inst16: counter_FDRE_Q_10 (FD,site=dff)} 
   ------------------------------------------------------------------------------------------------------------------------------------------------------------------------------------------------
   RBB_4/CLK                  RBB_6L        4  [TILE 0 0, RBB 19 6]       1718     r            5869                                                                                             
   clk                        Clock net     2          (fanout=225)      -2298                     -                                                                                             
   clk                        CLOCK-PORT    -                     -    capture     r            3571                                                                                             
   ------------------------------------------------------------------------------------------------------------------------------------------------------------------------------------------------


Path 27:
   Slack (not met):                         -1720ps
     Path type:                               SETUP
     Group:                              <UDEF_clk>
     Launching clock:                           clk (rising edge)
     Capturing clock:                           clk (rising edge)

     Requested period:                       2000ps
   + Delay of the capturing clock:           2296ps
   - Clock uncertainty:                       150ps
   = Required time:                          4146ps
   - Propagation time:                       3570ps (70.5% logic, 29.5% route, logic stage 1)
   - Delay of the launching clock:           2296ps
   = Slack:                                 -1720ps

   Instance/Pin or Net Name   Type         ID    Location or Fanout   Delay(ps)  Edge  Arrival Time(ps)    Instance detail                                                                        
   -------------------------------------------------------------------------------------------------------------------------------------------------------------------------------------------------
   clk                        CLOCK-PORT    -                     -     launch     r               0                                                                                              
   clk                        Clock net     2          (fanout=225)       2296                     -                                                                                              
   RBB_2/CLK                  RBB_6L        2  [TILE 0 0, RBB 13 6]          -     r            2296                                                                                              
   -------------------------------------------------------------------------------------------------------------------------------------------------------------------------------------------------
   RBB_2/CQ                   RBB_6L        2  [TILE 0 0, RBB 13 6]        800     r            3096     {inst25: counter_FDRE_Q_19 (FD,site=cff)}                                                
   counter[2]                 Net           6            (fanout=1)       1052                     -                                                                                              
   RBB_2/C1                   RBB_6L        2  [TILE 0 0, RBB 13 6]          -     r            4148     {inst11: LED_CARRY4_S_O_1_CARRY4_O_4 (CARRY4)} {inst24: counter_FDRE_Q_18 (FD,site=dff)} 
   -------------------------------------------------------------------------------------------------------------------------------------------------------------------------------------------------
   RBB_2/CLK                  RBB_6L        2  [TILE 0 0, RBB 13 6]       1718     r            5866                                                                                              
   clk                        Clock net     2          (fanout=225)      -2296                     -                                                                                              
   clk                        CLOCK-PORT    -                     -    capture     r            3570                                                                                              
   -------------------------------------------------------------------------------------------------------------------------------------------------------------------------------------------------


Path 28:
   Slack (not met):                         -1720ps
     Path type:                               SETUP
     Group:                              <UDEF_clk>
     Launching clock:                           clk (rising edge)
     Capturing clock:                           clk (rising edge)

     Requested period:                       2000ps
   + Delay of the capturing clock:           2319ps
   - Clock uncertainty:                       150ps
   = Required time:                          4169ps
   - Propagation time:                       3570ps (70.5% logic, 29.5% route, logic stage 1)
   - Delay of the launching clock:           2319ps
   = Slack:                                 -1720ps

   Instance/Pin or Net Name   Type         ID    Location or Fanout   Delay(ps)  Edge  Arrival Time(ps)    Instance detail                                                                    
   ---------------------------------------------------------------------------------------------------------------------------------------------------------------------------------------------
   clk                        CLOCK-PORT    -                     -     launch     r               0                                                                                          
   clk                        Clock net     2          (fanout=225)       2319                     -                                                                                          
   RBB_6/CLK                  RBB_6L        6  [TILE 0 0, RBB 25 6]          -     r            2319                                                                                          
   ---------------------------------------------------------------------------------------------------------------------------------------------------------------------------------------------
   RBB_6/CQ                   RBB_6L        6  [TILE 0 0, RBB 25 6]        800     r            3119     {inst29: counter_FDRE_Q_3 (FD,site=cff)}                                             
   counter[18]                Net          22            (fanout=1)       1052                     -                                                                                          
   RBB_6/C1                   RBB_6L        6  [TILE 0 0, RBB 25 6]          -     r            4171     {inst7: LED_CARRY4_S_O_1_CARRY4_O (CARRY4)} {inst26: counter_FDRE_Q_2 (FD,site=dff)} 
   ---------------------------------------------------------------------------------------------------------------------------------------------------------------------------------------------
   RBB_6/CLK                  RBB_6L        6  [TILE 0 0, RBB 25 6]       1718     r            5889                                                                                          
   clk                        Clock net     2          (fanout=225)      -2319                     -                                                                                          
   clk                        CLOCK-PORT    -                     -    capture     r            3570                                                                                          
   ---------------------------------------------------------------------------------------------------------------------------------------------------------------------------------------------


Path 51:
   Slack (not met):                         -1689ps
     Path type:                               SETUP
     Group:                              <UDEF_clk>
     Launching clock:                           clk (rising edge)
     Capturing clock:                           clk (rising edge)

     Requested period:                       2000ps
   + Delay of the capturing clock:           2298ps
   - Clock uncertainty:                       150ps
   = Required time:                          4148ps
   - Propagation time:                       3539ps (58.0% logic, 42.0% route, logic stage 1)
   - Delay of the launching clock:           2298ps
   = Slack:                                 -1689ps

   Instance/Pin or Net Name   Type         ID    Location or Fanout   Delay(ps)  Edge  Arrival Time(ps)    Instance detail                                                                       
   ------------------------------------------------------------------------------------------------------------------------------------------------------------------------------------------------
   clk                        CLOCK-PORT    -                     -     launch     r               0                                                                                             
   clk                        Clock net     2          (fanout=225)       2298                     -                                                                                             
   RBB_4/CLK                  RBB_6L        4  [TILE 0 0, RBB 19 6]          -     r            2298                                                                                             
   ------------------------------------------------------------------------------------------------------------------------------------------------------------------------------------------------
   RBB_4/AQ                   RBB_6L        4  [TILE 0 0, RBB 19 6]        800     r            3098     {inst19: counter_FDRE_Q_13 (FD,site=aff)}                                               
   counter[8]                 Net          12            (fanout=1)       1486                     -                                                                                             
   RBB_4/A1                   RBB_6L        4  [TILE 0 0, RBB 19 6]          -     r            4584     {inst9: LED_CARRY4_S_O_1_CARRY4_O_2 (CARRY4)} {inst19: counter_FDRE_Q_13 (FD,site=aff)} 
   ------------------------------------------------------------------------------------------------------------------------------------------------------------------------------------------------
   RBB_4/CLK                  RBB_6L        4  [TILE 0 0, RBB 19 6]       1253     r            5837                                                                                             
   clk                        Clock net     2          (fanout=225)      -2298                     -                                                                                             
   clk                        CLOCK-PORT    -                     -    capture     r            3539                                                                                             
   ------------------------------------------------------------------------------------------------------------------------------------------------------------------------------------------------


Path 42:
   Slack (not met):                         -1662ps
     Path type:                               SETUP
     Group:                              <UDEF_clk>
     Launching clock:                           clk (rising edge)
     Capturing clock:                           clk (rising edge)

     Requested period:                       2000ps
   + Delay of the capturing clock:           2319ps
   - Clock uncertainty:                       150ps
   = Required time:                          4169ps
   - Propagation time:                       3512ps (67.6% logic, 32.4% route, logic stage 1)
   - Delay of the launching clock:           2319ps
   = Slack:                                 -1662ps

   Instance/Pin or Net Name   Type         ID    Location or Fanout   Delay(ps)  Edge  Arrival Time(ps)    Instance detail                                                                    
   ---------------------------------------------------------------------------------------------------------------------------------------------------------------------------------------------
   clk                        CLOCK-PORT    -                     -     launch     r               0                                                                                          
   clk                        Clock net     2          (fanout=225)       2319                     -                                                                                          
   RBB_6/CLK                  RBB_6L        6  [TILE 0 0, RBB 25 6]          -     r            2319                                                                                          
   ---------------------------------------------------------------------------------------------------------------------------------------------------------------------------------------------
   RBB_6/BQ                   RBB_6L        6  [TILE 0 0, RBB 25 6]        800     r            3119     {inst30: counter_FDRE_Q_4 (FD,site=bff)}                                             
   counter[17]                Net          21            (fanout=1)       1139                     -                                                                                          
   RBB_6/B1                   RBB_6L        6  [TILE 0 0, RBB 25 6]          -     r            4258     {inst7: LED_CARRY4_S_O_1_CARRY4_O (CARRY4)} {inst26: counter_FDRE_Q_2 (FD,site=dff)} 
   ---------------------------------------------------------------------------------------------------------------------------------------------------------------------------------------------
   RBB_6/CLK                  RBB_6L        6  [TILE 0 0, RBB 25 6]       1573     r            5831                                                                                          
   clk                        Clock net     2          (fanout=225)      -2319                     -                                                                                          
   clk                        CLOCK-PORT    -                     -    capture     r            3512                                                                                          
   ---------------------------------------------------------------------------------------------------------------------------------------------------------------------------------------------


Path 43:
   Slack (not met):                         -1656ps
     Path type:                               SETUP
     Group:                              <UDEF_clk>
     Launching clock:                           clk (rising edge)
     Capturing clock:                           clk (rising edge)

     Requested period:                       2000ps
   + Delay of the capturing clock:           2296ps
   - Clock uncertainty:                       150ps
   = Required time:                          4146ps
   - Propagation time:                       3506ps (67.7% logic, 32.3% route, logic stage 1)
   - Delay of the launching clock:           2296ps
   = Slack:                                 -1656ps

   Instance/Pin or Net Name   Type         ID    Location or Fanout   Delay(ps)  Edge  Arrival Time(ps)    Instance detail                                                                        
   -------------------------------------------------------------------------------------------------------------------------------------------------------------------------------------------------
   clk                        CLOCK-PORT    -                     -     launch     r               0                                                                                              
   clk                        Clock net     2          (fanout=225)       2296                     -                                                                                              
   RBB_2/CLK                  RBB_6L        2  [TILE 0 0, RBB 13 6]          -     r            2296                                                                                              
   -------------------------------------------------------------------------------------------------------------------------------------------------------------------------------------------------
   RBB_2/BQ                   RBB_6L        2  [TILE 0 0, RBB 13 6]        800     r            3096     {inst27: counter_FDRE_Q_20 (FD,site=bff)}                                                
   counter[1]                 Net           5            (fanout=1)       1133                     -                                                                                              
   RBB_2/B1                   RBB_6L        2  [TILE 0 0, RBB 13 6]          -     r            4229     {inst11: LED_CARRY4_S_O_1_CARRY4_O_4 (CARRY4)} {inst24: counter_FDRE_Q_18 (FD,site=dff)} 
   -------------------------------------------------------------------------------------------------------------------------------------------------------------------------------------------------
   RBB_2/CLK                  RBB_6L        2  [TILE 0 0, RBB 13 6]       1573     r            5802                                                                                              
   clk                        Clock net     2          (fanout=225)      -2296                     -                                                                                              
   clk                        CLOCK-PORT    -                     -    capture     r            3506                                                                                              
   -------------------------------------------------------------------------------------------------------------------------------------------------------------------------------------------------


Path 37:
   Slack (not met):                         -1651ps
     Path type:                               SETUP
     Group:                              <UDEF_clk>
     Launching clock:                           clk (rising edge)
     Capturing clock:                           clk (rising edge)

     Requested period:                       2000ps
   + Delay of the capturing clock:           2298ps
   - Clock uncertainty:                       150ps
   = Required time:                          4148ps
   - Propagation time:                       3501ps (57.6% logic, 42.4% route, logic stage 1)
   - Delay of the launching clock:           2298ps
   = Slack:                                 -1651ps

   Instance/Pin or Net Name   Type         ID    Location or Fanout   Delay(ps)  Edge  Arrival Time(ps)    Instance detail                                                                       
   ------------------------------------------------------------------------------------------------------------------------------------------------------------------------------------------------
   clk                        CLOCK-PORT    -                     -     launch     r               0                                                                                             
   clk                        Clock net     2          (fanout=225)       2298                     -                                                                                             
   RBB_4/CLK                  RBB_6L        4  [TILE 0 0, RBB 19 6]          -     r            2298                                                                                             
   ------------------------------------------------------------------------------------------------------------------------------------------------------------------------------------------------
   RBB_4/AQ                   RBB_6L        4  [TILE 0 0, RBB 19 6]        800     r            3098     {inst19: counter_FDRE_Q_13 (FD,site=aff)}                                               
   counter[8]                 Net          12            (fanout=1)       1486                     -                                                                                             
   RBB_4/A1                   RBB_6L        4  [TILE 0 0, RBB 19 6]          -     r            4584     {inst9: LED_CARRY4_S_O_1_CARRY4_O_2 (CARRY4)} {inst18: counter_FDRE_Q_12 (FD,site=bff)} 
   ------------------------------------------------------------------------------------------------------------------------------------------------------------------------------------------------
   RBB_4/CLK                  RBB_6L        4  [TILE 0 0, RBB 19 6]       1215     r            5799                                                                                             
   clk                        Clock net     2          (fanout=225)      -2298                     -                                                                                             
   clk                        CLOCK-PORT    -                     -    capture     r            3501                                                                                             
   ------------------------------------------------------------------------------------------------------------------------------------------------------------------------------------------------


Path 26:
   Slack (not met):                         -1613ps
     Path type:                               SETUP
     Group:                              <UDEF_clk>
     Launching clock:                           clk (rising edge)
     Capturing clock:                           clk (rising edge)

     Requested period:                       2000ps
   + Delay of the capturing clock:           2294ps
   - Clock uncertainty:                       150ps
   = Required time:                          4144ps
   - Propagation time:                       3463ps (67.1% logic, 32.9% route, logic stage 1)
   - Delay of the launching clock:           2294ps
   = Slack:                                 -1613ps

   Instance/Pin or Net Name   Type         ID    Location or Fanout   Delay(ps)  Edge  Arrival Time(ps)    Instance detail                                                                        
   -------------------------------------------------------------------------------------------------------------------------------------------------------------------------------------------------
   clk                        CLOCK-PORT    -                     -     launch     r               0                                                                                              
   clk                        Clock net     2          (fanout=225)       2294                     -                                                                                              
   RBB_3/CLK                  RBB_6L        3  [TILE 0 0, RBB 16 6]          -     r            2294                                                                                              
   -------------------------------------------------------------------------------------------------------------------------------------------------------------------------------------------------
   RBB_3/CQ                   RBB_6L        3  [TILE 0 0, RBB 16 6]        800     r            3094     {inst21: counter_FDRE_Q_15 (FD,site=cff)}                                                
   counter[6]                 Net          10            (fanout=1)       1138                     -                                                                                              
   RBB_3/C1                   RBB_6L        3  [TILE 0 0, RBB 16 6]          -     r            4232     {inst10: LED_CARRY4_S_O_1_CARRY4_O_3 (CARRY4)} {inst20: counter_FDRE_Q_14 (FD,site=dff)} 
   -------------------------------------------------------------------------------------------------------------------------------------------------------------------------------------------------
   RBB_3/CLK                  RBB_6L        3  [TILE 0 0, RBB 16 6]       1525     r            5757                                                                                              
   clk                        Clock net     2          (fanout=225)      -2294                     -                                                                                              
   clk                        CLOCK-PORT    -                     -    capture     r            3463                                                                                              
   -------------------------------------------------------------------------------------------------------------------------------------------------------------------------------------------------


Path 35:
   Slack (not met):                         -1573ps
     Path type:                               SETUP
     Group:                              <UDEF_clk>
     Launching clock:                           clk (rising edge)
     Capturing clock:                           clk (rising edge)

     Requested period:                       2000ps
   + Delay of the capturing clock:           2318ps
   - Clock uncertainty:                       150ps
   = Required time:                          4168ps
   - Propagation time:                       3423ps (67.7% logic, 32.3% route, logic stage 1)
   - Delay of the launching clock:           2318ps
   = Slack:                                 -1573ps

   Instance/Pin or Net Name   Type         ID    Location or Fanout   Delay(ps)  Edge  Arrival Time(ps)    Instance detail                                                                      
   -----------------------------------------------------------------------------------------------------------------------------------------------------------------------------------------------
   clk                        CLOCK-PORT    -                     -     launch     r               0                                                                                            
   clk                        Clock net     2          (fanout=225)       2318                     -                                                                                            
   RBB_5/CLK                  RBB_6L        5  [TILE 0 0, RBB 22 6]          -     r            2318                                                                                            
   -----------------------------------------------------------------------------------------------------------------------------------------------------------------------------------------------
   RBB_5/AQ                   RBB_6L        5  [TILE 0 0, RBB 22 6]        800     r            3118     {inst35: counter_FDRE_Q_9 (FD,site=aff)}                                               
   counter[12]                Net          16            (fanout=1)       1105                     -                                                                                            
   RBB_5/A1                   RBB_6L        5  [TILE 0 0, RBB 22 6]          -     r            4223     {inst8: LED_CARRY4_S_O_1_CARRY4_O_1 (CARRY4)} {inst33: counter_FDRE_Q_7 (FD,site=cff)} 
   -----------------------------------------------------------------------------------------------------------------------------------------------------------------------------------------------
   RBB_5/CLK                  RBB_6L        5  [TILE 0 0, RBB 22 6]       1518     r            5741                                                                                            
   clk                        Clock net     2          (fanout=225)      -2318                     -                                                                                            
   clk                        CLOCK-PORT    -                     -    capture     r            3423                                                                                            
   -----------------------------------------------------------------------------------------------------------------------------------------------------------------------------------------------


Path 57:
   Slack (not met):                         -1560ps
     Path type:                               SETUP
     Group:                              <UDEF_clk>
     Launching clock:                           clk (rising edge)
     Capturing clock:                           clk (rising edge)

     Requested period:                       2000ps
   + Delay of the capturing clock:           2319ps
   - Clock uncertainty:                       150ps
   = Required time:                          4169ps
   - Propagation time:                       3410ps (66.6% logic, 33.4% route, logic stage 1)
   - Delay of the launching clock:           2319ps
   = Slack:                                 -1560ps

   Instance/Pin or Net Name   Type         ID    Location or Fanout   Delay(ps)  Edge  Arrival Time(ps)    Instance detail                                                                    
   ---------------------------------------------------------------------------------------------------------------------------------------------------------------------------------------------
   clk                        CLOCK-PORT    -                     -     launch     r               0                                                                                          
   clk                        Clock net     2          (fanout=225)       2319                     -                                                                                          
   RBB_6/CLK                  RBB_6L        6  [TILE 0 0, RBB 25 6]          -     r            2319                                                                                          
   ---------------------------------------------------------------------------------------------------------------------------------------------------------------------------------------------
   RBB_6/BQ                   RBB_6L        6  [TILE 0 0, RBB 25 6]        800     r            3119     {inst30: counter_FDRE_Q_4 (FD,site=bff)}                                             
   counter[17]                Net          21            (fanout=1)       1139                     -                                                                                          
   RBB_6/B1                   RBB_6L        6  [TILE 0 0, RBB 25 6]          -     r            4258     {inst7: LED_CARRY4_S_O_1_CARRY4_O (CARRY4)} {inst29: counter_FDRE_Q_3 (FD,site=cff)} 
   ---------------------------------------------------------------------------------------------------------------------------------------------------------------------------------------------
   RBB_6/CLK                  RBB_6L        6  [TILE 0 0, RBB 25 6]       1471     r            5729                                                                                          
   clk                        Clock net     2          (fanout=225)      -2319                     -                                                                                          
   clk                        CLOCK-PORT    -                     -    capture     r            3410                                                                                          
   ---------------------------------------------------------------------------------------------------------------------------------------------------------------------------------------------


Path 24:
   Slack (not met):                         -1556ps
     Path type:                               SETUP
     Group:                              <UDEF_clk>
     Launching clock:                           clk (rising edge)
     Capturing clock:                           clk (rising edge)

     Requested period:                       2000ps
   + Delay of the capturing clock:           2318ps
   - Clock uncertainty:                       150ps
   = Required time:                          4168ps
   - Propagation time:                       3406ps (67.6% logic, 32.4% route, logic stage 1)
   - Delay of the launching clock:           2318ps
   = Slack:                                 -1556ps

   Instance/Pin or Net Name   Type         ID    Location or Fanout   Delay(ps)  Edge  Arrival Time(ps)    Instance detail                                                                      
   -----------------------------------------------------------------------------------------------------------------------------------------------------------------------------------------------
   clk                        CLOCK-PORT    -                     -     launch     r               0                                                                                            
   clk                        Clock net     2          (fanout=225)       2318                     -                                                                                            
   RBB_5/CLK                  RBB_6L        5  [TILE 0 0, RBB 22 6]          -     r            2318                                                                                            
   -----------------------------------------------------------------------------------------------------------------------------------------------------------------------------------------------
   RBB_5/AQ                   RBB_6L        5  [TILE 0 0, RBB 22 6]        800     r            3118     {inst35: counter_FDRE_Q_9 (FD,site=aff)}                                               
   counter[12]                Net          16            (fanout=1)       1105                     -                                                                                            
   RBB_5/A1                   RBB_6L        5  [TILE 0 0, RBB 22 6]          -     r            4223     {inst8: LED_CARRY4_S_O_1_CARRY4_O_1 (CARRY4)} {inst32: counter_FDRE_Q_6 (FD,site=dff)} 
   -----------------------------------------------------------------------------------------------------------------------------------------------------------------------------------------------
   RBB_5/CLK                  RBB_6L        5  [TILE 0 0, RBB 22 6]       1501     r            5724                                                                                            
   clk                        Clock net     2          (fanout=225)      -2318                     -                                                                                            
   clk                        CLOCK-PORT    -                     -    capture     r            3406                                                                                            
   -----------------------------------------------------------------------------------------------------------------------------------------------------------------------------------------------


Path 54:
   Slack (not met):                         -1554ps
     Path type:                               SETUP
     Group:                              <UDEF_clk>
     Launching clock:                           clk (rising edge)
     Capturing clock:                           clk (rising edge)

     Requested period:                       2000ps
   + Delay of the capturing clock:           2296ps
   - Clock uncertainty:                       150ps
   = Required time:                          4146ps
   - Propagation time:                       3404ps (66.7% logic, 33.3% route, logic stage 1)
   - Delay of the launching clock:           2296ps
   = Slack:                                 -1554ps

   Instance/Pin or Net Name   Type         ID    Location or Fanout   Delay(ps)  Edge  Arrival Time(ps)    Instance detail                                                                        
   -------------------------------------------------------------------------------------------------------------------------------------------------------------------------------------------------
   clk                        CLOCK-PORT    -                     -     launch     r               0                                                                                              
   clk                        Clock net     2          (fanout=225)       2296                     -                                                                                              
   RBB_2/CLK                  RBB_6L        2  [TILE 0 0, RBB 13 6]          -     r            2296                                                                                              
   -------------------------------------------------------------------------------------------------------------------------------------------------------------------------------------------------
   RBB_2/BQ                   RBB_6L        2  [TILE 0 0, RBB 13 6]        800     r            3096     {inst27: counter_FDRE_Q_20 (FD,site=bff)}                                                
   counter[1]                 Net           5            (fanout=1)       1133                     -                                                                                              
   RBB_2/B1                   RBB_6L        2  [TILE 0 0, RBB 13 6]          -     r            4229     {inst11: LED_CARRY4_S_O_1_CARRY4_O_4 (CARRY4)} {inst25: counter_FDRE_Q_19 (FD,site=cff)} 
   -------------------------------------------------------------------------------------------------------------------------------------------------------------------------------------------------
   RBB_2/CLK                  RBB_6L        2  [TILE 0 0, RBB 13 6]       1471     r            5700                                                                                              
   clk                        Clock net     2          (fanout=225)      -2296                     -                                                                                              
   clk                        CLOCK-PORT    -                     -    capture     r            3404                                                                                              
   -------------------------------------------------------------------------------------------------------------------------------------------------------------------------------------------------


Path 66:
   Slack (not met):                         -1529ps
     Path type:                               SETUP
     Group:                              <UDEF_clk>
     Launching clock:                           clk (rising edge)
     Capturing clock:                           clk (rising edge)

     Requested period:                       2000ps
   + Delay of the capturing clock:           2298ps
   - Clock uncertainty:                       150ps
   = Required time:                          4148ps
   - Propagation time:                       3379ps (68.8% logic, 31.2% route, logic stage 1)
   - Delay of the launching clock:           2298ps
   = Slack:                                 -1529ps

   Instance/Pin or Net Name   Type         ID    Location or Fanout   Delay(ps)  Edge  Arrival Time(ps)    Instance detail                                                                       
   ------------------------------------------------------------------------------------------------------------------------------------------------------------------------------------------------
   clk                        CLOCK-PORT    -                     -     launch     r               0                                                                                             
   clk                        Clock net     2          (fanout=225)       2298                     -                                                                                             
   RBB_4/CLK                  RBB_6L        4  [TILE 0 0, RBB 19 6]          -     r            2298                                                                                             
   ------------------------------------------------------------------------------------------------------------------------------------------------------------------------------------------------
   RBB_4/CQ                   RBB_6L        4  [TILE 0 0, RBB 19 6]        800     r            3098     {inst17: counter_FDRE_Q_11 (FD,site=cff)}                                               
   counter[10]                Net          14            (fanout=1)       1053                     -                                                                                             
   RBB_4/C1                   RBB_6L        4  [TILE 0 0, RBB 19 6]          -     r            4151     {inst9: LED_CARRY4_S_O_1_CARRY4_O_2 (CARRY4)} {inst17: counter_FDRE_Q_11 (FD,site=cff)} 
   ------------------------------------------------------------------------------------------------------------------------------------------------------------------------------------------------
   RBB_4/CLK                  RBB_6L        4  [TILE 0 0, RBB 19 6]       1526     r            5677                                                                                             
   clk                        Clock net     2          (fanout=225)      -2298                     -                                                                                             
   clk                        CLOCK-PORT    -                     -    capture     r            3379                                                                                             
   ------------------------------------------------------------------------------------------------------------------------------------------------------------------------------------------------


Path 63:
   Slack (not met):                         -1528ps
     Path type:                               SETUP
     Group:                              <UDEF_clk>
     Launching clock:                           clk (rising edge)
     Capturing clock:                           clk (rising edge)

     Requested period:                       2000ps
   + Delay of the capturing clock:           2296ps
   - Clock uncertainty:                       150ps
   = Required time:                          4146ps
   - Propagation time:                       3378ps (68.9% logic, 31.1% route, logic stage 1)
   - Delay of the launching clock:           2296ps
   = Slack:                                 -1528ps

   Instance/Pin or Net Name   Type         ID    Location or Fanout   Delay(ps)  Edge  Arrival Time(ps)    Instance detail                                                                        
   -------------------------------------------------------------------------------------------------------------------------------------------------------------------------------------------------
   clk                        CLOCK-PORT    -                     -     launch     r               0                                                                                              
   clk                        Clock net     2          (fanout=225)       2296                     -                                                                                              
   RBB_2/CLK                  RBB_6L        2  [TILE 0 0, RBB 13 6]          -     r            2296                                                                                              
   -------------------------------------------------------------------------------------------------------------------------------------------------------------------------------------------------
   RBB_2/CQ                   RBB_6L        2  [TILE 0 0, RBB 13 6]        800     r            3096     {inst25: counter_FDRE_Q_19 (FD,site=cff)}                                                
   counter[2]                 Net           6            (fanout=1)       1052                     -                                                                                              
   RBB_2/C1                   RBB_6L        2  [TILE 0 0, RBB 13 6]          -     r            4148     {inst11: LED_CARRY4_S_O_1_CARRY4_O_4 (CARRY4)} {inst25: counter_FDRE_Q_19 (FD,site=cff)} 
   -------------------------------------------------------------------------------------------------------------------------------------------------------------------------------------------------
   RBB_2/CLK                  RBB_6L        2  [TILE 0 0, RBB 13 6]       1526     r            5674                                                                                              
   clk                        Clock net     2          (fanout=225)      -2296                     -                                                                                              
   clk                        CLOCK-PORT    -                     -    capture     r            3378                                                                                              
   -------------------------------------------------------------------------------------------------------------------------------------------------------------------------------------------------


Path 67:
   Slack (not met):                         -1528ps
     Path type:                               SETUP
     Group:                              <UDEF_clk>
     Launching clock:                           clk (rising edge)
     Capturing clock:                           clk (rising edge)

     Requested period:                       2000ps
   + Delay of the capturing clock:           2319ps
   - Clock uncertainty:                       150ps
   = Required time:                          4169ps
   - Propagation time:                       3378ps (68.9% logic, 31.1% route, logic stage 1)
   - Delay of the launching clock:           2319ps
   = Slack:                                 -1528ps

   Instance/Pin or Net Name   Type         ID    Location or Fanout   Delay(ps)  Edge  Arrival Time(ps)    Instance detail                                                                    
   ---------------------------------------------------------------------------------------------------------------------------------------------------------------------------------------------
   clk                        CLOCK-PORT    -                     -     launch     r               0                                                                                          
   clk                        Clock net     2          (fanout=225)       2319                     -                                                                                          
   RBB_6/CLK                  RBB_6L        6  [TILE 0 0, RBB 25 6]          -     r            2319                                                                                          
   ---------------------------------------------------------------------------------------------------------------------------------------------------------------------------------------------
   RBB_6/CQ                   RBB_6L        6  [TILE 0 0, RBB 25 6]        800     r            3119     {inst29: counter_FDRE_Q_3 (FD,site=cff)}                                             
   counter[18]                Net          22            (fanout=1)       1052                     -                                                                                          
   RBB_6/C1                   RBB_6L        6  [TILE 0 0, RBB 25 6]          -     r            4171     {inst7: LED_CARRY4_S_O_1_CARRY4_O (CARRY4)} {inst29: counter_FDRE_Q_3 (FD,site=cff)} 
   ---------------------------------------------------------------------------------------------------------------------------------------------------------------------------------------------
   RBB_6/CLK                  RBB_6L        6  [TILE 0 0, RBB 25 6]       1526     r            5697                                                                                          
   clk                        Clock net     2          (fanout=225)      -2319                     -                                                                                          
   clk                        CLOCK-PORT    -                     -    capture     r            3378                                                                                          
   ---------------------------------------------------------------------------------------------------------------------------------------------------------------------------------------------


Path 22:
   Slack (not met):                         -1516ps
     Path type:                               SETUP
     Group:                              <UDEF_clk>
     Launching clock:                           clk (rising edge)
     Capturing clock:                           clk (rising edge)

     Requested period:                       2000ps
   + Delay of the capturing clock:           2319ps
   - Clock uncertainty:                       150ps
   = Required time:                          4169ps
   - Propagation time:                       3366ps (65.0% logic, 35.0% route, logic stage 1)
   - Delay of the launching clock:           2319ps
   = Slack:                                 -1516ps

   Instance/Pin or Net Name   Type         ID    Location or Fanout   Delay(ps)  Edge  Arrival Time(ps)    Instance detail                                                                    
   ---------------------------------------------------------------------------------------------------------------------------------------------------------------------------------------------
   clk                        CLOCK-PORT    -                     -     launch     r               0                                                                                          
   clk                        Clock net     2          (fanout=225)       2319                     -                                                                                          
   RBB_6/CLK                  RBB_6L        6  [TILE 0 0, RBB 25 6]          -     r            2319                                                                                          
   ---------------------------------------------------------------------------------------------------------------------------------------------------------------------------------------------
   RBB_6/AQ                   RBB_6L        6  [TILE 0 0, RBB 25 6]        800     r            3119     {inst31: counter_FDRE_Q_5 (FD,site=aff)}                                             
   counter[16]                Net          20            (fanout=1)       1178                     -                                                                                          
   RBB_6/A1                   RBB_6L        6  [TILE 0 0, RBB 25 6]          -     r            4297     {inst7: LED_CARRY4_S_O_1_CARRY4_O (CARRY4)} {inst26: counter_FDRE_Q_2 (FD,site=dff)} 
   ---------------------------------------------------------------------------------------------------------------------------------------------------------------------------------------------
   RBB_6/CLK                  RBB_6L        6  [TILE 0 0, RBB 25 6]       1388     r            5685                                                                                          
   clk                        Clock net     2          (fanout=225)      -2319                     -                                                                                          
   clk                        CLOCK-PORT    -                     -    capture     r            3366                                                                                          
   ---------------------------------------------------------------------------------------------------------------------------------------------------------------------------------------------


Path 36:
   Slack (not met):                         -1508ps
     Path type:                               SETUP
     Group:                              <UDEF_clk>
     Launching clock:                           clk (rising edge)
     Capturing clock:                           clk (rising edge)

     Requested period:                       2000ps
   + Delay of the capturing clock:           2318ps
   - Clock uncertainty:                       150ps
   = Required time:                          4168ps
   - Propagation time:                       3358ps (67.1% logic, 32.9% route, logic stage 1)
   - Delay of the launching clock:           2318ps
   = Slack:                                 -1508ps

   Instance/Pin or Net Name   Type         ID    Location or Fanout   Delay(ps)  Edge  Arrival Time(ps)    Instance detail                                                                      
   -----------------------------------------------------------------------------------------------------------------------------------------------------------------------------------------------
   clk                        CLOCK-PORT    -                     -     launch     r               0                                                                                            
   clk                        Clock net     2          (fanout=225)       2318                     -                                                                                            
   RBB_5/CLK                  RBB_6L        5  [TILE 0 0, RBB 22 6]          -     r            2318                                                                                            
   -----------------------------------------------------------------------------------------------------------------------------------------------------------------------------------------------
   RBB_5/AQ                   RBB_6L        5  [TILE 0 0, RBB 22 6]        800     r            3118     {inst35: counter_FDRE_Q_9 (FD,site=aff)}                                               
   counter[12]                Net          16            (fanout=1)       1105                     -                                                                                            
   RBB_5/A1                   RBB_6L        5  [TILE 0 0, RBB 22 6]          -     r            4223     {inst8: LED_CARRY4_S_O_1_CARRY4_O_1 (CARRY4)} {inst34: counter_FDRE_Q_8 (FD,site=bff)} 
   -----------------------------------------------------------------------------------------------------------------------------------------------------------------------------------------------
   RBB_5/CLK                  RBB_6L        5  [TILE 0 0, RBB 22 6]       1453     r            5676                                                                                            
   clk                        Clock net     2          (fanout=225)      -2318                     -                                                                                            
   clk                        CLOCK-PORT    -                     -    capture     r            3358                                                                                            
   -----------------------------------------------------------------------------------------------------------------------------------------------------------------------------------------------


Path 21:
   Slack (not met):                         -1502ps
     Path type:                               SETUP
     Group:                              <UDEF_clk>
     Launching clock:                           clk (rising edge)
     Capturing clock:                           clk (rising edge)

     Requested period:                       2000ps
   + Delay of the capturing clock:           2296ps
   - Clock uncertainty:                       150ps
   = Required time:                          4146ps
   - Propagation time:                       3352ps (65.3% logic, 34.7% route, logic stage 1)
   - Delay of the launching clock:           2296ps
   = Slack:                                 -1502ps

   Instance/Pin or Net Name   Type         ID    Location or Fanout   Delay(ps)  Edge  Arrival Time(ps)    Instance detail                                                                        
   -------------------------------------------------------------------------------------------------------------------------------------------------------------------------------------------------
   clk                        CLOCK-PORT    -                     -     launch     r               0                                                                                              
   clk                        Clock net     2          (fanout=225)       2296                     -                                                                                              
   RBB_2/CLK                  RBB_6L        2  [TILE 0 0, RBB 13 6]          -     r            2296                                                                                              
   -------------------------------------------------------------------------------------------------------------------------------------------------------------------------------------------------
   RBB_2/AQ                   RBB_6L        2  [TILE 0 0, RBB 13 6]        800     r            3096     {inst28: counter_FDRE_Q_21 (FD,site=aff)}                                                
   counter[0]                 Net           4            (fanout=1)       1164                     -                                                                                              
   RBB_2/A1                   RBB_6L        2  [TILE 0 0, RBB 13 6]          -     r            4260     {inst11: LED_CARRY4_S_O_1_CARRY4_O_4 (CARRY4)} {inst24: counter_FDRE_Q_18 (FD,site=dff)} 
   -------------------------------------------------------------------------------------------------------------------------------------------------------------------------------------------------
   RBB_2/CLK                  RBB_6L        2  [TILE 0 0, RBB 13 6]       1388     r            5648                                                                                              
   clk                        Clock net     2          (fanout=225)      -2296                     -                                                                                              
   clk                        CLOCK-PORT    -                     -    capture     r            3352                                                                                              
   -------------------------------------------------------------------------------------------------------------------------------------------------------------------------------------------------


Path 59:
   Slack (not met):                         -1493ps
     Path type:                               SETUP
     Group:                              <UDEF_clk>
     Launching clock:                           clk (rising edge)
     Capturing clock:                           clk (rising edge)

     Requested period:                       2000ps
   + Delay of the capturing clock:           2298ps
   - Clock uncertainty:                       150ps
   = Required time:                          4148ps
   - Propagation time:                       3343ps (66.5% logic, 33.5% route, logic stage 1)
   - Delay of the launching clock:           2298ps
   = Slack:                                 -1493ps

   Instance/Pin or Net Name   Type         ID    Location or Fanout   Delay(ps)  Edge  Arrival Time(ps)    Instance detail                                                                       
   ------------------------------------------------------------------------------------------------------------------------------------------------------------------------------------------------
   clk                        CLOCK-PORT    -                     -     launch     r               0                                                                                             
   clk                        Clock net     2          (fanout=225)       2298                     -                                                                                             
   RBB_4/CLK                  RBB_6L        4  [TILE 0 0, RBB 19 6]          -     r            2298                                                                                             
   ------------------------------------------------------------------------------------------------------------------------------------------------------------------------------------------------
   RBB_4/DQ                   RBB_6L        4  [TILE 0 0, RBB 19 6]        800     r            3098     {inst16: counter_FDRE_Q_10 (FD,site=dff)}                                               
   counter[11]                Net          15            (fanout=1)       1120                     -                                                                                             
   RBB_4/D1                   RBB_6L        4  [TILE 0 0, RBB 19 6]          -     r            4218     {inst9: LED_CARRY4_S_O_1_CARRY4_O_2 (CARRY4)} {inst16: counter_FDRE_Q_10 (FD,site=dff)} 
   ------------------------------------------------------------------------------------------------------------------------------------------------------------------------------------------------
   RBB_4/CLK                  RBB_6L        4  [TILE 0 0, RBB 19 6]       1423     r            5641                                                                                             
   clk                        Clock net     2          (fanout=225)      -2298                     -                                                                                             
   clk                        CLOCK-PORT    -                     -    capture     r            3343                                                                                             
   ------------------------------------------------------------------------------------------------------------------------------------------------------------------------------------------------


Path 61:
   Slack (not met):                         -1493ps
     Path type:                               SETUP
     Group:                              <UDEF_clk>
     Launching clock:                           clk (rising edge)
     Capturing clock:                           clk (rising edge)

     Requested period:                       2000ps
   + Delay of the capturing clock:           2319ps
   - Clock uncertainty:                       150ps
   = Required time:                          4169ps
   - Propagation time:                       3343ps (66.5% logic, 33.5% route, logic stage 1)
   - Delay of the launching clock:           2319ps
   = Slack:                                 -1493ps

   Instance/Pin or Net Name   Type         ID    Location or Fanout   Delay(ps)  Edge  Arrival Time(ps)    Instance detail                                                                    
   ---------------------------------------------------------------------------------------------------------------------------------------------------------------------------------------------
   clk                        CLOCK-PORT    -                     -     launch     r               0                                                                                          
   clk                        Clock net     2          (fanout=225)       2319                     -                                                                                          
   RBB_6/CLK                  RBB_6L        6  [TILE 0 0, RBB 25 6]          -     r            2319                                                                                          
   ---------------------------------------------------------------------------------------------------------------------------------------------------------------------------------------------
   RBB_6/DQ                   RBB_6L        6  [TILE 0 0, RBB 25 6]        800     r            3119     {inst26: counter_FDRE_Q_2 (FD,site=dff)}                                             
   counter[19]                Net          23            (fanout=1)       1120                     -                                                                                          
   RBB_6/D1                   RBB_6L        6  [TILE 0 0, RBB 25 6]          -     r            4239     {inst7: LED_CARRY4_S_O_1_CARRY4_O (CARRY4)} {inst26: counter_FDRE_Q_2 (FD,site=dff)} 
   ---------------------------------------------------------------------------------------------------------------------------------------------------------------------------------------------
   RBB_6/CLK                  RBB_6L        6  [TILE 0 0, RBB 25 6]       1423     r            5662                                                                                          
   clk                        Clock net     2          (fanout=225)      -2319                     -                                                                                          
   clk                        CLOCK-PORT    -                     -    capture     r            3343                                                                                          
   ---------------------------------------------------------------------------------------------------------------------------------------------------------------------------------------------


Path 60:
   Slack (not met):                         -1490ps
     Path type:                               SETUP
     Group:                              <UDEF_clk>
     Launching clock:                           clk (rising edge)
     Capturing clock:                           clk (rising edge)

     Requested period:                       2000ps
   + Delay of the capturing clock:           2296ps
   - Clock uncertainty:                       150ps
   = Required time:                          4146ps
   - Propagation time:                       3340ps (66.6% logic, 33.4% route, logic stage 1)
   - Delay of the launching clock:           2296ps
   = Slack:                                 -1490ps

   Instance/Pin or Net Name   Type         ID    Location or Fanout   Delay(ps)  Edge  Arrival Time(ps)    Instance detail                                                                        
   -------------------------------------------------------------------------------------------------------------------------------------------------------------------------------------------------
   clk                        CLOCK-PORT    -                     -     launch     r               0                                                                                              
   clk                        Clock net     2          (fanout=225)       2296                     -                                                                                              
   RBB_2/CLK                  RBB_6L        2  [TILE 0 0, RBB 13 6]          -     r            2296                                                                                              
   -------------------------------------------------------------------------------------------------------------------------------------------------------------------------------------------------
   RBB_2/DQ                   RBB_6L        2  [TILE 0 0, RBB 13 6]        800     r            3096     {inst24: counter_FDRE_Q_18 (FD,site=dff)}                                                
   counter[3]                 Net           7            (fanout=1)       1117                     -                                                                                              
   RBB_2/D1                   RBB_6L        2  [TILE 0 0, RBB 13 6]          -     r            4213     {inst11: LED_CARRY4_S_O_1_CARRY4_O_4 (CARRY4)} {inst24: counter_FDRE_Q_18 (FD,site=dff)} 
   -------------------------------------------------------------------------------------------------------------------------------------------------------------------------------------------------
   RBB_2/CLK                  RBB_6L        2  [TILE 0 0, RBB 13 6]       1423     r            5636                                                                                              
   clk                        Clock net     2          (fanout=225)      -2296                     -                                                                                              
   clk                        CLOCK-PORT    -                     -    capture     r            3340                                                                                              
   -------------------------------------------------------------------------------------------------------------------------------------------------------------------------------------------------


Path 73:
   Slack (not met):                         -1490ps
     Path type:                               SETUP
     Group:                              <UDEF_clk>
     Launching clock:                           clk (rising edge)
     Capturing clock:                           clk (rising edge)

     Requested period:                       2000ps
   + Delay of the capturing clock:           2319ps
   - Clock uncertainty:                       150ps
   = Required time:                          4169ps
   - Propagation time:                       3340ps (65.9% logic, 34.1% route, logic stage 1)
   - Delay of the launching clock:           2319ps
   = Slack:                                 -1490ps

   Instance/Pin or Net Name   Type         ID    Location or Fanout   Delay(ps)  Edge  Arrival Time(ps)    Instance detail                                                                    
   ---------------------------------------------------------------------------------------------------------------------------------------------------------------------------------------------
   clk                        CLOCK-PORT    -                     -     launch     r               0                                                                                          
   clk                        Clock net     2          (fanout=225)       2319                     -                                                                                          
   RBB_6/CLK                  RBB_6L        6  [TILE 0 0, RBB 25 6]          -     r            2319                                                                                          
   ---------------------------------------------------------------------------------------------------------------------------------------------------------------------------------------------
   RBB_6/BQ                   RBB_6L        6  [TILE 0 0, RBB 25 6]        800     r            3119     {inst30: counter_FDRE_Q_4 (FD,site=bff)}                                             
   counter[17]                Net          21            (fanout=1)       1139                     -                                                                                          
   RBB_6/B1                   RBB_6L        6  [TILE 0 0, RBB 25 6]          -     r            4258     {inst7: LED_CARRY4_S_O_1_CARRY4_O (CARRY4)} {inst30: counter_FDRE_Q_4 (FD,site=bff)} 
   ---------------------------------------------------------------------------------------------------------------------------------------------------------------------------------------------
   RBB_6/CLK                  RBB_6L        6  [TILE 0 0, RBB 25 6]       1401     r            5659                                                                                          
   clk                        Clock net     2          (fanout=225)      -2319                     -                                                                                          
   clk                        CLOCK-PORT    -                     -    capture     r            3340                                                                                          
   ---------------------------------------------------------------------------------------------------------------------------------------------------------------------------------------------


Path 31:
   Slack (not met):                         -1489ps
     Path type:                               SETUP
     Group:                              <UDEF_clk>
     Launching clock:                           clk (rising edge)
     Capturing clock:                           clk (rising edge)

     Requested period:                       2000ps
   + Delay of the capturing clock:           2327ps
   - Clock uncertainty:                       150ps
   = Required time:                          4177ps
   - Propagation time:                       3339ps (67.1% logic, 32.9% route, logic stage 1)
   - Delay of the launching clock:           2327ps
   = Slack:                                 -1489ps

   Instance/Pin or Net Name   Type         ID    Location or Fanout   Delay(ps)  Edge  Arrival Time(ps)    Instance detail                                                 
   --------------------------------------------------------------------------------------------------------------------------------------------------------------------------
   clk                        CLOCK-PORT    -                     -     launch     r               0                                                                       
   clk                        Clock net     2          (fanout=225)       2327                     -                                                                       
   RBB_7/CLK                  RBB_6L        7  [TILE 0 0, RBB 28 6]          -     r            2327                                                                       
   --------------------------------------------------------------------------------------------------------------------------------------------------------------------------
   RBB_7/AQ                   RBB_6L        7  [TILE 0 0, RBB 28 6]        800     r            3127     {inst15: counter_FDRE_Q_1 (FD,site=aff)}                          
   counter[20]                Net          24            (fanout=1)       1100                     -                                                                       
   RBB_7/A1                   RBB_6L        7  [TILE 0 0, RBB 28 6]          -     r            4227     {inst6: LED_CARRY4_S (CARRY4)} {inst13: LED_FDRE_Q (FD,site=cff)} 
   --------------------------------------------------------------------------------------------------------------------------------------------------------------------------
   RBB_7/CLK                  RBB_6L        7  [TILE 0 0, RBB 28 6]       1439     r            5666                                                                       
   clk                        Clock net     2          (fanout=225)      -2327                     -                                                                       
   clk                        CLOCK-PORT    -                     -    capture     r            3339                                                                       
   --------------------------------------------------------------------------------------------------------------------------------------------------------------------------


Path 30:
   Slack (not met):                         -1489ps
     Path type:                               SETUP
     Group:                              <UDEF_clk>
     Launching clock:                           clk (rising edge)
     Capturing clock:                           clk (rising edge)

     Requested period:                       2000ps
   + Delay of the capturing clock:           2294ps
   - Clock uncertainty:                       150ps
   = Required time:                          4144ps
   - Propagation time:                       3339ps (67.1% logic, 32.9% route, logic stage 1)
   - Delay of the launching clock:           2294ps
   = Slack:                                 -1489ps

   Instance/Pin or Net Name   Type         ID    Location or Fanout   Delay(ps)  Edge  Arrival Time(ps)    Instance detail                                                                        
   -------------------------------------------------------------------------------------------------------------------------------------------------------------------------------------------------
   clk                        CLOCK-PORT    -                     -     launch     r               0                                                                                              
   clk                        Clock net     2          (fanout=225)       2294                     -                                                                                              
   RBB_3/CLK                  RBB_6L        3  [TILE 0 0, RBB 16 6]          -     r            2294                                                                                              
   -------------------------------------------------------------------------------------------------------------------------------------------------------------------------------------------------
   RBB_3/AQ                   RBB_6L        3  [TILE 0 0, RBB 16 6]        800     r            3094     {inst23: counter_FDRE_Q_17 (FD,site=aff)}                                                
   counter[4]                 Net           8            (fanout=1)       1100                     -                                                                                              
   RBB_3/A1                   RBB_6L        3  [TILE 0 0, RBB 16 6]          -     r            4194     {inst10: LED_CARRY4_S_O_1_CARRY4_O_3 (CARRY4)} {inst21: counter_FDRE_Q_15 (FD,site=cff)} 
   -------------------------------------------------------------------------------------------------------------------------------------------------------------------------------------------------
   RBB_3/CLK                  RBB_6L        3  [TILE 0 0, RBB 16 6]       1439     r            5633                                                                                              
   clk                        Clock net     2          (fanout=225)      -2294                     -                                                                                              
   clk                        CLOCK-PORT    -                     -    capture     r            3339                                                                                              
   -------------------------------------------------------------------------------------------------------------------------------------------------------------------------------------------------


Path 58:
   Slack (not met):                         -1485ps
     Path type:                               SETUP
     Group:                              <UDEF_clk>
     Launching clock:                           clk (rising edge)
     Capturing clock:                           clk (rising edge)

     Requested period:                       2000ps
   + Delay of the capturing clock:           2294ps
   - Clock uncertainty:                       150ps
   = Required time:                          4144ps
   - Propagation time:                       3335ps (64.5% logic, 35.5% route, logic stage 1)
   - Delay of the launching clock:           2294ps
   = Slack:                                 -1485ps

   Instance/Pin or Net Name   Type         ID    Location or Fanout   Delay(ps)  Edge  Arrival Time(ps)    Instance detail                                                                        
   -------------------------------------------------------------------------------------------------------------------------------------------------------------------------------------------------
   clk                        CLOCK-PORT    -                     -     launch     r               0                                                                                              
   clk                        Clock net     2          (fanout=225)       2294                     -                                                                                              
   RBB_3/CLK                  RBB_6L        3  [TILE 0 0, RBB 16 6]          -     r            2294                                                                                              
   -------------------------------------------------------------------------------------------------------------------------------------------------------------------------------------------------
   RBB_3/DQ                   RBB_6L        3  [TILE 0 0, RBB 16 6]        800     r            3094     {inst20: counter_FDRE_Q_14 (FD,site=dff)}                                                
   counter[7]                 Net          11            (fanout=1)       1185                     -                                                                                              
   RBB_3/D1                   RBB_6L        3  [TILE 0 0, RBB 16 6]          -     r            4279     {inst10: LED_CARRY4_S_O_1_CARRY4_O_3 (CARRY4)} {inst20: counter_FDRE_Q_14 (FD,site=dff)} 
   -------------------------------------------------------------------------------------------------------------------------------------------------------------------------------------------------
   RBB_3/CLK                  RBB_6L        3  [TILE 0 0, RBB 16 6]       1350     r            5629                                                                                              
   clk                        Clock net     2          (fanout=225)      -2294                     -                                                                                              
   clk                        CLOCK-PORT    -                     -    capture     r            3335                                                                                              
   -------------------------------------------------------------------------------------------------------------------------------------------------------------------------------------------------


Path 70:
   Slack (not met):                         -1484ps
     Path type:                               SETUP
     Group:                              <UDEF_clk>
     Launching clock:                           clk (rising edge)
     Capturing clock:                           clk (rising edge)

     Requested period:                       2000ps
   + Delay of the capturing clock:           2296ps
   - Clock uncertainty:                       150ps
   = Required time:                          4146ps
   - Propagation time:                       3334ps (66.0% logic, 34.0% route, logic stage 1)
   - Delay of the launching clock:           2296ps
   = Slack:                                 -1484ps

   Instance/Pin or Net Name   Type         ID    Location or Fanout   Delay(ps)  Edge  Arrival Time(ps)    Instance detail                                                                        
   -------------------------------------------------------------------------------------------------------------------------------------------------------------------------------------------------
   clk                        CLOCK-PORT    -                     -     launch     r               0                                                                                              
   clk                        Clock net     2          (fanout=225)       2296                     -                                                                                              
   RBB_2/CLK                  RBB_6L        2  [TILE 0 0, RBB 13 6]          -     r            2296                                                                                              
   -------------------------------------------------------------------------------------------------------------------------------------------------------------------------------------------------
   RBB_2/BQ                   RBB_6L        2  [TILE 0 0, RBB 13 6]        800     r            3096     {inst27: counter_FDRE_Q_20 (FD,site=bff)}                                                
   counter[1]                 Net           5            (fanout=1)       1133                     -                                                                                              
   RBB_2/B1                   RBB_6L        2  [TILE 0 0, RBB 13 6]          -     r            4229     {inst11: LED_CARRY4_S_O_1_CARRY4_O_4 (CARRY4)} {inst27: counter_FDRE_Q_20 (FD,site=bff)} 
   -------------------------------------------------------------------------------------------------------------------------------------------------------------------------------------------------
   RBB_2/CLK                  RBB_6L        2  [TILE 0 0, RBB 13 6]       1401     r            5630                                                                                              
   clk                        Clock net     2          (fanout=225)      -2296                     -                                                                                              
   clk                        CLOCK-PORT    -                     -    capture     r            3334                                                                                              
   -------------------------------------------------------------------------------------------------------------------------------------------------------------------------------------------------


Path 20:
   Slack (not met):                         -1464ps
     Path type:                               SETUP
     Group:                              <UDEF_clk>
     Launching clock:                           clk (rising edge)
     Capturing clock:                           clk (rising edge)

     Requested period:                       2000ps
   + Delay of the capturing clock:           2294ps
   - Clock uncertainty:                       150ps
   = Required time:                          4144ps
   - Propagation time:                       3314ps (66.8% logic, 33.2% route, logic stage 1)
   - Delay of the launching clock:           2294ps
   = Slack:                                 -1464ps

   Instance/Pin or Net Name   Type         ID    Location or Fanout   Delay(ps)  Edge  Arrival Time(ps)    Instance detail                                                                        
   -------------------------------------------------------------------------------------------------------------------------------------------------------------------------------------------------
   clk                        CLOCK-PORT    -                     -     launch     r               0                                                                                              
   clk                        Clock net     2          (fanout=225)       2294                     -                                                                                              
   RBB_3/CLK                  RBB_6L        3  [TILE 0 0, RBB 16 6]          -     r            2294                                                                                              
   -------------------------------------------------------------------------------------------------------------------------------------------------------------------------------------------------
   RBB_3/AQ                   RBB_6L        3  [TILE 0 0, RBB 16 6]        800     r            3094     {inst23: counter_FDRE_Q_17 (FD,site=aff)}                                                
   counter[4]                 Net           8            (fanout=1)       1100                     -                                                                                              
   RBB_3/A1                   RBB_6L        3  [TILE 0 0, RBB 16 6]          -     r            4194     {inst10: LED_CARRY4_S_O_1_CARRY4_O_3 (CARRY4)} {inst20: counter_FDRE_Q_14 (FD,site=dff)} 
   -------------------------------------------------------------------------------------------------------------------------------------------------------------------------------------------------
   RBB_3/CLK                  RBB_6L        3  [TILE 0 0, RBB 16 6]       1414     r            5608                                                                                              
   clk                        Clock net     2          (fanout=225)      -2294                     -                                                                                              
   clk                        CLOCK-PORT    -                     -    capture     r            3314                                                                                              
   -------------------------------------------------------------------------------------------------------------------------------------------------------------------------------------------------


Path 32:
   Slack (not met):                         -1456ps
     Path type:                               SETUP
     Group:                              <UDEF_clk>
     Launching clock:                           clk (rising edge)
     Capturing clock:                           clk (rising edge)

     Requested period:                       2000ps
   + Delay of the capturing clock:           2319ps
   - Clock uncertainty:                       150ps
   = Required time:                          4169ps
   - Propagation time:                       3306ps (64.4% logic, 35.6% route, logic stage 1)
   - Delay of the launching clock:           2319ps
   = Slack:                                 -1456ps

   Instance/Pin or Net Name   Type         ID    Location or Fanout   Delay(ps)  Edge  Arrival Time(ps)    Instance detail                                                                    
   ---------------------------------------------------------------------------------------------------------------------------------------------------------------------------------------------
   clk                        CLOCK-PORT    -                     -     launch     r               0                                                                                          
   clk                        Clock net     2          (fanout=225)       2319                     -                                                                                          
   RBB_6/CLK                  RBB_6L        6  [TILE 0 0, RBB 25 6]          -     r            2319                                                                                          
   ---------------------------------------------------------------------------------------------------------------------------------------------------------------------------------------------
   RBB_6/AQ                   RBB_6L        6  [TILE 0 0, RBB 25 6]        800     r            3119     {inst31: counter_FDRE_Q_5 (FD,site=aff)}                                             
   counter[16]                Net          20            (fanout=1)       1178                     -                                                                                          
   RBB_6/A1                   RBB_6L        6  [TILE 0 0, RBB 25 6]          -     r            4297     {inst7: LED_CARRY4_S_O_1_CARRY4_O (CARRY4)} {inst29: counter_FDRE_Q_3 (FD,site=cff)} 
   ---------------------------------------------------------------------------------------------------------------------------------------------------------------------------------------------
   RBB_6/CLK                  RBB_6L        6  [TILE 0 0, RBB 25 6]       1328     r            5625                                                                                          
   clk                        Clock net     2          (fanout=225)      -2319                     -                                                                                          
   clk                        CLOCK-PORT    -                     -    capture     r            3306                                                                                          
   ---------------------------------------------------------------------------------------------------------------------------------------------------------------------------------------------


Path 49:
   Slack (not met):                         -1455ps
     Path type:                               SETUP
     Group:                              <UDEF_clk>
     Launching clock:                           clk (rising edge)
     Capturing clock:                           clk (rising edge)

     Requested period:                       2000ps
   + Delay of the capturing clock:           2318ps
   - Clock uncertainty:                       150ps
   = Required time:                          4168ps
   - Propagation time:                       3305ps (66.6% logic, 33.4% route, logic stage 1)
   - Delay of the launching clock:           2318ps
   = Slack:                                 -1455ps

   Instance/Pin or Net Name   Type         ID    Location or Fanout   Delay(ps)  Edge  Arrival Time(ps)    Instance detail                                                                      
   -----------------------------------------------------------------------------------------------------------------------------------------------------------------------------------------------
   clk                        CLOCK-PORT    -                     -     launch     r               0                                                                                            
   clk                        Clock net     2          (fanout=225)       2318                     -                                                                                            
   RBB_5/CLK                  RBB_6L        5  [TILE 0 0, RBB 22 6]          -     r            2318                                                                                            
   -----------------------------------------------------------------------------------------------------------------------------------------------------------------------------------------------
   RBB_5/AQ                   RBB_6L        5  [TILE 0 0, RBB 22 6]        800     r            3118     {inst35: counter_FDRE_Q_9 (FD,site=aff)}                                               
   counter[12]                Net          16            (fanout=1)       1105                     -                                                                                            
   RBB_5/A1                   RBB_6L        5  [TILE 0 0, RBB 22 6]          -     r            4223     {inst8: LED_CARRY4_S_O_1_CARRY4_O_1 (CARRY4)} {inst35: counter_FDRE_Q_9 (FD,site=aff)} 
   -----------------------------------------------------------------------------------------------------------------------------------------------------------------------------------------------
   RBB_5/CLK                  RBB_6L        5  [TILE 0 0, RBB 22 6]       1400     r            5623                                                                                            
   clk                        Clock net     2          (fanout=225)      -2318                     -                                                                                            
   clk                        CLOCK-PORT    -                     -    capture     r            3305                                                                                            
   -----------------------------------------------------------------------------------------------------------------------------------------------------------------------------------------------


Path 34:
   Slack (not met):                         -1442ps
     Path type:                               SETUP
     Group:                              <UDEF_clk>
     Launching clock:                           clk (rising edge)
     Capturing clock:                           clk (rising edge)

     Requested period:                       2000ps
   + Delay of the capturing clock:           2296ps
   - Clock uncertainty:                       150ps
   = Required time:                          4146ps
   - Propagation time:                       3292ps (64.6% logic, 35.4% route, logic stage 1)
   - Delay of the launching clock:           2296ps
   = Slack:                                 -1442ps

   Instance/Pin or Net Name   Type         ID    Location or Fanout   Delay(ps)  Edge  Arrival Time(ps)    Instance detail                                                                        
   -------------------------------------------------------------------------------------------------------------------------------------------------------------------------------------------------
   clk                        CLOCK-PORT    -                     -     launch     r               0                                                                                              
   clk                        Clock net     2          (fanout=225)       2296                     -                                                                                              
   RBB_2/CLK                  RBB_6L        2  [TILE 0 0, RBB 13 6]          -     r            2296                                                                                              
   -------------------------------------------------------------------------------------------------------------------------------------------------------------------------------------------------
   RBB_2/AQ                   RBB_6L        2  [TILE 0 0, RBB 13 6]        800     r            3096     {inst28: counter_FDRE_Q_21 (FD,site=aff)}                                                
   counter[0]                 Net           4            (fanout=1)       1164                     -                                                                                              
   RBB_2/A1                   RBB_6L        2  [TILE 0 0, RBB 13 6]          -     r            4260     {inst11: LED_CARRY4_S_O_1_CARRY4_O_4 (CARRY4)} {inst25: counter_FDRE_Q_19 (FD,site=cff)} 
   -------------------------------------------------------------------------------------------------------------------------------------------------------------------------------------------------
   RBB_2/CLK                  RBB_6L        2  [TILE 0 0, RBB 13 6]       1328     r            5588                                                                                              
   clk                        Clock net     2          (fanout=225)      -2296                     -                                                                                              
   clk                        CLOCK-PORT    -                     -    capture     r            3292                                                                                              
   -------------------------------------------------------------------------------------------------------------------------------------------------------------------------------------------------


Path 41:
   Slack (not met):                         -1417ps
     Path type:                               SETUP
     Group:                              <UDEF_clk>
     Launching clock:                           clk (rising edge)
     Capturing clock:                           clk (rising edge)

     Requested period:                       2000ps
   + Delay of the capturing clock:           2327ps
   - Clock uncertainty:                       150ps
   = Required time:                          4177ps
   - Propagation time:                       3267ps (66.3% logic, 33.7% route, logic stage 1)
   - Delay of the launching clock:           2327ps
   = Slack:                                 -1417ps

   Instance/Pin or Net Name   Type         ID    Location or Fanout   Delay(ps)  Edge  Arrival Time(ps)    Instance detail                                                     
   ------------------------------------------------------------------------------------------------------------------------------------------------------------------------------
   clk                        CLOCK-PORT    -                     -     launch     r               0                                                                           
   clk                        Clock net     2          (fanout=225)       2327                     -                                                                           
   RBB_7/CLK                  RBB_6L        7  [TILE 0 0, RBB 28 6]          -     r            2327                                                                           
   ------------------------------------------------------------------------------------------------------------------------------------------------------------------------------
   RBB_7/AQ                   RBB_6L        7  [TILE 0 0, RBB 28 6]        800     r            3127     {inst15: counter_FDRE_Q_1 (FD,site=aff)}                              
   counter[20]                Net          24            (fanout=1)       1100                     -                                                                           
   RBB_7/A1                   RBB_6L        7  [TILE 0 0, RBB 28 6]          -     r            4227     {inst6: LED_CARRY4_S (CARRY4)} {inst14: counter_FDRE_Q (FD,site=bff)} 
   ------------------------------------------------------------------------------------------------------------------------------------------------------------------------------
   RBB_7/CLK                  RBB_6L        7  [TILE 0 0, RBB 28 6]       1367     r            5594                                                                           
   clk                        Clock net     2          (fanout=225)      -2327                     -                                                                           
   clk                        CLOCK-PORT    -                     -    capture     r            3267                                                                           
   ------------------------------------------------------------------------------------------------------------------------------------------------------------------------------


Path 40:
   Slack (not met):                         -1417ps
     Path type:                               SETUP
     Group:                              <UDEF_clk>
     Launching clock:                           clk (rising edge)
     Capturing clock:                           clk (rising edge)

     Requested period:                       2000ps
   + Delay of the capturing clock:           2294ps
   - Clock uncertainty:                       150ps
   = Required time:                          4144ps
   - Propagation time:                       3267ps (66.3% logic, 33.7% route, logic stage 1)
   - Delay of the launching clock:           2294ps
   = Slack:                                 -1417ps

   Instance/Pin or Net Name   Type         ID    Location or Fanout   Delay(ps)  Edge  Arrival Time(ps)    Instance detail                                                                        
   -------------------------------------------------------------------------------------------------------------------------------------------------------------------------------------------------
   clk                        CLOCK-PORT    -                     -     launch     r               0                                                                                              
   clk                        Clock net     2          (fanout=225)       2294                     -                                                                                              
   RBB_3/CLK                  RBB_6L        3  [TILE 0 0, RBB 16 6]          -     r            2294                                                                                              
   -------------------------------------------------------------------------------------------------------------------------------------------------------------------------------------------------
   RBB_3/AQ                   RBB_6L        3  [TILE 0 0, RBB 16 6]        800     r            3094     {inst23: counter_FDRE_Q_17 (FD,site=aff)}                                                
   counter[4]                 Net           8            (fanout=1)       1100                     -                                                                                              
   RBB_3/A1                   RBB_6L        3  [TILE 0 0, RBB 16 6]          -     r            4194     {inst10: LED_CARRY4_S_O_1_CARRY4_O_3 (CARRY4)} {inst22: counter_FDRE_Q_16 (FD,site=bff)} 
   -------------------------------------------------------------------------------------------------------------------------------------------------------------------------------------------------
   RBB_3/CLK                  RBB_6L        3  [TILE 0 0, RBB 16 6]       1367     r            5561                                                                                              
   clk                        Clock net     2          (fanout=225)      -2294                     -                                                                                              
   clk                        CLOCK-PORT    -                     -    capture     r            3267                                                                                              
   -------------------------------------------------------------------------------------------------------------------------------------------------------------------------------------------------


Path 48:
   Slack (not met):                         -1381ps
     Path type:                               SETUP
     Group:                              <UDEF_clk>
     Launching clock:                           clk (rising edge)
     Capturing clock:                           clk (rising edge)

     Requested period:                       2000ps
   + Delay of the capturing clock:           2319ps
   - Clock uncertainty:                       150ps
   = Required time:                          4169ps
   - Propagation time:                       3231ps (63.5% logic, 36.5% route, logic stage 1)
   - Delay of the launching clock:           2319ps
   = Slack:                                 -1381ps

   Instance/Pin or Net Name   Type         ID    Location or Fanout   Delay(ps)  Edge  Arrival Time(ps)    Instance detail                                                                    
   ---------------------------------------------------------------------------------------------------------------------------------------------------------------------------------------------
   clk                        CLOCK-PORT    -                     -     launch     r               0                                                                                          
   clk                        Clock net     2          (fanout=225)       2319                     -                                                                                          
   RBB_6/CLK                  RBB_6L        6  [TILE 0 0, RBB 25 6]          -     r            2319                                                                                          
   ---------------------------------------------------------------------------------------------------------------------------------------------------------------------------------------------
   RBB_6/AQ                   RBB_6L        6  [TILE 0 0, RBB 25 6]        800     r            3119     {inst31: counter_FDRE_Q_5 (FD,site=aff)}                                             
   counter[16]                Net          20            (fanout=1)       1178                     -                                                                                          
   RBB_6/A1                   RBB_6L        6  [TILE 0 0, RBB 25 6]          -     r            4297     {inst7: LED_CARRY4_S_O_1_CARRY4_O (CARRY4)} {inst31: counter_FDRE_Q_5 (FD,site=aff)} 
   ---------------------------------------------------------------------------------------------------------------------------------------------------------------------------------------------
   RBB_6/CLK                  RBB_6L        6  [TILE 0 0, RBB 25 6]       1253     r            5550                                                                                          
   clk                        Clock net     2          (fanout=225)      -2319                     -                                                                                          
   clk                        CLOCK-PORT    -                     -    capture     r            3231                                                                                          
   ---------------------------------------------------------------------------------------------------------------------------------------------------------------------------------------------


Path 53:
   Slack (not met):                         -1368ps
     Path type:                               SETUP
     Group:                              <UDEF_clk>
     Launching clock:                           clk (rising edge)
     Capturing clock:                           clk (rising edge)

     Requested period:                       2000ps
   + Delay of the capturing clock:           2318ps
   - Clock uncertainty:                       150ps
   = Required time:                          4168ps
   - Propagation time:                       3218ps (67.1% logic, 32.9% route, logic stage 1)
   - Delay of the launching clock:           2318ps
   = Slack:                                 -1368ps

   Instance/Pin or Net Name   Type         ID    Location or Fanout   Delay(ps)  Edge  Arrival Time(ps)    Instance detail                                                                      
   -----------------------------------------------------------------------------------------------------------------------------------------------------------------------------------------------
   clk                        CLOCK-PORT    -                     -     launch     r               0                                                                                            
   clk                        Clock net     2          (fanout=225)       2318                     -                                                                                            
   RBB_5/CLK                  RBB_6L        5  [TILE 0 0, RBB 22 6]          -     r            2318                                                                                            
   -----------------------------------------------------------------------------------------------------------------------------------------------------------------------------------------------
   RBB_5/BQ                   RBB_6L        5  [TILE 0 0, RBB 22 6]        800     r            3118     {inst34: counter_FDRE_Q_8 (FD,site=bff)}                                               
   counter[13]                Net          17            (fanout=1)       1060                     -                                                                                            
   RBB_5/B1                   RBB_6L        5  [TILE 0 0, RBB 22 6]          -     r            4178     {inst8: LED_CARRY4_S_O_1_CARRY4_O_1 (CARRY4)} {inst33: counter_FDRE_Q_7 (FD,site=cff)} 
   -----------------------------------------------------------------------------------------------------------------------------------------------------------------------------------------------
   RBB_5/CLK                  RBB_6L        5  [TILE 0 0, RBB 22 6]       1358     r            5536                                                                                            
   clk                        Clock net     2          (fanout=225)      -2318                     -                                                                                            
   clk                        CLOCK-PORT    -                     -    capture     r            3218                                                                                            
   -----------------------------------------------------------------------------------------------------------------------------------------------------------------------------------------------


Path 55:
   Slack (not met):                         -1364ps
     Path type:                               SETUP
     Group:                              <UDEF_clk>
     Launching clock:                           clk (rising edge)
     Capturing clock:                           clk (rising edge)

     Requested period:                       2000ps
   + Delay of the capturing clock:           2327ps
   - Clock uncertainty:                       150ps
   = Required time:                          4177ps
   - Propagation time:                       3214ps (67.1% logic, 32.9% route, logic stage 1)
   - Delay of the launching clock:           2327ps
   = Slack:                                 -1364ps

   Instance/Pin or Net Name   Type         ID    Location or Fanout   Delay(ps)  Edge  Arrival Time(ps)    Instance detail                                                 
   --------------------------------------------------------------------------------------------------------------------------------------------------------------------------
   clk                        CLOCK-PORT    -                     -     launch     r               0                                                                       
   clk                        Clock net     2          (fanout=225)       2327                     -                                                                       
   RBB_7/CLK                  RBB_6L        7  [TILE 0 0, RBB 28 6]          -     r            2327                                                                       
   --------------------------------------------------------------------------------------------------------------------------------------------------------------------------
   RBB_7/BQ                   RBB_6L        7  [TILE 0 0, RBB 28 6]        800     r            3127     {inst14: counter_FDRE_Q (FD,site=bff)}                            
   counter[21]                Net          25            (fanout=1)       1056                     -                                                                       
   RBB_7/B1                   RBB_6L        7  [TILE 0 0, RBB 28 6]          -     r            4183     {inst6: LED_CARRY4_S (CARRY4)} {inst13: LED_FDRE_Q (FD,site=cff)} 
   --------------------------------------------------------------------------------------------------------------------------------------------------------------------------
   RBB_7/CLK                  RBB_6L        7  [TILE 0 0, RBB 28 6]       1358     r            5541                                                                       
   clk                        Clock net     2          (fanout=225)      -2327                     -                                                                       
   clk                        CLOCK-PORT    -                     -    capture     r            3214                                                                       
   --------------------------------------------------------------------------------------------------------------------------------------------------------------------------


Path 56:
   Slack (not met):                         -1363ps
     Path type:                               SETUP
     Group:                              <UDEF_clk>
     Launching clock:                           clk (rising edge)
     Capturing clock:                           clk (rising edge)

     Requested period:                       2000ps
   + Delay of the capturing clock:           2294ps
   - Clock uncertainty:                       150ps
   = Required time:                          4144ps
   - Propagation time:                       3213ps (67.2% logic, 32.8% route, logic stage 1)
   - Delay of the launching clock:           2294ps
   = Slack:                                 -1363ps

   Instance/Pin or Net Name   Type         ID    Location or Fanout   Delay(ps)  Edge  Arrival Time(ps)    Instance detail                                                                        
   -------------------------------------------------------------------------------------------------------------------------------------------------------------------------------------------------
   clk                        CLOCK-PORT    -                     -     launch     r               0                                                                                              
   clk                        Clock net     2          (fanout=225)       2294                     -                                                                                              
   RBB_3/CLK                  RBB_6L        3  [TILE 0 0, RBB 16 6]          -     r            2294                                                                                              
   -------------------------------------------------------------------------------------------------------------------------------------------------------------------------------------------------
   RBB_3/BQ                   RBB_6L        3  [TILE 0 0, RBB 16 6]        800     r            3094     {inst22: counter_FDRE_Q_16 (FD,site=bff)}                                                
   counter[5]                 Net           9            (fanout=1)       1055                     -                                                                                              
   RBB_3/B1                   RBB_6L        3  [TILE 0 0, RBB 16 6]          -     r            4149     {inst10: LED_CARRY4_S_O_1_CARRY4_O_3 (CARRY4)} {inst21: counter_FDRE_Q_15 (FD,site=cff)} 
   -------------------------------------------------------------------------------------------------------------------------------------------------------------------------------------------------
   RBB_3/CLK                  RBB_6L        3  [TILE 0 0, RBB 16 6]       1358     r            5507                                                                                              
   clk                        Clock net     2          (fanout=225)      -2294                     -                                                                                              
   clk                        CLOCK-PORT    -                     -    capture     r            3213                                                                                              
   -------------------------------------------------------------------------------------------------------------------------------------------------------------------------------------------------


Path 64:
   Slack (not met):                         -1361ps
     Path type:                               SETUP
     Group:                              <UDEF_clk>
     Launching clock:                           clk (rising edge)
     Capturing clock:                           clk (rising edge)

     Requested period:                       2000ps
   + Delay of the capturing clock:           2294ps
   - Clock uncertainty:                       150ps
   = Required time:                          4144ps
   - Propagation time:                       3211ps (64.6% logic, 35.4% route, logic stage 1)
   - Delay of the launching clock:           2294ps
   = Slack:                                 -1361ps

   Instance/Pin or Net Name   Type         ID    Location or Fanout   Delay(ps)  Edge  Arrival Time(ps)    Instance detail                                                                        
   -------------------------------------------------------------------------------------------------------------------------------------------------------------------------------------------------
   clk                        CLOCK-PORT    -                     -     launch     r               0                                                                                              
   clk                        Clock net     2          (fanout=225)       2294                     -                                                                                              
   RBB_3/CLK                  RBB_6L        3  [TILE 0 0, RBB 16 6]          -     r            2294                                                                                              
   -------------------------------------------------------------------------------------------------------------------------------------------------------------------------------------------------
   RBB_3/CQ                   RBB_6L        3  [TILE 0 0, RBB 16 6]        800     r            3094     {inst21: counter_FDRE_Q_15 (FD,site=cff)}                                                
   counter[6]                 Net          10            (fanout=1)       1138                     -                                                                                              
   RBB_3/C1                   RBB_6L        3  [TILE 0 0, RBB 16 6]          -     r            4232     {inst10: LED_CARRY4_S_O_1_CARRY4_O_3 (CARRY4)} {inst21: counter_FDRE_Q_15 (FD,site=cff)} 
   -------------------------------------------------------------------------------------------------------------------------------------------------------------------------------------------------
   RBB_3/CLK                  RBB_6L        3  [TILE 0 0, RBB 16 6]       1273     r            5505                                                                                              
   clk                        Clock net     2          (fanout=225)      -2294                     -                                                                                              
   clk                        CLOCK-PORT    -                     -    capture     r            3211                                                                                              
   -------------------------------------------------------------------------------------------------------------------------------------------------------------------------------------------------


Path 68:
   Slack (not met):                         -1358ps
     Path type:                               SETUP
     Group:                              <UDEF_clk>
     Launching clock:                           clk (rising edge)
     Capturing clock:                           clk (rising edge)

     Requested period:                       2000ps
   + Delay of the capturing clock:           2327ps
   - Clock uncertainty:                       150ps
   = Required time:                          4177ps
   - Propagation time:                       3208ps (64.6% logic, 35.4% route, logic stage 1)
   - Delay of the launching clock:           2327ps
   = Slack:                                 -1358ps

   Instance/Pin or Net Name   Type         ID    Location or Fanout   Delay(ps)  Edge  Arrival Time(ps)    Instance detail                                                 
   --------------------------------------------------------------------------------------------------------------------------------------------------------------------------
   clk                        CLOCK-PORT    -                     -     launch     r               0                                                                       
   clk                        Clock net     2          (fanout=225)       2327                     -                                                                       
   RBB_7/CLK                  RBB_6L        7  [TILE 0 0, RBB 28 6]          -     r            2327                                                                       
   --------------------------------------------------------------------------------------------------------------------------------------------------------------------------
   RBB_7/CQ                   RBB_6L        7  [TILE 0 0, RBB 28 6]        800     r            3127     {inst13: LED_FDRE_Q (FD,site=cff)}                                
   LED                        Net           3            (fanout=1)       1135                     -                                                                       
   RBB_7/C1                   RBB_6L        7  [TILE 0 0, RBB 28 6]          -     r            4262     {inst6: LED_CARRY4_S (CARRY4)} {inst13: LED_FDRE_Q (FD,site=cff)} 
   --------------------------------------------------------------------------------------------------------------------------------------------------------------------------
   RBB_7/CLK                  RBB_6L        7  [TILE 0 0, RBB 28 6]       1273     r            5535                                                                       
   clk                        Clock net     2          (fanout=225)      -2327                     -                                                                       
   clk                        CLOCK-PORT    -                     -    capture     r            3208                                                                       
   --------------------------------------------------------------------------------------------------------------------------------------------------------------------------


Path 39:
   Slack (not met):                         -1343ps
     Path type:                               SETUP
     Group:                              <UDEF_clk>
     Launching clock:                           clk (rising edge)
     Capturing clock:                           clk (rising edge)

     Requested period:                       2000ps
   + Delay of the capturing clock:           2319ps
   - Clock uncertainty:                       150ps
   = Required time:                          4169ps
   - Propagation time:                       3193ps (63.1% logic, 36.9% route, logic stage 1)
   - Delay of the launching clock:           2319ps
   = Slack:                                 -1343ps

   Instance/Pin or Net Name   Type         ID    Location or Fanout   Delay(ps)  Edge  Arrival Time(ps)    Instance detail                                                                    
   ---------------------------------------------------------------------------------------------------------------------------------------------------------------------------------------------
   clk                        CLOCK-PORT    -                     -     launch     r               0                                                                                          
   clk                        Clock net     2          (fanout=225)       2319                     -                                                                                          
   RBB_6/CLK                  RBB_6L        6  [TILE 0 0, RBB 25 6]          -     r            2319                                                                                          
   ---------------------------------------------------------------------------------------------------------------------------------------------------------------------------------------------
   RBB_6/AQ                   RBB_6L        6  [TILE 0 0, RBB 25 6]        800     r            3119     {inst31: counter_FDRE_Q_5 (FD,site=aff)}                                             
   counter[16]                Net          20            (fanout=1)       1178                     -                                                                                          
   RBB_6/A1                   RBB_6L        6  [TILE 0 0, RBB 25 6]          -     r            4297     {inst7: LED_CARRY4_S_O_1_CARRY4_O (CARRY4)} {inst30: counter_FDRE_Q_4 (FD,site=bff)} 
   ---------------------------------------------------------------------------------------------------------------------------------------------------------------------------------------------
   RBB_6/CLK                  RBB_6L        6  [TILE 0 0, RBB 25 6]       1215     r            5512                                                                                          
   clk                        Clock net     2          (fanout=225)      -2319                     -                                                                                          
   clk                        CLOCK-PORT    -                     -    capture     r            3193                                                                                          
   ---------------------------------------------------------------------------------------------------------------------------------------------------------------------------------------------


Path 50:
   Slack (not met):                         -1341ps
     Path type:                               SETUP
     Group:                              <UDEF_clk>
     Launching clock:                           clk (rising edge)
     Capturing clock:                           clk (rising edge)

     Requested period:                       2000ps
   + Delay of the capturing clock:           2294ps
   - Clock uncertainty:                       150ps
   = Required time:                          4144ps
   - Propagation time:                       3191ps (65.5% logic, 34.5% route, logic stage 1)
   - Delay of the launching clock:           2294ps
   = Slack:                                 -1341ps

   Instance/Pin or Net Name   Type         ID    Location or Fanout   Delay(ps)  Edge  Arrival Time(ps)    Instance detail                                                                        
   -------------------------------------------------------------------------------------------------------------------------------------------------------------------------------------------------
   clk                        CLOCK-PORT    -                     -     launch     r               0                                                                                              
   clk                        Clock net     2          (fanout=225)       2294                     -                                                                                              
   RBB_3/CLK                  RBB_6L        3  [TILE 0 0, RBB 16 6]          -     r            2294                                                                                              
   -------------------------------------------------------------------------------------------------------------------------------------------------------------------------------------------------
   RBB_3/AQ                   RBB_6L        3  [TILE 0 0, RBB 16 6]        800     r            3094     {inst23: counter_FDRE_Q_17 (FD,site=aff)}                                                
   counter[4]                 Net           8            (fanout=1)       1100                     -                                                                                              
   RBB_3/A1                   RBB_6L        3  [TILE 0 0, RBB 16 6]          -     r            4194     {inst10: LED_CARRY4_S_O_1_CARRY4_O_3 (CARRY4)} {inst23: counter_FDRE_Q_17 (FD,site=aff)} 
   -------------------------------------------------------------------------------------------------------------------------------------------------------------------------------------------------
   RBB_3/CLK                  RBB_6L        3  [TILE 0 0, RBB 16 6]       1291     r            5485                                                                                              
   clk                        Clock net     2          (fanout=225)      -2294                     -                                                                                              
   clk                        CLOCK-PORT    -                     -    capture     r            3191                                                                                              
   -------------------------------------------------------------------------------------------------------------------------------------------------------------------------------------------------


Path 47:
   Slack (not met):                         -1341ps
     Path type:                               SETUP
     Group:                              <UDEF_clk>
     Launching clock:                           clk (rising edge)
     Capturing clock:                           clk (rising edge)

     Requested period:                       2000ps
   + Delay of the capturing clock:           2327ps
   - Clock uncertainty:                       150ps
   = Required time:                          4177ps
   - Propagation time:                       3191ps (65.5% logic, 34.5% route, logic stage 1)
   - Delay of the launching clock:           2327ps
   = Slack:                                 -1341ps

   Instance/Pin or Net Name   Type         ID    Location or Fanout   Delay(ps)  Edge  Arrival Time(ps)    Instance detail                                                       
   --------------------------------------------------------------------------------------------------------------------------------------------------------------------------------
   clk                        CLOCK-PORT    -                     -     launch     r               0                                                                             
   clk                        Clock net     2          (fanout=225)       2327                     -                                                                             
   RBB_7/CLK                  RBB_6L        7  [TILE 0 0, RBB 28 6]          -     r            2327                                                                             
   --------------------------------------------------------------------------------------------------------------------------------------------------------------------------------
   RBB_7/AQ                   RBB_6L        7  [TILE 0 0, RBB 28 6]        800     r            3127     {inst15: counter_FDRE_Q_1 (FD,site=aff)}                                
   counter[20]                Net          24            (fanout=1)       1100                     -                                                                             
   RBB_7/A1                   RBB_6L        7  [TILE 0 0, RBB 28 6]          -     r            4227     {inst6: LED_CARRY4_S (CARRY4)} {inst15: counter_FDRE_Q_1 (FD,site=aff)} 
   --------------------------------------------------------------------------------------------------------------------------------------------------------------------------------
   RBB_7/CLK                  RBB_6L        7  [TILE 0 0, RBB 28 6]       1291     r            5518                                                                             
   clk                        Clock net     2          (fanout=225)      -2327                     -                                                                             
   clk                        CLOCK-PORT    -                     -    capture     r            3191                                                                             
   --------------------------------------------------------------------------------------------------------------------------------------------------------------------------------


Path 38:
   Slack (not met):                         -1329ps
     Path type:                               SETUP
     Group:                              <UDEF_clk>
     Launching clock:                           clk (rising edge)
     Capturing clock:                           clk (rising edge)

     Requested period:                       2000ps
   + Delay of the capturing clock:           2296ps
   - Clock uncertainty:                       150ps
   = Required time:                          4146ps
   - Propagation time:                       3179ps (63.4% logic, 36.6% route, logic stage 1)
   - Delay of the launching clock:           2296ps
   = Slack:                                 -1329ps

   Instance/Pin or Net Name   Type         ID    Location or Fanout   Delay(ps)  Edge  Arrival Time(ps)    Instance detail                                                                        
   -------------------------------------------------------------------------------------------------------------------------------------------------------------------------------------------------
   clk                        CLOCK-PORT    -                     -     launch     r               0                                                                                              
   clk                        Clock net     2          (fanout=225)       2296                     -                                                                                              
   RBB_2/CLK                  RBB_6L        2  [TILE 0 0, RBB 13 6]          -     r            2296                                                                                              
   -------------------------------------------------------------------------------------------------------------------------------------------------------------------------------------------------
   RBB_2/AQ                   RBB_6L        2  [TILE 0 0, RBB 13 6]        800     r            3096     {inst28: counter_FDRE_Q_21 (FD,site=aff)}                                                
   counter[0]                 Net           4            (fanout=1)       1164                     -                                                                                              
   RBB_2/A1                   RBB_6L        2  [TILE 0 0, RBB 13 6]          -     r            4260     {inst11: LED_CARRY4_S_O_1_CARRY4_O_4 (CARRY4)} {inst27: counter_FDRE_Q_20 (FD,site=bff)} 
   -------------------------------------------------------------------------------------------------------------------------------------------------------------------------------------------------
   RBB_2/CLK                  RBB_6L        2  [TILE 0 0, RBB 13 6]       1215     r            5475                                                                                              
   clk                        Clock net     2          (fanout=225)      -2296                     -                                                                                              
   clk                        CLOCK-PORT    -                     -    capture     r            3179                                                                                              
   -------------------------------------------------------------------------------------------------------------------------------------------------------------------------------------------------


Path 44:
   Slack (not met):                         -1324ps
     Path type:                               SETUP
     Group:                              <UDEF_clk>
     Launching clock:                           clk (rising edge)
     Capturing clock:                           clk (rising edge)

     Requested period:                       2000ps
   + Delay of the capturing clock:           2318ps
   - Clock uncertainty:                       150ps
   = Required time:                          4168ps
   - Propagation time:                       3174ps (66.6% logic, 33.4% route, logic stage 1)
   - Delay of the launching clock:           2318ps
   = Slack:                                 -1324ps

   Instance/Pin or Net Name   Type         ID    Location or Fanout   Delay(ps)  Edge  Arrival Time(ps)    Instance detail                                                                      
   -----------------------------------------------------------------------------------------------------------------------------------------------------------------------------------------------
   clk                        CLOCK-PORT    -                     -     launch     r               0                                                                                            
   clk                        Clock net     2          (fanout=225)       2318                     -                                                                                            
   RBB_5/CLK                  RBB_6L        5  [TILE 0 0, RBB 22 6]          -     r            2318                                                                                            
   -----------------------------------------------------------------------------------------------------------------------------------------------------------------------------------------------
   RBB_5/BQ                   RBB_6L        5  [TILE 0 0, RBB 22 6]        800     r            3118     {inst34: counter_FDRE_Q_8 (FD,site=bff)}                                               
   counter[13]                Net          17            (fanout=1)       1060                     -                                                                                            
   RBB_5/B1                   RBB_6L        5  [TILE 0 0, RBB 22 6]          -     r            4178     {inst8: LED_CARRY4_S_O_1_CARRY4_O_1 (CARRY4)} {inst32: counter_FDRE_Q_6 (FD,site=dff)} 
   -----------------------------------------------------------------------------------------------------------------------------------------------------------------------------------------------
   RBB_5/CLK                  RBB_6L        5  [TILE 0 0, RBB 22 6]       1314     r            5492                                                                                            
   clk                        Clock net     2          (fanout=225)      -2318                     -                                                                                            
   clk                        CLOCK-PORT    -                     -    capture     r            3174                                                                                            
   -----------------------------------------------------------------------------------------------------------------------------------------------------------------------------------------------


Path 45:
   Slack (not met):                         -1319ps
     Path type:                               SETUP
     Group:                              <UDEF_clk>
     Launching clock:                           clk (rising edge)
     Capturing clock:                           clk (rising edge)

     Requested period:                       2000ps
   + Delay of the capturing clock:           2294ps
   - Clock uncertainty:                       150ps
   = Required time:                          4144ps
   - Propagation time:                       3169ps (66.7% logic, 33.3% route, logic stage 1)
   - Delay of the launching clock:           2294ps
   = Slack:                                 -1319ps

   Instance/Pin or Net Name   Type         ID    Location or Fanout   Delay(ps)  Edge  Arrival Time(ps)    Instance detail                                                                        
   -------------------------------------------------------------------------------------------------------------------------------------------------------------------------------------------------
   clk                        CLOCK-PORT    -                     -     launch     r               0                                                                                              
   clk                        Clock net     2          (fanout=225)       2294                     -                                                                                              
   RBB_3/CLK                  RBB_6L        3  [TILE 0 0, RBB 16 6]          -     r            2294                                                                                              
   -------------------------------------------------------------------------------------------------------------------------------------------------------------------------------------------------
   RBB_3/BQ                   RBB_6L        3  [TILE 0 0, RBB 16 6]        800     r            3094     {inst22: counter_FDRE_Q_16 (FD,site=bff)}                                                
   counter[5]                 Net           9            (fanout=1)       1055                     -                                                                                              
   RBB_3/B1                   RBB_6L        3  [TILE 0 0, RBB 16 6]          -     r            4149     {inst10: LED_CARRY4_S_O_1_CARRY4_O_3 (CARRY4)} {inst20: counter_FDRE_Q_14 (FD,site=dff)} 
   -------------------------------------------------------------------------------------------------------------------------------------------------------------------------------------------------
   RBB_3/CLK                  RBB_6L        3  [TILE 0 0, RBB 16 6]       1314     r            5463                                                                                              
   clk                        Clock net     2          (fanout=225)      -2294                     -                                                                                              
   clk                        CLOCK-PORT    -                     -    capture     r            3169                                                                                              
   -------------------------------------------------------------------------------------------------------------------------------------------------------------------------------------------------


Path 69:
   Slack (not met):                         -1259ps
     Path type:                               SETUP
     Group:                              <UDEF_clk>
     Launching clock:                           clk (rising edge)
     Capturing clock:                           clk (rising edge)

     Requested period:                       2000ps
   + Delay of the capturing clock:           2318ps
   - Clock uncertainty:                       150ps
   = Required time:                          4168ps
   - Propagation time:                       3109ps (65.9% logic, 34.1% route, logic stage 1)
   - Delay of the launching clock:           2318ps
   = Slack:                                 -1259ps

   Instance/Pin or Net Name   Type         ID    Location or Fanout   Delay(ps)  Edge  Arrival Time(ps)    Instance detail                                                                      
   -----------------------------------------------------------------------------------------------------------------------------------------------------------------------------------------------
   clk                        CLOCK-PORT    -                     -     launch     r               0                                                                                            
   clk                        Clock net     2          (fanout=225)       2318                     -                                                                                            
   RBB_5/CLK                  RBB_6L        5  [TILE 0 0, RBB 22 6]          -     r            2318                                                                                            
   -----------------------------------------------------------------------------------------------------------------------------------------------------------------------------------------------
   RBB_5/BQ                   RBB_6L        5  [TILE 0 0, RBB 22 6]        800     r            3118     {inst34: counter_FDRE_Q_8 (FD,site=bff)}                                               
   counter[13]                Net          17            (fanout=1)       1060                     -                                                                                            
   RBB_5/B1                   RBB_6L        5  [TILE 0 0, RBB 22 6]          -     r            4178     {inst8: LED_CARRY4_S_O_1_CARRY4_O_1 (CARRY4)} {inst34: counter_FDRE_Q_8 (FD,site=bff)} 
   -----------------------------------------------------------------------------------------------------------------------------------------------------------------------------------------------
   RBB_5/CLK                  RBB_6L        5  [TILE 0 0, RBB 22 6]       1249     r            5427                                                                                            
   clk                        Clock net     2          (fanout=225)      -2318                     -                                                                                            
   clk                        CLOCK-PORT    -                     -    capture     r            3109                                                                                            
   -----------------------------------------------------------------------------------------------------------------------------------------------------------------------------------------------


Path 74:
   Slack (not met):                         -1255ps
     Path type:                               SETUP
     Group:                              <UDEF_clk>
     Launching clock:                           clk (rising edge)
     Capturing clock:                           clk (rising edge)

     Requested period:                       2000ps
   + Delay of the capturing clock:           2327ps
   - Clock uncertainty:                       150ps
   = Required time:                          4177ps
   - Propagation time:                       3105ps (66.0% logic, 34.0% route, logic stage 1)
   - Delay of the launching clock:           2327ps
   = Slack:                                 -1255ps

   Instance/Pin or Net Name   Type         ID    Location or Fanout   Delay(ps)  Edge  Arrival Time(ps)    Instance detail                                                     
   ------------------------------------------------------------------------------------------------------------------------------------------------------------------------------
   clk                        CLOCK-PORT    -                     -     launch     r               0                                                                           
   clk                        Clock net     2          (fanout=225)       2327                     -                                                                           
   RBB_7/CLK                  RBB_6L        7  [TILE 0 0, RBB 28 6]          -     r            2327                                                                           
   ------------------------------------------------------------------------------------------------------------------------------------------------------------------------------
   RBB_7/BQ                   RBB_6L        7  [TILE 0 0, RBB 28 6]        800     r            3127     {inst14: counter_FDRE_Q (FD,site=bff)}                                
   counter[21]                Net          25            (fanout=1)       1056                     -                                                                           
   RBB_7/B1                   RBB_6L        7  [TILE 0 0, RBB 28 6]          -     r            4183     {inst6: LED_CARRY4_S (CARRY4)} {inst14: counter_FDRE_Q (FD,site=bff)} 
   ------------------------------------------------------------------------------------------------------------------------------------------------------------------------------
   RBB_7/CLK                  RBB_6L        7  [TILE 0 0, RBB 28 6]       1249     r            5432                                                                           
   clk                        Clock net     2          (fanout=225)      -2327                     -                                                                           
   clk                        CLOCK-PORT    -                     -    capture     r            3105                                                                           
   ------------------------------------------------------------------------------------------------------------------------------------------------------------------------------


Path 72:
   Slack (not met):                         -1254ps
     Path type:                               SETUP
     Group:                              <UDEF_clk>
     Launching clock:                           clk (rising edge)
     Capturing clock:                           clk (rising edge)

     Requested period:                       2000ps
   + Delay of the capturing clock:           2294ps
   - Clock uncertainty:                       150ps
   = Required time:                          4144ps
   - Propagation time:                       3104ps (66.0% logic, 34.0% route, logic stage 1)
   - Delay of the launching clock:           2294ps
   = Slack:                                 -1254ps

   Instance/Pin or Net Name   Type         ID    Location or Fanout   Delay(ps)  Edge  Arrival Time(ps)    Instance detail                                                                        
   -------------------------------------------------------------------------------------------------------------------------------------------------------------------------------------------------
   clk                        CLOCK-PORT    -                     -     launch     r               0                                                                                              
   clk                        Clock net     2          (fanout=225)       2294                     -                                                                                              
   RBB_3/CLK                  RBB_6L        3  [TILE 0 0, RBB 16 6]          -     r            2294                                                                                              
   -------------------------------------------------------------------------------------------------------------------------------------------------------------------------------------------------
   RBB_3/BQ                   RBB_6L        3  [TILE 0 0, RBB 16 6]        800     r            3094     {inst22: counter_FDRE_Q_16 (FD,site=bff)}                                                
   counter[5]                 Net           9            (fanout=1)       1055                     -                                                                                              
   RBB_3/B1                   RBB_6L        3  [TILE 0 0, RBB 16 6]          -     r            4149     {inst10: LED_CARRY4_S_O_1_CARRY4_O_3 (CARRY4)} {inst22: counter_FDRE_Q_16 (FD,site=bff)} 
   -------------------------------------------------------------------------------------------------------------------------------------------------------------------------------------------------
   RBB_3/CLK                  RBB_6L        3  [TILE 0 0, RBB 16 6]       1249     r            5398                                                                                              
   clk                        Clock net     2          (fanout=225)      -2294                     -                                                                                              
   clk                        CLOCK-PORT    -                     -    capture     r            3104                                                                                              
   -------------------------------------------------------------------------------------------------------------------------------------------------------------------------------------------------


Path 75:
   Slack (not met):                         -1192ps
     Path type:                               SETUP
     Group:                              <UDEF_clk>
     Launching clock:                           clk (rising edge)
     Capturing clock:                           clk (rising edge)

     Requested period:                       2000ps
   + Delay of the capturing clock:           2296ps
   - Clock uncertainty:                       150ps
   = Required time:                          4146ps
   - Propagation time:                       3042ps (61.7% logic, 38.3% route, logic stage 1)
   - Delay of the launching clock:           2296ps
   = Slack:                                 -1192ps

   Instance/Pin or Net Name   Type         ID    Location or Fanout   Delay(ps)  Edge  Arrival Time(ps)    Instance detail                                                                          
   ---------------------------------------------------------------------------------------------------------------------------------------------------------------------------------------------------
   clk                        CLOCK-PORT    -                     -     launch     r               0                                                                                                
   clk                        Clock net     2          (fanout=225)       2296                     -                                                                                                
   RBB_2/CLK                  RBB_6L        2  [TILE 0 0, RBB 13 6]          -     r            2296                                                                                                
   ---------------------------------------------------------------------------------------------------------------------------------------------------------------------------------------------------
   RBB_2/AQ                   RBB_6L        2  [TILE 0 0, RBB 13 6]        800     r            3096     {inst28: counter_FDRE_Q_21 (FD,site=aff)}                                                  
   counter[0]                 Net           4            (fanout=1)       1164                     -                                                                                                
   RBB_2/A1                   RBB_6L        2  [TILE 0 0, RBB 13 6]          -     r            4260     {inst12: LED_CARRY4_S_O_1_INV_O (LUT,site=alut)} {inst28: counter_FDRE_Q_21 (FD,site=aff)} 
   ---------------------------------------------------------------------------------------------------------------------------------------------------------------------------------------------------
   RBB_2/CLK                  RBB_6L        2  [TILE 0 0, RBB 13 6]       1078     r            5338                                                                                                
   clk                        Clock net     2          (fanout=225)      -2296                     -                                                                                                
   clk                        CLOCK-PORT    -                     -    capture     r            3042                                                                                                
   ---------------------------------------------------------------------------------------------------------------------------------------------------------------------------------------------------













