Timing Summary
==============

   PLACER-ESTIMATED-TIMING TSMC 40nm ULP tt1p1v25c_Typical

         Group  No. Clocks  No. Clock Pairs  WNS(ps)  TNS(ps)  TNS Endpoints  WHS(ps)  THS(ps)  THS Endpoints
   -----------  ----------  ---------------  -------  -------  -------------  -------  -------  -------------
    <UDEF_clk>           1                1    -4574  -121534             76     2550        0              0




Clocks
======

            Clock    Clock net        Group  Constrained Period(ps)      Waveform(ps)   Achievable Period(ps)  Achievable Frequency(MHz)
   --------------  -----------  -----------  ----------------------  -----------------  ---------------------  -------------------------
              clk          clk   <UDEF_clk>           (auto) 2000            (0,1000)                   6573                    152.138 




Clock Relationships
===================

       From Clock        To Clock               Group    Endpoints     WNS(ps)    TNS(ps)  TNS Endpoints     WHS(ps)    THS(ps)  THS Endpoints
   --------------  --------------  ------------------  -----------  ----------  ---------  -------------  ----------  ---------  -------------
              clk             clk          <UDEF_clk>           76       -4574    -121534             76        2550          0              0




Timing Details for Clock Pair clk and clk
=========================================

       From Clock        To Clock               Group    Endpoints     WNS(ps)    TNS(ps)  TNS Endpoints     WHS(ps)    THS(ps)  THS Endpoints
   --------------  --------------  ------------------  -----------  ----------  ---------  -------------  ----------  ---------  -------------
              clk             clk          <UDEF_clk>           76       -4574    -121534             76        2550          0              0

Path 0:
   Slack (not met):                         -4574ps
     Path type:                               SETUP
     Group:                              <UDEF_clk>
     Launching clock:                           clk (rising edge)
     Capturing clock:                           clk (rising edge)

     Requested period:                       2000ps
   + Delay of the capturing clock:            977ps
   - Clock uncertainty:                       150ps
   = Required time:                          2827ps
   - Propagation time:                       6400ps (73.7% logic, 26.3% route, logic stage 7)
   - Delay of the launching clock:           1001ps
   = Slack:                                 -4574ps

   Instance/Pin or Net Name        Type         ID    Location or Fanout   Delay(ps)  Edge  Arrival Time(ps)    Instance detail                                                 
   -------------------------------------------------------------------------------------------------------------------------------------------------------------------------------
   clk                             CLOCK-PORT    -                     -     launch     r               0                                                                       
   clk                             Clock net     2          (fanout=225)       1001                     -                                                                       
   RBB_2/CLK                       RBB_6L        2  [TILE 0 0, RBB 13 6]          -     r            1001                                                                       
   -------------------------------------------------------------------------------------------------------------------------------------------------------------------------------
   RBB_2/AQ                        RBB_6L        2  [TILE 0 0, RBB 13 6]        800     r            1801     {inst28: counter_FDRE_Q_21 (FD,site=aff)}                         
   counter[0]                      Net           4            (fanout=1)       1081                     -                                                                       
   RBB_2/A1                        RBB_6L        2  [TILE 0 0, RBB 13 6]          -     r            2882                                                                       
   RBB_2/COUT                      RBB_6L        2  [TILE 0 0, RBB 13 6]       1365     r            4247     {inst11: LED_CARRY4_S_O_1_CARRY4_O_4 (CARRY4)}                    
   LED_CARRY4_S_O_1_CARRY4_O_4_CO  Net          70            (fanout=1)          0                     -                                                                       
   RBB_3/CIN                       RBB_6L        3  [TILE 0 0, RBB 16 6]          -     r            4247                                                                       
   RBB_3/COUT                      RBB_6L        3  [TILE 0 0, RBB 16 6]        282     r            4529     {inst10: LED_CARRY4_S_O_1_CARRY4_O_3 (CARRY4)}                    
   LED_CARRY4_S_O_1_CARRY4_O_3_CO  Net          66            (fanout=1)          0                     -                                                                       
   RBB_4/CIN                       RBB_6L        4  [TILE 0 0, RBB 19 6]          -     r            4529                                                                       
   RBB_4/COUT                      RBB_6L        4  [TILE 0 0, RBB 19 6]        282     r            4811     {inst9: LED_CARRY4_S_O_1_CARRY4_O_2 (CARRY4)}                     
   LED_CARRY4_S_O_1_CARRY4_O_2_CO  Net          62            (fanout=1)          0                     -                                                                       
   RBB_5/CIN                       RBB_6L        5  [TILE 0 0, RBB 22 6]          -     r            4811                                                                       
   RBB_5/COUT                      RBB_6L        5  [TILE 0 0, RBB 22 6]        282     r            5093     {inst8: LED_CARRY4_S_O_1_CARRY4_O_1 (CARRY4)}                     
   LED_CARRY4_S_O_1_CARRY4_O_1_CO  Net          74            (fanout=1)          0                     -                                                                       
   RBB_6/CIN                       RBB_6L        6  [TILE 0 0, RBB 25 6]          -     r            5093                                                                       
   RBB_6/COUT                      RBB_6L        6  [TILE 0 0, RBB 25 6]        282     r            5375     {inst7: LED_CARRY4_S_O_1_CARRY4_O (CARRY4)}                       
   LED_CARRY4_S_O_1_CARRY4_O_CO    Net          28            (fanout=1)          0                     -                                                                       
   RBB_7/CIN                       RBB_6L        7  [TILE 0 0, RBB 28 6]          -     r            5375                                                                       
   RBB_7/CMUX                      RBB_6L        7  [TILE 0 0, RBB 28 6]        633     r            6008     {inst6: LED_CARRY4_S (CARRY4)}                                    
   LED_CARRY4_S_O_1[22]            Net          54            (fanout=1)        601                     -                                                                       
   RBB_1/O[0]                      IOB           1  [TILE 0 0, RBB 31 6]          -     r            6609     {inst40: LED_OUT (FD)} {(output_port) inst36: g_36_LED_obuf (IO)} 
   -------------------------------------------------------------------------------------------------------------------------------------------------------------------------------
   RBB_1/CLK                       IOB           1  [TILE 0 0, RBB 31 6]        792     r            7401                                                                       
   clk                             Clock net     2          (fanout=225)       -977                     -                                                                       
   clk                             CLOCK-PORT    -                     -    capture     r            6424                                                                       
   -------------------------------------------------------------------------------------------------------------------------------------------------------------------------------


Path 1:
   Slack (not met):                         -3024ps
     Path type:                               SETUP
     Group:                              <UDEF_clk>
     Launching clock:                           clk (rising edge)
     Capturing clock:                           clk (rising edge)

     Requested period:                       2000ps
   + Delay of the capturing clock:            976ps
   - Clock uncertainty:                       150ps
   = Required time:                          2826ps
   - Propagation time:                       4849ps (77.7% logic, 22.3% route, logic stage 6)
   - Delay of the launching clock:           1001ps
   = Slack:                                 -3024ps

   Instance/Pin or Net Name        Type         ID    Location or Fanout   Delay(ps)  Edge  Arrival Time(ps)    Instance detail                                                     
   -----------------------------------------------------------------------------------------------------------------------------------------------------------------------------------
   clk                             CLOCK-PORT    -                     -     launch     r               0                                                                           
   clk                             Clock net     2          (fanout=225)       1001                     -                                                                           
   RBB_2/CLK                       RBB_6L        2  [TILE 0 0, RBB 13 6]          -     r            1001                                                                           
   -----------------------------------------------------------------------------------------------------------------------------------------------------------------------------------
   RBB_2/AQ                        RBB_6L        2  [TILE 0 0, RBB 13 6]        800     r            1801     {inst28: counter_FDRE_Q_21 (FD,site=aff)}                             
   counter[0]                      Net           4            (fanout=1)       1081                     -                                                                           
   RBB_2/A1                        RBB_6L        2  [TILE 0 0, RBB 13 6]          -     r            2882                                                                           
   RBB_2/COUT                      RBB_6L        2  [TILE 0 0, RBB 13 6]       1365     r            4247     {inst11: LED_CARRY4_S_O_1_CARRY4_O_4 (CARRY4)}                        
   LED_CARRY4_S_O_1_CARRY4_O_4_CO  Net          70            (fanout=1)          0                     -                                                                           
   RBB_3/CIN                       RBB_6L        3  [TILE 0 0, RBB 16 6]          -     r            4247                                                                           
   RBB_3/COUT                      RBB_6L        3  [TILE 0 0, RBB 16 6]        282     r            4529     {inst10: LED_CARRY4_S_O_1_CARRY4_O_3 (CARRY4)}                        
   LED_CARRY4_S_O_1_CARRY4_O_3_CO  Net          66            (fanout=1)          0                     -                                                                           
   RBB_4/CIN                       RBB_6L        4  [TILE 0 0, RBB 19 6]          -     r            4529                                                                           
   RBB_4/COUT                      RBB_6L        4  [TILE 0 0, RBB 19 6]        282     r            4811     {inst9: LED_CARRY4_S_O_1_CARRY4_O_2 (CARRY4)}                         
   LED_CARRY4_S_O_1_CARRY4_O_2_CO  Net          62            (fanout=1)          0                     -                                                                           
   RBB_5/CIN                       RBB_6L        5  [TILE 0 0, RBB 22 6]          -     r            4811                                                                           
   RBB_5/COUT                      RBB_6L        5  [TILE 0 0, RBB 22 6]        282     r            5093     {inst8: LED_CARRY4_S_O_1_CARRY4_O_1 (CARRY4)}                         
   LED_CARRY4_S_O_1_CARRY4_O_1_CO  Net          74            (fanout=1)          0                     -                                                                           
   RBB_6/CIN                       RBB_6L        6  [TILE 0 0, RBB 25 6]          -     r            5093                                                                           
   RBB_6/COUT                      RBB_6L        6  [TILE 0 0, RBB 25 6]        282     r            5375     {inst7: LED_CARRY4_S_O_1_CARRY4_O (CARRY4)}                           
   LED_CARRY4_S_O_1_CARRY4_O_CO    Net          28            (fanout=1)          0                     -                                                                           
   RBB_7/CIN                       RBB_6L        7  [TILE 0 0, RBB 28 6]          -     r            5375     {inst6: LED_CARRY4_S (CARRY4)} {inst14: counter_FDRE_Q (FD,site=bff)} 
   -----------------------------------------------------------------------------------------------------------------------------------------------------------------------------------
   RBB_7/CLK                       RBB_6L        7  [TILE 0 0, RBB 28 6]        475     r            5850                                                                           
   clk                             Clock net     2          (fanout=225)       -976                     -                                                                           
   clk                             CLOCK-PORT    -                     -    capture     r            4874                                                                           
   -----------------------------------------------------------------------------------------------------------------------------------------------------------------------------------


Path 2:
   Slack (not met):                         -3018ps
     Path type:                               SETUP
     Group:                              <UDEF_clk>
     Launching clock:                           clk (rising edge)
     Capturing clock:                           clk (rising edge)

     Requested period:                       2000ps
   + Delay of the capturing clock:            976ps
   - Clock uncertainty:                       150ps
   = Required time:                          2826ps
   - Propagation time:                       4843ps (77.7% logic, 22.3% route, logic stage 6)
   - Delay of the launching clock:           1001ps
   = Slack:                                 -3018ps

   Instance/Pin or Net Name        Type         ID    Location or Fanout   Delay(ps)  Edge  Arrival Time(ps)    Instance detail                                                 
   -------------------------------------------------------------------------------------------------------------------------------------------------------------------------------
   clk                             CLOCK-PORT    -                     -     launch     r               0                                                                       
   clk                             Clock net     2          (fanout=225)       1001                     -                                                                       
   RBB_2/CLK                       RBB_6L        2  [TILE 0 0, RBB 13 6]          -     r            1001                                                                       
   -------------------------------------------------------------------------------------------------------------------------------------------------------------------------------
   RBB_2/AQ                        RBB_6L        2  [TILE 0 0, RBB 13 6]        800     r            1801     {inst28: counter_FDRE_Q_21 (FD,site=aff)}                         
   counter[0]                      Net           4            (fanout=1)       1081                     -                                                                       
   RBB_2/A1                        RBB_6L        2  [TILE 0 0, RBB 13 6]          -     r            2882                                                                       
   RBB_2/COUT                      RBB_6L        2  [TILE 0 0, RBB 13 6]       1365     r            4247     {inst11: LED_CARRY4_S_O_1_CARRY4_O_4 (CARRY4)}                    
   LED_CARRY4_S_O_1_CARRY4_O_4_CO  Net          70            (fanout=1)          0                     -                                                                       
   RBB_3/CIN                       RBB_6L        3  [TILE 0 0, RBB 16 6]          -     r            4247                                                                       
   RBB_3/COUT                      RBB_6L        3  [TILE 0 0, RBB 16 6]        282     r            4529     {inst10: LED_CARRY4_S_O_1_CARRY4_O_3 (CARRY4)}                    
   LED_CARRY4_S_O_1_CARRY4_O_3_CO  Net          66            (fanout=1)          0                     -                                                                       
   RBB_4/CIN                       RBB_6L        4  [TILE 0 0, RBB 19 6]          -     r            4529                                                                       
   RBB_4/COUT                      RBB_6L        4  [TILE 0 0, RBB 19 6]        282     r            4811     {inst9: LED_CARRY4_S_O_1_CARRY4_O_2 (CARRY4)}                     
   LED_CARRY4_S_O_1_CARRY4_O_2_CO  Net          62            (fanout=1)          0                     -                                                                       
   RBB_5/CIN                       RBB_6L        5  [TILE 0 0, RBB 22 6]          -     r            4811                                                                       
   RBB_5/COUT                      RBB_6L        5  [TILE 0 0, RBB 22 6]        282     r            5093     {inst8: LED_CARRY4_S_O_1_CARRY4_O_1 (CARRY4)}                     
   LED_CARRY4_S_O_1_CARRY4_O_1_CO  Net          74            (fanout=1)          0                     -                                                                       
   RBB_6/CIN                       RBB_6L        6  [TILE 0 0, RBB 25 6]          -     r            5093                                                                       
   RBB_6/COUT                      RBB_6L        6  [TILE 0 0, RBB 25 6]        282     r            5375     {inst7: LED_CARRY4_S_O_1_CARRY4_O (CARRY4)}                       
   LED_CARRY4_S_O_1_CARRY4_O_CO    Net          28            (fanout=1)          0                     -                                                                       
   RBB_7/CIN                       RBB_6L        7  [TILE 0 0, RBB 28 6]          -     r            5375     {inst6: LED_CARRY4_S (CARRY4)} {inst13: LED_FDRE_Q (FD,site=cff)} 
   -------------------------------------------------------------------------------------------------------------------------------------------------------------------------------
   RBB_7/CLK                       RBB_6L        7  [TILE 0 0, RBB 28 6]        469     r            5844                                                                       
   clk                             Clock net     2          (fanout=225)       -976                     -                                                                       
   clk                             CLOCK-PORT    -                     -    capture     r            4868                                                                       
   -------------------------------------------------------------------------------------------------------------------------------------------------------------------------------


Path 3:
   Slack (not met):                         -2968ps
     Path type:                               SETUP
     Group:                              <UDEF_clk>
     Launching clock:                           clk (rising edge)
     Capturing clock:                           clk (rising edge)

     Requested period:                       2000ps
   + Delay of the capturing clock:            976ps
   - Clock uncertainty:                       150ps
   = Required time:                          2826ps
   - Propagation time:                       4793ps (77.4% logic, 22.6% route, logic stage 6)
   - Delay of the launching clock:           1001ps
   = Slack:                                 -2968ps

   Instance/Pin or Net Name        Type         ID    Location or Fanout   Delay(ps)  Edge  Arrival Time(ps)    Instance detail                                                       
   -------------------------------------------------------------------------------------------------------------------------------------------------------------------------------------
   clk                             CLOCK-PORT    -                     -     launch     r               0                                                                             
   clk                             Clock net     2          (fanout=225)       1001                     -                                                                             
   RBB_2/CLK                       RBB_6L        2  [TILE 0 0, RBB 13 6]          -     r            1001                                                                             
   -------------------------------------------------------------------------------------------------------------------------------------------------------------------------------------
   RBB_2/AQ                        RBB_6L        2  [TILE 0 0, RBB 13 6]        800     r            1801     {inst28: counter_FDRE_Q_21 (FD,site=aff)}                               
   counter[0]                      Net           4            (fanout=1)       1081                     -                                                                             
   RBB_2/A1                        RBB_6L        2  [TILE 0 0, RBB 13 6]          -     r            2882                                                                             
   RBB_2/COUT                      RBB_6L        2  [TILE 0 0, RBB 13 6]       1365     r            4247     {inst11: LED_CARRY4_S_O_1_CARRY4_O_4 (CARRY4)}                          
   LED_CARRY4_S_O_1_CARRY4_O_4_CO  Net          70            (fanout=1)          0                     -                                                                             
   RBB_3/CIN                       RBB_6L        3  [TILE 0 0, RBB 16 6]          -     r            4247                                                                             
   RBB_3/COUT                      RBB_6L        3  [TILE 0 0, RBB 16 6]        282     r            4529     {inst10: LED_CARRY4_S_O_1_CARRY4_O_3 (CARRY4)}                          
   LED_CARRY4_S_O_1_CARRY4_O_3_CO  Net          66            (fanout=1)          0                     -                                                                             
   RBB_4/CIN                       RBB_6L        4  [TILE 0 0, RBB 19 6]          -     r            4529                                                                             
   RBB_4/COUT                      RBB_6L        4  [TILE 0 0, RBB 19 6]        282     r            4811     {inst9: LED_CARRY4_S_O_1_CARRY4_O_2 (CARRY4)}                           
   LED_CARRY4_S_O_1_CARRY4_O_2_CO  Net          62            (fanout=1)          0                     -                                                                             
   RBB_5/CIN                       RBB_6L        5  [TILE 0 0, RBB 22 6]          -     r            4811                                                                             
   RBB_5/COUT                      RBB_6L        5  [TILE 0 0, RBB 22 6]        282     r            5093     {inst8: LED_CARRY4_S_O_1_CARRY4_O_1 (CARRY4)}                           
   LED_CARRY4_S_O_1_CARRY4_O_1_CO  Net          74            (fanout=1)          0                     -                                                                             
   RBB_6/CIN                       RBB_6L        6  [TILE 0 0, RBB 25 6]          -     r            5093                                                                             
   RBB_6/COUT                      RBB_6L        6  [TILE 0 0, RBB 25 6]        282     r            5375     {inst7: LED_CARRY4_S_O_1_CARRY4_O (CARRY4)}                             
   LED_CARRY4_S_O_1_CARRY4_O_CO    Net          28            (fanout=1)          0                     -                                                                             
   RBB_7/CIN                       RBB_6L        7  [TILE 0 0, RBB 28 6]          -     r            5375     {inst6: LED_CARRY4_S (CARRY4)} {inst15: counter_FDRE_Q_1 (FD,site=aff)} 
   -------------------------------------------------------------------------------------------------------------------------------------------------------------------------------------
   RBB_7/CLK                       RBB_6L        7  [TILE 0 0, RBB 28 6]        419     r            5794                                                                             
   clk                             Clock net     2          (fanout=225)       -976                     -                                                                             
   clk                             CLOCK-PORT    -                     -    capture     r            4818                                                                             
   -------------------------------------------------------------------------------------------------------------------------------------------------------------------------------------


Path 4:
   Slack (not met):                         -2792ps
     Path type:                               SETUP
     Group:                              <UDEF_clk>
     Launching clock:                           clk (rising edge)
     Capturing clock:                           clk (rising edge)

     Requested period:                       2000ps
   + Delay of the capturing clock:            970ps
   - Clock uncertainty:                       150ps
   = Required time:                          2820ps
   - Propagation time:                       4611ps (76.6% logic, 23.4% route, logic stage 5)
   - Delay of the launching clock:           1001ps
   = Slack:                                 -2792ps

   Instance/Pin or Net Name        Type         ID    Location or Fanout   Delay(ps)  Edge  Arrival Time(ps)    Instance detail                                                                    
   --------------------------------------------------------------------------------------------------------------------------------------------------------------------------------------------------
   clk                             CLOCK-PORT    -                     -     launch     r               0                                                                                          
   clk                             Clock net     2          (fanout=225)       1001                     -                                                                                          
   RBB_2/CLK                       RBB_6L        2  [TILE 0 0, RBB 13 6]          -     r            1001                                                                                          
   --------------------------------------------------------------------------------------------------------------------------------------------------------------------------------------------------
   RBB_2/AQ                        RBB_6L        2  [TILE 0 0, RBB 13 6]        800     r            1801     {inst28: counter_FDRE_Q_21 (FD,site=aff)}                                            
   counter[0]                      Net           4            (fanout=1)       1081                     -                                                                                          
   RBB_2/A1                        RBB_6L        2  [TILE 0 0, RBB 13 6]          -     r            2882                                                                                          
   RBB_2/COUT                      RBB_6L        2  [TILE 0 0, RBB 13 6]       1365     r            4247     {inst11: LED_CARRY4_S_O_1_CARRY4_O_4 (CARRY4)}                                       
   LED_CARRY4_S_O_1_CARRY4_O_4_CO  Net          70            (fanout=1)          0                     -                                                                                          
   RBB_3/CIN                       RBB_6L        3  [TILE 0 0, RBB 16 6]          -     r            4247                                                                                          
   RBB_3/COUT                      RBB_6L        3  [TILE 0 0, RBB 16 6]        282     r            4529     {inst10: LED_CARRY4_S_O_1_CARRY4_O_3 (CARRY4)}                                       
   LED_CARRY4_S_O_1_CARRY4_O_3_CO  Net          66            (fanout=1)          0                     -                                                                                          
   RBB_4/CIN                       RBB_6L        4  [TILE 0 0, RBB 19 6]          -     r            4529                                                                                          
   RBB_4/COUT                      RBB_6L        4  [TILE 0 0, RBB 19 6]        282     r            4811     {inst9: LED_CARRY4_S_O_1_CARRY4_O_2 (CARRY4)}                                        
   LED_CARRY4_S_O_1_CARRY4_O_2_CO  Net          62            (fanout=1)          0                     -                                                                                          
   RBB_5/CIN                       RBB_6L        5  [TILE 0 0, RBB 22 6]          -     r            4811                                                                                          
   RBB_5/COUT                      RBB_6L        5  [TILE 0 0, RBB 22 6]        282     r            5093     {inst8: LED_CARRY4_S_O_1_CARRY4_O_1 (CARRY4)}                                        
   LED_CARRY4_S_O_1_CARRY4_O_1_CO  Net          74            (fanout=1)          0                     -                                                                                          
   RBB_6/CIN                       RBB_6L        6  [TILE 0 0, RBB 25 6]          -     r            5093     {inst7: LED_CARRY4_S_O_1_CARRY4_O (CARRY4)} {inst26: counter_FDRE_Q_2 (FD,site=dff)} 
   --------------------------------------------------------------------------------------------------------------------------------------------------------------------------------------------------
   RBB_6/CLK                       RBB_6L        6  [TILE 0 0, RBB 25 6]        519     r            5612                                                                                          
   clk                             Clock net     2          (fanout=225)       -970                     -                                                                                          
   clk                             CLOCK-PORT    -                     -    capture     r            4642                                                                                          
   --------------------------------------------------------------------------------------------------------------------------------------------------------------------------------------------------


Path 5:
   Slack (not met):                         -2748ps
     Path type:                               SETUP
     Group:                              <UDEF_clk>
     Launching clock:                           clk (rising edge)
     Capturing clock:                           clk (rising edge)

     Requested period:                       2000ps
   + Delay of the capturing clock:            970ps
   - Clock uncertainty:                       150ps
   = Required time:                          2820ps
   - Propagation time:                       4567ps (76.3% logic, 23.7% route, logic stage 5)
   - Delay of the launching clock:           1001ps
   = Slack:                                 -2748ps

   Instance/Pin or Net Name        Type         ID    Location or Fanout   Delay(ps)  Edge  Arrival Time(ps)    Instance detail                                                                    
   --------------------------------------------------------------------------------------------------------------------------------------------------------------------------------------------------
   clk                             CLOCK-PORT    -                     -     launch     r               0                                                                                          
   clk                             Clock net     2          (fanout=225)       1001                     -                                                                                          
   RBB_2/CLK                       RBB_6L        2  [TILE 0 0, RBB 13 6]          -     r            1001                                                                                          
   --------------------------------------------------------------------------------------------------------------------------------------------------------------------------------------------------
   RBB_2/AQ                        RBB_6L        2  [TILE 0 0, RBB 13 6]        800     r            1801     {inst28: counter_FDRE_Q_21 (FD,site=aff)}                                            
   counter[0]                      Net           4            (fanout=1)       1081                     -                                                                                          
   RBB_2/A1                        RBB_6L        2  [TILE 0 0, RBB 13 6]          -     r            2882                                                                                          
   RBB_2/COUT                      RBB_6L        2  [TILE 0 0, RBB 13 6]       1365     r            4247     {inst11: LED_CARRY4_S_O_1_CARRY4_O_4 (CARRY4)}                                       
   LED_CARRY4_S_O_1_CARRY4_O_4_CO  Net          70            (fanout=1)          0                     -                                                                                          
   RBB_3/CIN                       RBB_6L        3  [TILE 0 0, RBB 16 6]          -     r            4247                                                                                          
   RBB_3/COUT                      RBB_6L        3  [TILE 0 0, RBB 16 6]        282     r            4529     {inst10: LED_CARRY4_S_O_1_CARRY4_O_3 (CARRY4)}                                       
   LED_CARRY4_S_O_1_CARRY4_O_3_CO  Net          66            (fanout=1)          0                     -                                                                                          
   RBB_4/CIN                       RBB_6L        4  [TILE 0 0, RBB 19 6]          -     r            4529                                                                                          
   RBB_4/COUT                      RBB_6L        4  [TILE 0 0, RBB 19 6]        282     r            4811     {inst9: LED_CARRY4_S_O_1_CARRY4_O_2 (CARRY4)}                                        
   LED_CARRY4_S_O_1_CARRY4_O_2_CO  Net          62            (fanout=1)          0                     -                                                                                          
   RBB_5/CIN                       RBB_6L        5  [TILE 0 0, RBB 22 6]          -     r            4811                                                                                          
   RBB_5/COUT                      RBB_6L        5  [TILE 0 0, RBB 22 6]        282     r            5093     {inst8: LED_CARRY4_S_O_1_CARRY4_O_1 (CARRY4)}                                        
   LED_CARRY4_S_O_1_CARRY4_O_1_CO  Net          74            (fanout=1)          0                     -                                                                                          
   RBB_6/CIN                       RBB_6L        6  [TILE 0 0, RBB 25 6]          -     r            5093     {inst7: LED_CARRY4_S_O_1_CARRY4_O (CARRY4)} {inst30: counter_FDRE_Q_4 (FD,site=bff)} 
   --------------------------------------------------------------------------------------------------------------------------------------------------------------------------------------------------
   RBB_6/CLK                       RBB_6L        6  [TILE 0 0, RBB 25 6]        475     r            5568                                                                                          
   clk                             Clock net     2          (fanout=225)       -970                     -                                                                                          
   clk                             CLOCK-PORT    -                     -    capture     r            4598                                                                                          
   --------------------------------------------------------------------------------------------------------------------------------------------------------------------------------------------------


Path 6:
   Slack (not met):                         -2742ps
     Path type:                               SETUP
     Group:                              <UDEF_clk>
     Launching clock:                           clk (rising edge)
     Capturing clock:                           clk (rising edge)

     Requested period:                       2000ps
   + Delay of the capturing clock:            970ps
   - Clock uncertainty:                       150ps
   = Required time:                          2820ps
   - Propagation time:                       4561ps (76.3% logic, 23.7% route, logic stage 5)
   - Delay of the launching clock:           1001ps
   = Slack:                                 -2742ps

   Instance/Pin or Net Name        Type         ID    Location or Fanout   Delay(ps)  Edge  Arrival Time(ps)    Instance detail                                                                    
   --------------------------------------------------------------------------------------------------------------------------------------------------------------------------------------------------
   clk                             CLOCK-PORT    -                     -     launch     r               0                                                                                          
   clk                             Clock net     2          (fanout=225)       1001                     -                                                                                          
   RBB_2/CLK                       RBB_6L        2  [TILE 0 0, RBB 13 6]          -     r            1001                                                                                          
   --------------------------------------------------------------------------------------------------------------------------------------------------------------------------------------------------
   RBB_2/AQ                        RBB_6L        2  [TILE 0 0, RBB 13 6]        800     r            1801     {inst28: counter_FDRE_Q_21 (FD,site=aff)}                                            
   counter[0]                      Net           4            (fanout=1)       1081                     -                                                                                          
   RBB_2/A1                        RBB_6L        2  [TILE 0 0, RBB 13 6]          -     r            2882                                                                                          
   RBB_2/COUT                      RBB_6L        2  [TILE 0 0, RBB 13 6]       1365     r            4247     {inst11: LED_CARRY4_S_O_1_CARRY4_O_4 (CARRY4)}                                       
   LED_CARRY4_S_O_1_CARRY4_O_4_CO  Net          70            (fanout=1)          0                     -                                                                                          
   RBB_3/CIN                       RBB_6L        3  [TILE 0 0, RBB 16 6]          -     r            4247                                                                                          
   RBB_3/COUT                      RBB_6L        3  [TILE 0 0, RBB 16 6]        282     r            4529     {inst10: LED_CARRY4_S_O_1_CARRY4_O_3 (CARRY4)}                                       
   LED_CARRY4_S_O_1_CARRY4_O_3_CO  Net          66            (fanout=1)          0                     -                                                                                          
   RBB_4/CIN                       RBB_6L        4  [TILE 0 0, RBB 19 6]          -     r            4529                                                                                          
   RBB_4/COUT                      RBB_6L        4  [TILE 0 0, RBB 19 6]        282     r            4811     {inst9: LED_CARRY4_S_O_1_CARRY4_O_2 (CARRY4)}                                        
   LED_CARRY4_S_O_1_CARRY4_O_2_CO  Net          62            (fanout=1)          0                     -                                                                                          
   RBB_5/CIN                       RBB_6L        5  [TILE 0 0, RBB 22 6]          -     r            4811                                                                                          
   RBB_5/COUT                      RBB_6L        5  [TILE 0 0, RBB 22 6]        282     r            5093     {inst8: LED_CARRY4_S_O_1_CARRY4_O_1 (CARRY4)}                                        
   LED_CARRY4_S_O_1_CARRY4_O_1_CO  Net          74            (fanout=1)          0                     -                                                                                          
   RBB_6/CIN                       RBB_6L        6  [TILE 0 0, RBB 25 6]          -     r            5093     {inst7: LED_CARRY4_S_O_1_CARRY4_O (CARRY4)} {inst29: counter_FDRE_Q_3 (FD,site=cff)} 
   --------------------------------------------------------------------------------------------------------------------------------------------------------------------------------------------------
   RBB_6/CLK                       RBB_6L        6  [TILE 0 0, RBB 25 6]        469     r            5562                                                                                          
   clk                             Clock net     2          (fanout=225)       -970                     -                                                                                          
   clk                             CLOCK-PORT    -                     -    capture     r            4592                                                                                          
   --------------------------------------------------------------------------------------------------------------------------------------------------------------------------------------------------


Path 7:
   Slack (not met):                         -2692ps
     Path type:                               SETUP
     Group:                              <UDEF_clk>
     Launching clock:                           clk (rising edge)
     Capturing clock:                           clk (rising edge)

     Requested period:                       2000ps
   + Delay of the capturing clock:            970ps
   - Clock uncertainty:                       150ps
   = Required time:                          2820ps
   - Propagation time:                       4511ps (76.0% logic, 24.0% route, logic stage 5)
   - Delay of the launching clock:           1001ps
   = Slack:                                 -2692ps

   Instance/Pin or Net Name        Type         ID    Location or Fanout   Delay(ps)  Edge  Arrival Time(ps)    Instance detail                                                                    
   --------------------------------------------------------------------------------------------------------------------------------------------------------------------------------------------------
   clk                             CLOCK-PORT    -                     -     launch     r               0                                                                                          
   clk                             Clock net     2          (fanout=225)       1001                     -                                                                                          
   RBB_2/CLK                       RBB_6L        2  [TILE 0 0, RBB 13 6]          -     r            1001                                                                                          
   --------------------------------------------------------------------------------------------------------------------------------------------------------------------------------------------------
   RBB_2/AQ                        RBB_6L        2  [TILE 0 0, RBB 13 6]        800     r            1801     {inst28: counter_FDRE_Q_21 (FD,site=aff)}                                            
   counter[0]                      Net           4            (fanout=1)       1081                     -                                                                                          
   RBB_2/A1                        RBB_6L        2  [TILE 0 0, RBB 13 6]          -     r            2882                                                                                          
   RBB_2/COUT                      RBB_6L        2  [TILE 0 0, RBB 13 6]       1365     r            4247     {inst11: LED_CARRY4_S_O_1_CARRY4_O_4 (CARRY4)}                                       
   LED_CARRY4_S_O_1_CARRY4_O_4_CO  Net          70            (fanout=1)          0                     -                                                                                          
   RBB_3/CIN                       RBB_6L        3  [TILE 0 0, RBB 16 6]          -     r            4247                                                                                          
   RBB_3/COUT                      RBB_6L        3  [TILE 0 0, RBB 16 6]        282     r            4529     {inst10: LED_CARRY4_S_O_1_CARRY4_O_3 (CARRY4)}                                       
   LED_CARRY4_S_O_1_CARRY4_O_3_CO  Net          66            (fanout=1)          0                     -                                                                                          
   RBB_4/CIN                       RBB_6L        4  [TILE 0 0, RBB 19 6]          -     r            4529                                                                                          
   RBB_4/COUT                      RBB_6L        4  [TILE 0 0, RBB 19 6]        282     r            4811     {inst9: LED_CARRY4_S_O_1_CARRY4_O_2 (CARRY4)}                                        
   LED_CARRY4_S_O_1_CARRY4_O_2_CO  Net          62            (fanout=1)          0                     -                                                                                          
   RBB_5/CIN                       RBB_6L        5  [TILE 0 0, RBB 22 6]          -     r            4811                                                                                          
   RBB_5/COUT                      RBB_6L        5  [TILE 0 0, RBB 22 6]        282     r            5093     {inst8: LED_CARRY4_S_O_1_CARRY4_O_1 (CARRY4)}                                        
   LED_CARRY4_S_O_1_CARRY4_O_1_CO  Net          74            (fanout=1)          0                     -                                                                                          
   RBB_6/CIN                       RBB_6L        6  [TILE 0 0, RBB 25 6]          -     r            5093     {inst7: LED_CARRY4_S_O_1_CARRY4_O (CARRY4)} {inst31: counter_FDRE_Q_5 (FD,site=aff)} 
   --------------------------------------------------------------------------------------------------------------------------------------------------------------------------------------------------
   RBB_6/CLK                       RBB_6L        6  [TILE 0 0, RBB 25 6]        419     r            5512                                                                                          
   clk                             Clock net     2          (fanout=225)       -970                     -                                                                                          
   clk                             CLOCK-PORT    -                     -    capture     r            4542                                                                                          
   --------------------------------------------------------------------------------------------------------------------------------------------------------------------------------------------------


Path 8:
   Slack (not met):                         -2511ps
     Path type:                               SETUP
     Group:                              <UDEF_clk>
     Launching clock:                           clk (rising edge)
     Capturing clock:                           clk (rising edge)

     Requested period:                       2000ps
   + Delay of the capturing clock:            969ps
   - Clock uncertainty:                       150ps
   = Required time:                          2819ps
   - Propagation time:                       4329ps (75.0% logic, 25.0% route, logic stage 4)
   - Delay of the launching clock:           1001ps
   = Slack:                                 -2511ps

   Instance/Pin or Net Name        Type         ID    Location or Fanout   Delay(ps)  Edge  Arrival Time(ps)    Instance detail                                                                      
   ----------------------------------------------------------------------------------------------------------------------------------------------------------------------------------------------------
   clk                             CLOCK-PORT    -                     -     launch     r               0                                                                                            
   clk                             Clock net     2          (fanout=225)       1001                     -                                                                                            
   RBB_2/CLK                       RBB_6L        2  [TILE 0 0, RBB 13 6]          -     r            1001                                                                                            
   ----------------------------------------------------------------------------------------------------------------------------------------------------------------------------------------------------
   RBB_2/AQ                        RBB_6L        2  [TILE 0 0, RBB 13 6]        800     r            1801     {inst28: counter_FDRE_Q_21 (FD,site=aff)}                                              
   counter[0]                      Net           4            (fanout=1)       1081                     -                                                                                            
   RBB_2/A1                        RBB_6L        2  [TILE 0 0, RBB 13 6]          -     r            2882                                                                                            
   RBB_2/COUT                      RBB_6L        2  [TILE 0 0, RBB 13 6]       1365     r            4247     {inst11: LED_CARRY4_S_O_1_CARRY4_O_4 (CARRY4)}                                         
   LED_CARRY4_S_O_1_CARRY4_O_4_CO  Net          70            (fanout=1)          0                     -                                                                                            
   RBB_3/CIN                       RBB_6L        3  [TILE 0 0, RBB 16 6]          -     r            4247                                                                                            
   RBB_3/COUT                      RBB_6L        3  [TILE 0 0, RBB 16 6]        282     r            4529     {inst10: LED_CARRY4_S_O_1_CARRY4_O_3 (CARRY4)}                                         
   LED_CARRY4_S_O_1_CARRY4_O_3_CO  Net          66            (fanout=1)          0                     -                                                                                            
   RBB_4/CIN                       RBB_6L        4  [TILE 0 0, RBB 19 6]          -     r            4529                                                                                            
   RBB_4/COUT                      RBB_6L        4  [TILE 0 0, RBB 19 6]        282     r            4811     {inst9: LED_CARRY4_S_O_1_CARRY4_O_2 (CARRY4)}                                          
   LED_CARRY4_S_O_1_CARRY4_O_2_CO  Net          62            (fanout=1)          0                     -                                                                                            
   RBB_5/CIN                       RBB_6L        5  [TILE 0 0, RBB 22 6]          -     r            4811     {inst8: LED_CARRY4_S_O_1_CARRY4_O_1 (CARRY4)} {inst32: counter_FDRE_Q_6 (FD,site=dff)} 
   ----------------------------------------------------------------------------------------------------------------------------------------------------------------------------------------------------
   RBB_5/CLK                       RBB_6L        5  [TILE 0 0, RBB 22 6]        519     r            5330                                                                                            
   clk                             Clock net     2          (fanout=225)       -969                     -                                                                                            
   clk                             CLOCK-PORT    -                     -    capture     r            4361                                                                                            
   ----------------------------------------------------------------------------------------------------------------------------------------------------------------------------------------------------


Path 9:
   Slack (not met):                         -2467ps
     Path type:                               SETUP
     Group:                              <UDEF_clk>
     Launching clock:                           clk (rising edge)
     Capturing clock:                           clk (rising edge)

     Requested period:                       2000ps
   + Delay of the capturing clock:            969ps
   - Clock uncertainty:                       150ps
   = Required time:                          2819ps
   - Propagation time:                       4285ps (74.8% logic, 25.2% route, logic stage 4)
   - Delay of the launching clock:           1001ps
   = Slack:                                 -2467ps

   Instance/Pin or Net Name        Type         ID    Location or Fanout   Delay(ps)  Edge  Arrival Time(ps)    Instance detail                                                                      
   ----------------------------------------------------------------------------------------------------------------------------------------------------------------------------------------------------
   clk                             CLOCK-PORT    -                     -     launch     r               0                                                                                            
   clk                             Clock net     2          (fanout=225)       1001                     -                                                                                            
   RBB_2/CLK                       RBB_6L        2  [TILE 0 0, RBB 13 6]          -     r            1001                                                                                            
   ----------------------------------------------------------------------------------------------------------------------------------------------------------------------------------------------------
   RBB_2/AQ                        RBB_6L        2  [TILE 0 0, RBB 13 6]        800     r            1801     {inst28: counter_FDRE_Q_21 (FD,site=aff)}                                              
   counter[0]                      Net           4            (fanout=1)       1081                     -                                                                                            
   RBB_2/A1                        RBB_6L        2  [TILE 0 0, RBB 13 6]          -     r            2882                                                                                            
   RBB_2/COUT                      RBB_6L        2  [TILE 0 0, RBB 13 6]       1365     r            4247     {inst11: LED_CARRY4_S_O_1_CARRY4_O_4 (CARRY4)}                                         
   LED_CARRY4_S_O_1_CARRY4_O_4_CO  Net          70            (fanout=1)          0                     -                                                                                            
   RBB_3/CIN                       RBB_6L        3  [TILE 0 0, RBB 16 6]          -     r            4247                                                                                            
   RBB_3/COUT                      RBB_6L        3  [TILE 0 0, RBB 16 6]        282     r            4529     {inst10: LED_CARRY4_S_O_1_CARRY4_O_3 (CARRY4)}                                         
   LED_CARRY4_S_O_1_CARRY4_O_3_CO  Net          66            (fanout=1)          0                     -                                                                                            
   RBB_4/CIN                       RBB_6L        4  [TILE 0 0, RBB 19 6]          -     r            4529                                                                                            
   RBB_4/COUT                      RBB_6L        4  [TILE 0 0, RBB 19 6]        282     r            4811     {inst9: LED_CARRY4_S_O_1_CARRY4_O_2 (CARRY4)}                                          
   LED_CARRY4_S_O_1_CARRY4_O_2_CO  Net          62            (fanout=1)          0                     -                                                                                            
   RBB_5/CIN                       RBB_6L        5  [TILE 0 0, RBB 22 6]          -     r            4811     {inst8: LED_CARRY4_S_O_1_CARRY4_O_1 (CARRY4)} {inst34: counter_FDRE_Q_8 (FD,site=bff)} 
   ----------------------------------------------------------------------------------------------------------------------------------------------------------------------------------------------------
   RBB_5/CLK                       RBB_6L        5  [TILE 0 0, RBB 22 6]        475     r            5286                                                                                            
   clk                             Clock net     2          (fanout=225)       -969                     -                                                                                            
   clk                             CLOCK-PORT    -                     -    capture     r            4317                                                                                            
   ----------------------------------------------------------------------------------------------------------------------------------------------------------------------------------------------------


Path 10:
   Slack (not met):                         -2461ps
     Path type:                               SETUP
     Group:                              <UDEF_clk>
     Launching clock:                           clk (rising edge)
     Capturing clock:                           clk (rising edge)

     Requested period:                       2000ps
   + Delay of the capturing clock:            969ps
   - Clock uncertainty:                       150ps
   = Required time:                          2819ps
   - Propagation time:                       4279ps (74.7% logic, 25.3% route, logic stage 4)
   - Delay of the launching clock:           1001ps
   = Slack:                                 -2461ps

   Instance/Pin or Net Name        Type         ID    Location or Fanout   Delay(ps)  Edge  Arrival Time(ps)    Instance detail                                                                      
   ----------------------------------------------------------------------------------------------------------------------------------------------------------------------------------------------------
   clk                             CLOCK-PORT    -                     -     launch     r               0                                                                                            
   clk                             Clock net     2          (fanout=225)       1001                     -                                                                                            
   RBB_2/CLK                       RBB_6L        2  [TILE 0 0, RBB 13 6]          -     r            1001                                                                                            
   ----------------------------------------------------------------------------------------------------------------------------------------------------------------------------------------------------
   RBB_2/AQ                        RBB_6L        2  [TILE 0 0, RBB 13 6]        800     r            1801     {inst28: counter_FDRE_Q_21 (FD,site=aff)}                                              
   counter[0]                      Net           4            (fanout=1)       1081                     -                                                                                            
   RBB_2/A1                        RBB_6L        2  [TILE 0 0, RBB 13 6]          -     r            2882                                                                                            
   RBB_2/COUT                      RBB_6L        2  [TILE 0 0, RBB 13 6]       1365     r            4247     {inst11: LED_CARRY4_S_O_1_CARRY4_O_4 (CARRY4)}                                         
   LED_CARRY4_S_O_1_CARRY4_O_4_CO  Net          70            (fanout=1)          0                     -                                                                                            
   RBB_3/CIN                       RBB_6L        3  [TILE 0 0, RBB 16 6]          -     r            4247                                                                                            
   RBB_3/COUT                      RBB_6L        3  [TILE 0 0, RBB 16 6]        282     r            4529     {inst10: LED_CARRY4_S_O_1_CARRY4_O_3 (CARRY4)}                                         
   LED_CARRY4_S_O_1_CARRY4_O_3_CO  Net          66            (fanout=1)          0                     -                                                                                            
   RBB_4/CIN                       RBB_6L        4  [TILE 0 0, RBB 19 6]          -     r            4529                                                                                            
   RBB_4/COUT                      RBB_6L        4  [TILE 0 0, RBB 19 6]        282     r            4811     {inst9: LED_CARRY4_S_O_1_CARRY4_O_2 (CARRY4)}                                          
   LED_CARRY4_S_O_1_CARRY4_O_2_CO  Net          62            (fanout=1)          0                     -                                                                                            
   RBB_5/CIN                       RBB_6L        5  [TILE 0 0, RBB 22 6]          -     r            4811     {inst8: LED_CARRY4_S_O_1_CARRY4_O_1 (CARRY4)} {inst33: counter_FDRE_Q_7 (FD,site=cff)} 
   ----------------------------------------------------------------------------------------------------------------------------------------------------------------------------------------------------
   RBB_5/CLK                       RBB_6L        5  [TILE 0 0, RBB 22 6]        469     r            5280                                                                                            
   clk                             Clock net     2          (fanout=225)       -969                     -                                                                                            
   clk                             CLOCK-PORT    -                     -    capture     r            4311                                                                                            
   ----------------------------------------------------------------------------------------------------------------------------------------------------------------------------------------------------


Path 11:
   Slack (not met):                         -2411ps
     Path type:                               SETUP
     Group:                              <UDEF_clk>
     Launching clock:                           clk (rising edge)
     Capturing clock:                           clk (rising edge)

     Requested period:                       2000ps
   + Delay of the capturing clock:            969ps
   - Clock uncertainty:                       150ps
   = Required time:                          2819ps
   - Propagation time:                       4229ps (74.4% logic, 25.6% route, logic stage 4)
   - Delay of the launching clock:           1001ps
   = Slack:                                 -2411ps

   Instance/Pin or Net Name        Type         ID    Location or Fanout   Delay(ps)  Edge  Arrival Time(ps)    Instance detail                                                                      
   ----------------------------------------------------------------------------------------------------------------------------------------------------------------------------------------------------
   clk                             CLOCK-PORT    -                     -     launch     r               0                                                                                            
   clk                             Clock net     2          (fanout=225)       1001                     -                                                                                            
   RBB_2/CLK                       RBB_6L        2  [TILE 0 0, RBB 13 6]          -     r            1001                                                                                            
   ----------------------------------------------------------------------------------------------------------------------------------------------------------------------------------------------------
   RBB_2/AQ                        RBB_6L        2  [TILE 0 0, RBB 13 6]        800     r            1801     {inst28: counter_FDRE_Q_21 (FD,site=aff)}                                              
   counter[0]                      Net           4            (fanout=1)       1081                     -                                                                                            
   RBB_2/A1                        RBB_6L        2  [TILE 0 0, RBB 13 6]          -     r            2882                                                                                            
   RBB_2/COUT                      RBB_6L        2  [TILE 0 0, RBB 13 6]       1365     r            4247     {inst11: LED_CARRY4_S_O_1_CARRY4_O_4 (CARRY4)}                                         
   LED_CARRY4_S_O_1_CARRY4_O_4_CO  Net          70            (fanout=1)          0                     -                                                                                            
   RBB_3/CIN                       RBB_6L        3  [TILE 0 0, RBB 16 6]          -     r            4247                                                                                            
   RBB_3/COUT                      RBB_6L        3  [TILE 0 0, RBB 16 6]        282     r            4529     {inst10: LED_CARRY4_S_O_1_CARRY4_O_3 (CARRY4)}                                         
   LED_CARRY4_S_O_1_CARRY4_O_3_CO  Net          66            (fanout=1)          0                     -                                                                                            
   RBB_4/CIN                       RBB_6L        4  [TILE 0 0, RBB 19 6]          -     r            4529                                                                                            
   RBB_4/COUT                      RBB_6L        4  [TILE 0 0, RBB 19 6]        282     r            4811     {inst9: LED_CARRY4_S_O_1_CARRY4_O_2 (CARRY4)}                                          
   LED_CARRY4_S_O_1_CARRY4_O_2_CO  Net          62            (fanout=1)          0                     -                                                                                            
   RBB_5/CIN                       RBB_6L        5  [TILE 0 0, RBB 22 6]          -     r            4811     {inst8: LED_CARRY4_S_O_1_CARRY4_O_1 (CARRY4)} {inst35: counter_FDRE_Q_9 (FD,site=aff)} 
   ----------------------------------------------------------------------------------------------------------------------------------------------------------------------------------------------------
   RBB_5/CLK                       RBB_6L        5  [TILE 0 0, RBB 22 6]        419     r            5230                                                                                            
   clk                             Clock net     2          (fanout=225)       -969                     -                                                                                            
   clk                             CLOCK-PORT    -                     -    capture     r            4261                                                                                            
   ----------------------------------------------------------------------------------------------------------------------------------------------------------------------------------------------------


Path 12:
   Slack (not met):                         -2244ps
     Path type:                               SETUP
     Group:                              <UDEF_clk>
     Launching clock:                           clk (rising edge)
     Capturing clock:                           clk (rising edge)

     Requested period:                       2000ps
   + Delay of the capturing clock:            954ps
   - Clock uncertainty:                       150ps
   = Required time:                          2804ps
   - Propagation time:                       4047ps (73.3% logic, 26.7% route, logic stage 3)
   - Delay of the launching clock:           1001ps
   = Slack:                                 -2244ps

   Instance/Pin or Net Name        Type         ID    Location or Fanout   Delay(ps)  Edge  Arrival Time(ps)    Instance detail                                                                       
   -----------------------------------------------------------------------------------------------------------------------------------------------------------------------------------------------------
   clk                             CLOCK-PORT    -                     -     launch     r               0                                                                                             
   clk                             Clock net     2          (fanout=225)       1001                     -                                                                                             
   RBB_2/CLK                       RBB_6L        2  [TILE 0 0, RBB 13 6]          -     r            1001                                                                                             
   -----------------------------------------------------------------------------------------------------------------------------------------------------------------------------------------------------
   RBB_2/AQ                        RBB_6L        2  [TILE 0 0, RBB 13 6]        800     r            1801     {inst28: counter_FDRE_Q_21 (FD,site=aff)}                                               
   counter[0]                      Net           4            (fanout=1)       1081                     -                                                                                             
   RBB_2/A1                        RBB_6L        2  [TILE 0 0, RBB 13 6]          -     r            2882                                                                                             
   RBB_2/COUT                      RBB_6L        2  [TILE 0 0, RBB 13 6]       1365     r            4247     {inst11: LED_CARRY4_S_O_1_CARRY4_O_4 (CARRY4)}                                          
   LED_CARRY4_S_O_1_CARRY4_O_4_CO  Net          70            (fanout=1)          0                     -                                                                                             
   RBB_3/CIN                       RBB_6L        3  [TILE 0 0, RBB 16 6]          -     r            4247                                                                                             
   RBB_3/COUT                      RBB_6L        3  [TILE 0 0, RBB 16 6]        282     r            4529     {inst10: LED_CARRY4_S_O_1_CARRY4_O_3 (CARRY4)}                                          
   LED_CARRY4_S_O_1_CARRY4_O_3_CO  Net          66            (fanout=1)          0                     -                                                                                             
   RBB_4/CIN                       RBB_6L        4  [TILE 0 0, RBB 19 6]          -     r            4529     {inst9: LED_CARRY4_S_O_1_CARRY4_O_2 (CARRY4)} {inst16: counter_FDRE_Q_10 (FD,site=dff)} 
   -----------------------------------------------------------------------------------------------------------------------------------------------------------------------------------------------------
   RBB_4/CLK                       RBB_6L        4  [TILE 0 0, RBB 19 6]        519     r            5048                                                                                             
   clk                             Clock net     2          (fanout=225)       -954                     -                                                                                             
   clk                             CLOCK-PORT    -                     -    capture     r            4094                                                                                             
   -----------------------------------------------------------------------------------------------------------------------------------------------------------------------------------------------------


Path 13:
   Slack (not met):                         -2200ps
     Path type:                               SETUP
     Group:                              <UDEF_clk>
     Launching clock:                           clk (rising edge)
     Capturing clock:                           clk (rising edge)

     Requested period:                       2000ps
   + Delay of the capturing clock:            954ps
   - Clock uncertainty:                       150ps
   = Required time:                          2804ps
   - Propagation time:                       4003ps (73.0% logic, 27.0% route, logic stage 3)
   - Delay of the launching clock:           1001ps
   = Slack:                                 -2200ps

   Instance/Pin or Net Name        Type         ID    Location or Fanout   Delay(ps)  Edge  Arrival Time(ps)    Instance detail                                                                       
   -----------------------------------------------------------------------------------------------------------------------------------------------------------------------------------------------------
   clk                             CLOCK-PORT    -                     -     launch     r               0                                                                                             
   clk                             Clock net     2          (fanout=225)       1001                     -                                                                                             
   RBB_2/CLK                       RBB_6L        2  [TILE 0 0, RBB 13 6]          -     r            1001                                                                                             
   -----------------------------------------------------------------------------------------------------------------------------------------------------------------------------------------------------
   RBB_2/AQ                        RBB_6L        2  [TILE 0 0, RBB 13 6]        800     r            1801     {inst28: counter_FDRE_Q_21 (FD,site=aff)}                                               
   counter[0]                      Net           4            (fanout=1)       1081                     -                                                                                             
   RBB_2/A1                        RBB_6L        2  [TILE 0 0, RBB 13 6]          -     r            2882                                                                                             
   RBB_2/COUT                      RBB_6L        2  [TILE 0 0, RBB 13 6]       1365     r            4247     {inst11: LED_CARRY4_S_O_1_CARRY4_O_4 (CARRY4)}                                          
   LED_CARRY4_S_O_1_CARRY4_O_4_CO  Net          70            (fanout=1)          0                     -                                                                                             
   RBB_3/CIN                       RBB_6L        3  [TILE 0 0, RBB 16 6]          -     r            4247                                                                                             
   RBB_3/COUT                      RBB_6L        3  [TILE 0 0, RBB 16 6]        282     r            4529     {inst10: LED_CARRY4_S_O_1_CARRY4_O_3 (CARRY4)}                                          
   LED_CARRY4_S_O_1_CARRY4_O_3_CO  Net          66            (fanout=1)          0                     -                                                                                             
   RBB_4/CIN                       RBB_6L        4  [TILE 0 0, RBB 19 6]          -     r            4529     {inst9: LED_CARRY4_S_O_1_CARRY4_O_2 (CARRY4)} {inst18: counter_FDRE_Q_12 (FD,site=bff)} 
   -----------------------------------------------------------------------------------------------------------------------------------------------------------------------------------------------------
   RBB_4/CLK                       RBB_6L        4  [TILE 0 0, RBB 19 6]        475     r            5004                                                                                             
   clk                             Clock net     2          (fanout=225)       -954                     -                                                                                             
   clk                             CLOCK-PORT    -                     -    capture     r            4050                                                                                             
   -----------------------------------------------------------------------------------------------------------------------------------------------------------------------------------------------------


Path 14:
   Slack (not met):                         -2194ps
     Path type:                               SETUP
     Group:                              <UDEF_clk>
     Launching clock:                           clk (rising edge)
     Capturing clock:                           clk (rising edge)

     Requested period:                       2000ps
   + Delay of the capturing clock:            954ps
   - Clock uncertainty:                       150ps
   = Required time:                          2804ps
   - Propagation time:                       3997ps (73.0% logic, 27.0% route, logic stage 3)
   - Delay of the launching clock:           1001ps
   = Slack:                                 -2194ps

   Instance/Pin or Net Name        Type         ID    Location or Fanout   Delay(ps)  Edge  Arrival Time(ps)    Instance detail                                                                       
   -----------------------------------------------------------------------------------------------------------------------------------------------------------------------------------------------------
   clk                             CLOCK-PORT    -                     -     launch     r               0                                                                                             
   clk                             Clock net     2          (fanout=225)       1001                     -                                                                                             
   RBB_2/CLK                       RBB_6L        2  [TILE 0 0, RBB 13 6]          -     r            1001                                                                                             
   -----------------------------------------------------------------------------------------------------------------------------------------------------------------------------------------------------
   RBB_2/AQ                        RBB_6L        2  [TILE 0 0, RBB 13 6]        800     r            1801     {inst28: counter_FDRE_Q_21 (FD,site=aff)}                                               
   counter[0]                      Net           4            (fanout=1)       1081                     -                                                                                             
   RBB_2/A1                        RBB_6L        2  [TILE 0 0, RBB 13 6]          -     r            2882                                                                                             
   RBB_2/COUT                      RBB_6L        2  [TILE 0 0, RBB 13 6]       1365     r            4247     {inst11: LED_CARRY4_S_O_1_CARRY4_O_4 (CARRY4)}                                          
   LED_CARRY4_S_O_1_CARRY4_O_4_CO  Net          70            (fanout=1)          0                     -                                                                                             
   RBB_3/CIN                       RBB_6L        3  [TILE 0 0, RBB 16 6]          -     r            4247                                                                                             
   RBB_3/COUT                      RBB_6L        3  [TILE 0 0, RBB 16 6]        282     r            4529     {inst10: LED_CARRY4_S_O_1_CARRY4_O_3 (CARRY4)}                                          
   LED_CARRY4_S_O_1_CARRY4_O_3_CO  Net          66            (fanout=1)          0                     -                                                                                             
   RBB_4/CIN                       RBB_6L        4  [TILE 0 0, RBB 19 6]          -     r            4529     {inst9: LED_CARRY4_S_O_1_CARRY4_O_2 (CARRY4)} {inst17: counter_FDRE_Q_11 (FD,site=cff)} 
   -----------------------------------------------------------------------------------------------------------------------------------------------------------------------------------------------------
   RBB_4/CLK                       RBB_6L        4  [TILE 0 0, RBB 19 6]        469     r            4998                                                                                             
   clk                             Clock net     2          (fanout=225)       -954                     -                                                                                             
   clk                             CLOCK-PORT    -                     -    capture     r            4044                                                                                             
   -----------------------------------------------------------------------------------------------------------------------------------------------------------------------------------------------------


Path 15:
   Slack (not met):                         -2144ps
     Path type:                               SETUP
     Group:                              <UDEF_clk>
     Launching clock:                           clk (rising edge)
     Capturing clock:                           clk (rising edge)

     Requested period:                       2000ps
   + Delay of the capturing clock:            954ps
   - Clock uncertainty:                       150ps
   = Required time:                          2804ps
   - Propagation time:                       3947ps (72.6% logic, 27.4% route, logic stage 3)
   - Delay of the launching clock:           1001ps
   = Slack:                                 -2144ps

   Instance/Pin or Net Name        Type         ID    Location or Fanout   Delay(ps)  Edge  Arrival Time(ps)    Instance detail                                                                       
   -----------------------------------------------------------------------------------------------------------------------------------------------------------------------------------------------------
   clk                             CLOCK-PORT    -                     -     launch     r               0                                                                                             
   clk                             Clock net     2          (fanout=225)       1001                     -                                                                                             
   RBB_2/CLK                       RBB_6L        2  [TILE 0 0, RBB 13 6]          -     r            1001                                                                                             
   -----------------------------------------------------------------------------------------------------------------------------------------------------------------------------------------------------
   RBB_2/AQ                        RBB_6L        2  [TILE 0 0, RBB 13 6]        800     r            1801     {inst28: counter_FDRE_Q_21 (FD,site=aff)}                                               
   counter[0]                      Net           4            (fanout=1)       1081                     -                                                                                             
   RBB_2/A1                        RBB_6L        2  [TILE 0 0, RBB 13 6]          -     r            2882                                                                                             
   RBB_2/COUT                      RBB_6L        2  [TILE 0 0, RBB 13 6]       1365     r            4247     {inst11: LED_CARRY4_S_O_1_CARRY4_O_4 (CARRY4)}                                          
   LED_CARRY4_S_O_1_CARRY4_O_4_CO  Net          70            (fanout=1)          0                     -                                                                                             
   RBB_3/CIN                       RBB_6L        3  [TILE 0 0, RBB 16 6]          -     r            4247                                                                                             
   RBB_3/COUT                      RBB_6L        3  [TILE 0 0, RBB 16 6]        282     r            4529     {inst10: LED_CARRY4_S_O_1_CARRY4_O_3 (CARRY4)}                                          
   LED_CARRY4_S_O_1_CARRY4_O_3_CO  Net          66            (fanout=1)          0                     -                                                                                             
   RBB_4/CIN                       RBB_6L        4  [TILE 0 0, RBB 19 6]          -     r            4529     {inst9: LED_CARRY4_S_O_1_CARRY4_O_2 (CARRY4)} {inst19: counter_FDRE_Q_13 (FD,site=aff)} 
   -----------------------------------------------------------------------------------------------------------------------------------------------------------------------------------------------------
   RBB_4/CLK                       RBB_6L        4  [TILE 0 0, RBB 19 6]        419     r            4948                                                                                             
   clk                             Clock net     2          (fanout=225)       -954                     -                                                                                             
   clk                             CLOCK-PORT    -                     -    capture     r            3994                                                                                             
   -----------------------------------------------------------------------------------------------------------------------------------------------------------------------------------------------------


Path 16:
   Slack (not met):                         -1967ps
     Path type:                               SETUP
     Group:                              <UDEF_clk>
     Launching clock:                           clk (rising edge)
     Capturing clock:                           clk (rising edge)

     Requested period:                       2000ps
   + Delay of the capturing clock:            949ps
   - Clock uncertainty:                       150ps
   = Required time:                          2799ps
   - Propagation time:                       3765ps (71.3% logic, 28.7% route, logic stage 2)
   - Delay of the launching clock:           1001ps
   = Slack:                                 -1967ps

   Instance/Pin or Net Name        Type         ID    Location or Fanout   Delay(ps)  Edge  Arrival Time(ps)    Instance detail                                                                        
   ------------------------------------------------------------------------------------------------------------------------------------------------------------------------------------------------------
   clk                             CLOCK-PORT    -                     -     launch     r               0                                                                                              
   clk                             Clock net     2          (fanout=225)       1001                     -                                                                                              
   RBB_2/CLK                       RBB_6L        2  [TILE 0 0, RBB 13 6]          -     r            1001                                                                                              
   ------------------------------------------------------------------------------------------------------------------------------------------------------------------------------------------------------
   RBB_2/AQ                        RBB_6L        2  [TILE 0 0, RBB 13 6]        800     r            1801     {inst28: counter_FDRE_Q_21 (FD,site=aff)}                                                
   counter[0]                      Net           4            (fanout=1)       1081                     -                                                                                              
   RBB_2/A1                        RBB_6L        2  [TILE 0 0, RBB 13 6]          -     r            2882                                                                                              
   RBB_2/COUT                      RBB_6L        2  [TILE 0 0, RBB 13 6]       1365     r            4247     {inst11: LED_CARRY4_S_O_1_CARRY4_O_4 (CARRY4)}                                           
   LED_CARRY4_S_O_1_CARRY4_O_4_CO  Net          70            (fanout=1)          0                     -                                                                                              
   RBB_3/CIN                       RBB_6L        3  [TILE 0 0, RBB 16 6]          -     r            4247     {inst10: LED_CARRY4_S_O_1_CARRY4_O_3 (CARRY4)} {inst20: counter_FDRE_Q_14 (FD,site=dff)} 
   ------------------------------------------------------------------------------------------------------------------------------------------------------------------------------------------------------
   RBB_3/CLK                       RBB_6L        3  [TILE 0 0, RBB 16 6]        519     r            4766                                                                                              
   clk                             Clock net     2          (fanout=225)       -949                     -                                                                                              
   clk                             CLOCK-PORT    -                     -    capture     r            3817                                                                                              
   ------------------------------------------------------------------------------------------------------------------------------------------------------------------------------------------------------


Path 17:
   Slack (not met):                         -1923ps
     Path type:                               SETUP
     Group:                              <UDEF_clk>
     Launching clock:                           clk (rising edge)
     Capturing clock:                           clk (rising edge)

     Requested period:                       2000ps
   + Delay of the capturing clock:            949ps
   - Clock uncertainty:                       150ps
   = Required time:                          2799ps
   - Propagation time:                       3721ps (70.9% logic, 29.1% route, logic stage 2)
   - Delay of the launching clock:           1001ps
   = Slack:                                 -1923ps

   Instance/Pin or Net Name        Type         ID    Location or Fanout   Delay(ps)  Edge  Arrival Time(ps)    Instance detail                                                                        
   ------------------------------------------------------------------------------------------------------------------------------------------------------------------------------------------------------
   clk                             CLOCK-PORT    -                     -     launch     r               0                                                                                              
   clk                             Clock net     2          (fanout=225)       1001                     -                                                                                              
   RBB_2/CLK                       RBB_6L        2  [TILE 0 0, RBB 13 6]          -     r            1001                                                                                              
   ------------------------------------------------------------------------------------------------------------------------------------------------------------------------------------------------------
   RBB_2/AQ                        RBB_6L        2  [TILE 0 0, RBB 13 6]        800     r            1801     {inst28: counter_FDRE_Q_21 (FD,site=aff)}                                                
   counter[0]                      Net           4            (fanout=1)       1081                     -                                                                                              
   RBB_2/A1                        RBB_6L        2  [TILE 0 0, RBB 13 6]          -     r            2882                                                                                              
   RBB_2/COUT                      RBB_6L        2  [TILE 0 0, RBB 13 6]       1365     r            4247     {inst11: LED_CARRY4_S_O_1_CARRY4_O_4 (CARRY4)}                                           
   LED_CARRY4_S_O_1_CARRY4_O_4_CO  Net          70            (fanout=1)          0                     -                                                                                              
   RBB_3/CIN                       RBB_6L        3  [TILE 0 0, RBB 16 6]          -     r            4247     {inst10: LED_CARRY4_S_O_1_CARRY4_O_3 (CARRY4)} {inst22: counter_FDRE_Q_16 (FD,site=bff)} 
   ------------------------------------------------------------------------------------------------------------------------------------------------------------------------------------------------------
   RBB_3/CLK                       RBB_6L        3  [TILE 0 0, RBB 16 6]        475     r            4722                                                                                              
   clk                             Clock net     2          (fanout=225)       -949                     -                                                                                              
   clk                             CLOCK-PORT    -                     -    capture     r            3773                                                                                              
   ------------------------------------------------------------------------------------------------------------------------------------------------------------------------------------------------------


Path 18:
   Slack (not met):                         -1917ps
     Path type:                               SETUP
     Group:                              <UDEF_clk>
     Launching clock:                           clk (rising edge)
     Capturing clock:                           clk (rising edge)

     Requested period:                       2000ps
   + Delay of the capturing clock:            949ps
   - Clock uncertainty:                       150ps
   = Required time:                          2799ps
   - Propagation time:                       3715ps (70.9% logic, 29.1% route, logic stage 2)
   - Delay of the launching clock:           1001ps
   = Slack:                                 -1917ps

   Instance/Pin or Net Name        Type         ID    Location or Fanout   Delay(ps)  Edge  Arrival Time(ps)    Instance detail                                                                        
   ------------------------------------------------------------------------------------------------------------------------------------------------------------------------------------------------------
   clk                             CLOCK-PORT    -                     -     launch     r               0                                                                                              
   clk                             Clock net     2          (fanout=225)       1001                     -                                                                                              
   RBB_2/CLK                       RBB_6L        2  [TILE 0 0, RBB 13 6]          -     r            1001                                                                                              
   ------------------------------------------------------------------------------------------------------------------------------------------------------------------------------------------------------
   RBB_2/AQ                        RBB_6L        2  [TILE 0 0, RBB 13 6]        800     r            1801     {inst28: counter_FDRE_Q_21 (FD,site=aff)}                                                
   counter[0]                      Net           4            (fanout=1)       1081                     -                                                                                              
   RBB_2/A1                        RBB_6L        2  [TILE 0 0, RBB 13 6]          -     r            2882                                                                                              
   RBB_2/COUT                      RBB_6L        2  [TILE 0 0, RBB 13 6]       1365     r            4247     {inst11: LED_CARRY4_S_O_1_CARRY4_O_4 (CARRY4)}                                           
   LED_CARRY4_S_O_1_CARRY4_O_4_CO  Net          70            (fanout=1)          0                     -                                                                                              
   RBB_3/CIN                       RBB_6L        3  [TILE 0 0, RBB 16 6]          -     r            4247     {inst10: LED_CARRY4_S_O_1_CARRY4_O_3 (CARRY4)} {inst21: counter_FDRE_Q_15 (FD,site=cff)} 
   ------------------------------------------------------------------------------------------------------------------------------------------------------------------------------------------------------
   RBB_3/CLK                       RBB_6L        3  [TILE 0 0, RBB 16 6]        469     r            4716                                                                                              
   clk                             Clock net     2          (fanout=225)       -949                     -                                                                                              
   clk                             CLOCK-PORT    -                     -    capture     r            3767                                                                                              
   ------------------------------------------------------------------------------------------------------------------------------------------------------------------------------------------------------


Path 19:
   Slack (not met):                         -1867ps
     Path type:                               SETUP
     Group:                              <UDEF_clk>
     Launching clock:                           clk (rising edge)
     Capturing clock:                           clk (rising edge)

     Requested period:                       2000ps
   + Delay of the capturing clock:            949ps
   - Clock uncertainty:                       150ps
   = Required time:                          2799ps
   - Propagation time:                       3665ps (70.5% logic, 29.5% route, logic stage 2)
   - Delay of the launching clock:           1001ps
   = Slack:                                 -1867ps

   Instance/Pin or Net Name        Type         ID    Location or Fanout   Delay(ps)  Edge  Arrival Time(ps)    Instance detail                                                                        
   ------------------------------------------------------------------------------------------------------------------------------------------------------------------------------------------------------
   clk                             CLOCK-PORT    -                     -     launch     r               0                                                                                              
   clk                             Clock net     2          (fanout=225)       1001                     -                                                                                              
   RBB_2/CLK                       RBB_6L        2  [TILE 0 0, RBB 13 6]          -     r            1001                                                                                              
   ------------------------------------------------------------------------------------------------------------------------------------------------------------------------------------------------------
   RBB_2/AQ                        RBB_6L        2  [TILE 0 0, RBB 13 6]        800     r            1801     {inst28: counter_FDRE_Q_21 (FD,site=aff)}                                                
   counter[0]                      Net           4            (fanout=1)       1081                     -                                                                                              
   RBB_2/A1                        RBB_6L        2  [TILE 0 0, RBB 13 6]          -     r            2882                                                                                              
   RBB_2/COUT                      RBB_6L        2  [TILE 0 0, RBB 13 6]       1365     r            4247     {inst11: LED_CARRY4_S_O_1_CARRY4_O_4 (CARRY4)}                                           
   LED_CARRY4_S_O_1_CARRY4_O_4_CO  Net          70            (fanout=1)          0                     -                                                                                              
   RBB_3/CIN                       RBB_6L        3  [TILE 0 0, RBB 16 6]          -     r            4247     {inst10: LED_CARRY4_S_O_1_CARRY4_O_3 (CARRY4)} {inst23: counter_FDRE_Q_17 (FD,site=aff)} 
   ------------------------------------------------------------------------------------------------------------------------------------------------------------------------------------------------------
   RBB_3/CLK                       RBB_6L        3  [TILE 0 0, RBB 16 6]        419     r            4666                                                                                              
   clk                             Clock net     2          (fanout=225)       -949                     -                                                                                              
   clk                             CLOCK-PORT    -                     -    capture     r            3717                                                                                              
   ------------------------------------------------------------------------------------------------------------------------------------------------------------------------------------------------------


Path 23:
   Slack (not met):                         -1656ps
     Path type:                               SETUP
     Group:                              <UDEF_clk>
     Launching clock:                           clk (rising edge)
     Capturing clock:                           clk (rising edge)

     Requested period:                       2000ps
   + Delay of the capturing clock:            954ps
   - Clock uncertainty:                       150ps
   = Required time:                          2804ps
   - Propagation time:                       3457ps (59.3% logic, 40.7% route, logic stage 1)
   - Delay of the launching clock:           1003ps
   = Slack:                                 -1656ps

   Instance/Pin or Net Name   Type         ID    Location or Fanout   Delay(ps)  Edge  Arrival Time(ps)    Instance detail                                                                       
   ------------------------------------------------------------------------------------------------------------------------------------------------------------------------------------------------
   clk                        CLOCK-PORT    -                     -     launch     r               0                                                                                             
   clk                        Clock net     2          (fanout=225)       1003                     -                                                                                             
   RBB_4/CLK                  RBB_6L        4  [TILE 0 0, RBB 19 6]          -     r            1003                                                                                             
   ------------------------------------------------------------------------------------------------------------------------------------------------------------------------------------------------
   RBB_4/AQ                   RBB_6L        4  [TILE 0 0, RBB 19 6]        800     r            1803     {inst19: counter_FDRE_Q_13 (FD,site=aff)}                                               
   counter[8]                 Net          12            (fanout=1)       1406                     -                                                                                             
   RBB_4/A1                   RBB_6L        4  [TILE 0 0, RBB 19 6]          -     r            3209     {inst9: LED_CARRY4_S_O_1_CARRY4_O_2 (CARRY4)} {inst16: counter_FDRE_Q_10 (FD,site=dff)} 
   ------------------------------------------------------------------------------------------------------------------------------------------------------------------------------------------------
   RBB_4/CLK                  RBB_6L        4  [TILE 0 0, RBB 19 6]       1251     r            4460                                                                                             
   clk                        Clock net     2          (fanout=225)       -954                     -                                                                                             
   clk                        CLOCK-PORT    -                     -    capture     r            3506                                                                                             
   ------------------------------------------------------------------------------------------------------------------------------------------------------------------------------------------------


Path 33:
   Slack (not met):                         -1645ps
     Path type:                               SETUP
     Group:                              <UDEF_clk>
     Launching clock:                           clk (rising edge)
     Capturing clock:                           clk (rising edge)

     Requested period:                       2000ps
   + Delay of the capturing clock:            954ps
   - Clock uncertainty:                       150ps
   = Required time:                          2804ps
   - Propagation time:                       3446ps (59.2% logic, 40.8% route, logic stage 1)
   - Delay of the launching clock:           1003ps
   = Slack:                                 -1645ps

   Instance/Pin or Net Name   Type         ID    Location or Fanout   Delay(ps)  Edge  Arrival Time(ps)    Instance detail                                                                       
   ------------------------------------------------------------------------------------------------------------------------------------------------------------------------------------------------
   clk                        CLOCK-PORT    -                     -     launch     r               0                                                                                             
   clk                        Clock net     2          (fanout=225)       1003                     -                                                                                             
   RBB_4/CLK                  RBB_6L        4  [TILE 0 0, RBB 19 6]          -     r            1003                                                                                             
   ------------------------------------------------------------------------------------------------------------------------------------------------------------------------------------------------
   RBB_4/AQ                   RBB_6L        4  [TILE 0 0, RBB 19 6]        800     r            1803     {inst19: counter_FDRE_Q_13 (FD,site=aff)}                                               
   counter[8]                 Net          12            (fanout=1)       1406                     -                                                                                             
   RBB_4/A1                   RBB_6L        4  [TILE 0 0, RBB 19 6]          -     r            3209     {inst9: LED_CARRY4_S_O_1_CARRY4_O_2 (CARRY4)} {inst17: counter_FDRE_Q_11 (FD,site=cff)} 
   ------------------------------------------------------------------------------------------------------------------------------------------------------------------------------------------------
   RBB_4/CLK                  RBB_6L        4  [TILE 0 0, RBB 19 6]       1240     r            4449                                                                                             
   clk                        Clock net     2          (fanout=225)       -954                     -                                                                                             
   clk                        CLOCK-PORT    -                     -    capture     r            3495                                                                                             
   ------------------------------------------------------------------------------------------------------------------------------------------------------------------------------------------------


Path 37:
   Slack (not met):                         -1639ps
     Path type:                               SETUP
     Group:                              <UDEF_clk>
     Launching clock:                           clk (rising edge)
     Capturing clock:                           clk (rising edge)

     Requested period:                       2000ps
   + Delay of the capturing clock:            954ps
   - Clock uncertainty:                       150ps
   = Required time:                          2804ps
   - Propagation time:                       3440ps (59.1% logic, 40.9% route, logic stage 1)
   - Delay of the launching clock:           1003ps
   = Slack:                                 -1639ps

   Instance/Pin or Net Name   Type         ID    Location or Fanout   Delay(ps)  Edge  Arrival Time(ps)    Instance detail                                                                       
   ------------------------------------------------------------------------------------------------------------------------------------------------------------------------------------------------
   clk                        CLOCK-PORT    -                     -     launch     r               0                                                                                             
   clk                        Clock net     2          (fanout=225)       1003                     -                                                                                             
   RBB_4/CLK                  RBB_6L        4  [TILE 0 0, RBB 19 6]          -     r            1003                                                                                             
   ------------------------------------------------------------------------------------------------------------------------------------------------------------------------------------------------
   RBB_4/AQ                   RBB_6L        4  [TILE 0 0, RBB 19 6]        800     r            1803     {inst19: counter_FDRE_Q_13 (FD,site=aff)}                                               
   counter[8]                 Net          12            (fanout=1)       1406                     -                                                                                             
   RBB_4/A1                   RBB_6L        4  [TILE 0 0, RBB 19 6]          -     r            3209     {inst9: LED_CARRY4_S_O_1_CARRY4_O_2 (CARRY4)} {inst18: counter_FDRE_Q_12 (FD,site=bff)} 
   ------------------------------------------------------------------------------------------------------------------------------------------------------------------------------------------------
   RBB_4/CLK                  RBB_6L        4  [TILE 0 0, RBB 19 6]       1234     r            4443                                                                                             
   clk                        Clock net     2          (fanout=225)       -954                     -                                                                                             
   clk                        CLOCK-PORT    -                     -    capture     r            3489                                                                                             
   ------------------------------------------------------------------------------------------------------------------------------------------------------------------------------------------------


Path 46:
   Slack (not met):                         -1585ps
     Path type:                               SETUP
     Group:                              <UDEF_clk>
     Launching clock:                           clk (rising edge)
     Capturing clock:                           clk (rising edge)

     Requested period:                       2000ps
   + Delay of the capturing clock:            954ps
   - Clock uncertainty:                       150ps
   = Required time:                          2804ps
   - Propagation time:                       3386ps (56.6% logic, 43.4% route, logic stage 1)
   - Delay of the launching clock:           1003ps
   = Slack:                                 -1585ps

   Instance/Pin or Net Name   Type         ID    Location or Fanout   Delay(ps)  Edge  Arrival Time(ps)    Instance detail                                                                       
   ------------------------------------------------------------------------------------------------------------------------------------------------------------------------------------------------
   clk                        CLOCK-PORT    -                     -     launch     r               0                                                                                             
   clk                        Clock net     2          (fanout=225)       1003                     -                                                                                             
   RBB_4/CLK                  RBB_6L        4  [TILE 0 0, RBB 19 6]          -     r            1003                                                                                             
   ------------------------------------------------------------------------------------------------------------------------------------------------------------------------------------------------
   RBB_4/BQ                   RBB_6L        4  [TILE 0 0, RBB 19 6]        800     r            1803     {inst18: counter_FDRE_Q_12 (FD,site=bff)}                                               
   counter[9]                 Net          13            (fanout=1)       1468                     -                                                                                             
   RBB_4/B1                   RBB_6L        4  [TILE 0 0, RBB 19 6]          -     r            3271     {inst9: LED_CARRY4_S_O_1_CARRY4_O_2 (CARRY4)} {inst16: counter_FDRE_Q_10 (FD,site=dff)} 
   ------------------------------------------------------------------------------------------------------------------------------------------------------------------------------------------------
   RBB_4/CLK                  RBB_6L        4  [TILE 0 0, RBB 19 6]       1118     r            4389                                                                                             
   clk                        Clock net     2          (fanout=225)       -954                     -                                                                                             
   clk                        CLOCK-PORT    -                     -    capture     r            3435                                                                                             
   ------------------------------------------------------------------------------------------------------------------------------------------------------------------------------------------------


Path 29:
   Slack (not met):                         -1577ps
     Path type:                               SETUP
     Group:                              <UDEF_clk>
     Launching clock:                           clk (rising edge)
     Capturing clock:                           clk (rising edge)

     Requested period:                       2000ps
   + Delay of the capturing clock:            969ps
   - Clock uncertainty:                       150ps
   = Required time:                          2819ps
   - Propagation time:                       3373ps (60.6% logic, 39.4% route, logic stage 1)
   - Delay of the launching clock:           1023ps
   = Slack:                                 -1577ps

   Instance/Pin or Net Name   Type         ID    Location or Fanout   Delay(ps)  Edge  Arrival Time(ps)    Instance detail                                                                      
   -----------------------------------------------------------------------------------------------------------------------------------------------------------------------------------------------
   clk                        CLOCK-PORT    -                     -     launch     r               0                                                                                            
   clk                        Clock net     2          (fanout=225)       1023                     -                                                                                            
   RBB_5/CLK                  RBB_6L        5  [TILE 0 0, RBB 22 6]          -     r            1023                                                                                            
   -----------------------------------------------------------------------------------------------------------------------------------------------------------------------------------------------
   RBB_5/CQ                   RBB_6L        5  [TILE 0 0, RBB 22 6]        800     r            1823     {inst33: counter_FDRE_Q_7 (FD,site=cff)}                                               
   counter[14]                Net          18            (fanout=1)       1330                     -                                                                                            
   RBB_5/C1                   RBB_6L        5  [TILE 0 0, RBB 22 6]          -     r            3153     {inst8: LED_CARRY4_S_O_1_CARRY4_O_1 (CARRY4)} {inst32: counter_FDRE_Q_6 (FD,site=dff)} 
   -----------------------------------------------------------------------------------------------------------------------------------------------------------------------------------------------
   RBB_5/CLK                  RBB_6L        5  [TILE 0 0, RBB 22 6]       1243     r            4396                                                                                            
   clk                        Clock net     2          (fanout=225)       -969                     -                                                                                            
   clk                        CLOCK-PORT    -                     -    capture     r            3427                                                                                            
   -----------------------------------------------------------------------------------------------------------------------------------------------------------------------------------------------


Path 52:
   Slack (not met):                         -1543ps
     Path type:                               SETUP
     Group:                              <UDEF_clk>
     Launching clock:                           clk (rising edge)
     Capturing clock:                           clk (rising edge)

     Requested period:                       2000ps
   + Delay of the capturing clock:            954ps
   - Clock uncertainty:                       150ps
   = Required time:                          2804ps
   - Propagation time:                       3344ps (56.1% logic, 43.9% route, logic stage 1)
   - Delay of the launching clock:           1003ps
   = Slack:                                 -1543ps

   Instance/Pin or Net Name   Type         ID    Location or Fanout   Delay(ps)  Edge  Arrival Time(ps)    Instance detail                                                                       
   ------------------------------------------------------------------------------------------------------------------------------------------------------------------------------------------------
   clk                        CLOCK-PORT    -                     -     launch     r               0                                                                                             
   clk                        Clock net     2          (fanout=225)       1003                     -                                                                                             
   RBB_4/CLK                  RBB_6L        4  [TILE 0 0, RBB 19 6]          -     r            1003                                                                                             
   ------------------------------------------------------------------------------------------------------------------------------------------------------------------------------------------------
   RBB_4/BQ                   RBB_6L        4  [TILE 0 0, RBB 19 6]        800     r            1803     {inst18: counter_FDRE_Q_12 (FD,site=bff)}                                               
   counter[9]                 Net          13            (fanout=1)       1468                     -                                                                                             
   RBB_4/B1                   RBB_6L        4  [TILE 0 0, RBB 19 6]          -     r            3271     {inst9: LED_CARRY4_S_O_1_CARRY4_O_2 (CARRY4)} {inst17: counter_FDRE_Q_11 (FD,site=cff)} 
   ------------------------------------------------------------------------------------------------------------------------------------------------------------------------------------------------
   RBB_4/CLK                  RBB_6L        4  [TILE 0 0, RBB 19 6]       1076     r            4347                                                                                             
   clk                        Clock net     2          (fanout=225)       -954                     -                                                                                             
   clk                        CLOCK-PORT    -                     -    capture     r            3393                                                                                             
   ------------------------------------------------------------------------------------------------------------------------------------------------------------------------------------------------


Path 51:
   Slack (not met):                         -1503ps
     Path type:                               SETUP
     Group:                              <UDEF_clk>
     Launching clock:                           clk (rising edge)
     Capturing clock:                           clk (rising edge)

     Requested period:                       2000ps
   + Delay of the capturing clock:            954ps
   - Clock uncertainty:                       150ps
   = Required time:                          2804ps
   - Propagation time:                       3304ps (57.4% logic, 42.6% route, logic stage 1)
   - Delay of the launching clock:           1003ps
   = Slack:                                 -1503ps

   Instance/Pin or Net Name   Type         ID    Location or Fanout   Delay(ps)  Edge  Arrival Time(ps)    Instance detail                                                                       
   ------------------------------------------------------------------------------------------------------------------------------------------------------------------------------------------------
   clk                        CLOCK-PORT    -                     -     launch     r               0                                                                                             
   clk                        Clock net     2          (fanout=225)       1003                     -                                                                                             
   RBB_4/CLK                  RBB_6L        4  [TILE 0 0, RBB 19 6]          -     r            1003                                                                                             
   ------------------------------------------------------------------------------------------------------------------------------------------------------------------------------------------------
   RBB_4/AQ                   RBB_6L        4  [TILE 0 0, RBB 19 6]        800     r            1803     {inst19: counter_FDRE_Q_13 (FD,site=aff)}                                               
   counter[8]                 Net          12            (fanout=1)       1406                     -                                                                                             
   RBB_4/A1                   RBB_6L        4  [TILE 0 0, RBB 19 6]          -     r            3209     {inst9: LED_CARRY4_S_O_1_CARRY4_O_2 (CARRY4)} {inst19: counter_FDRE_Q_13 (FD,site=aff)} 
   ------------------------------------------------------------------------------------------------------------------------------------------------------------------------------------------------
   RBB_4/CLK                  RBB_6L        4  [TILE 0 0, RBB 19 6]       1098     r            4307                                                                                             
   clk                        Clock net     2          (fanout=225)       -954                     -                                                                                             
   clk                        CLOCK-PORT    -                     -    capture     r            3353                                                                                             
   ------------------------------------------------------------------------------------------------------------------------------------------------------------------------------------------------


Path 71:
   Slack (not met):                         -1457ps
     Path type:                               SETUP
     Group:                              <UDEF_clk>
     Launching clock:                           clk (rising edge)
     Capturing clock:                           clk (rising edge)

     Requested period:                       2000ps
   + Delay of the capturing clock:            954ps
   - Clock uncertainty:                       150ps
   = Required time:                          2804ps
   - Propagation time:                       3258ps (54.9% logic, 45.1% route, logic stage 1)
   - Delay of the launching clock:           1003ps
   = Slack:                                 -1457ps

   Instance/Pin or Net Name   Type         ID    Location or Fanout   Delay(ps)  Edge  Arrival Time(ps)    Instance detail                                                                       
   ------------------------------------------------------------------------------------------------------------------------------------------------------------------------------------------------
   clk                        CLOCK-PORT    -                     -     launch     r               0                                                                                             
   clk                        Clock net     2          (fanout=225)       1003                     -                                                                                             
   RBB_4/CLK                  RBB_6L        4  [TILE 0 0, RBB 19 6]          -     r            1003                                                                                             
   ------------------------------------------------------------------------------------------------------------------------------------------------------------------------------------------------
   RBB_4/BQ                   RBB_6L        4  [TILE 0 0, RBB 19 6]        800     r            1803     {inst18: counter_FDRE_Q_12 (FD,site=bff)}                                               
   counter[9]                 Net          13            (fanout=1)       1468                     -                                                                                             
   RBB_4/B1                   RBB_6L        4  [TILE 0 0, RBB 19 6]          -     r            3271     {inst9: LED_CARRY4_S_O_1_CARRY4_O_2 (CARRY4)} {inst18: counter_FDRE_Q_12 (FD,site=bff)} 
   ------------------------------------------------------------------------------------------------------------------------------------------------------------------------------------------------
   RBB_4/CLK                  RBB_6L        4  [TILE 0 0, RBB 19 6]        990     r            4261                                                                                             
   clk                        Clock net     2          (fanout=225)       -954                     -                                                                                             
   clk                        CLOCK-PORT    -                     -    capture     r            3307                                                                                             
   ------------------------------------------------------------------------------------------------------------------------------------------------------------------------------------------------


Path 62:
   Slack (not met):                         -1408ps
     Path type:                               SETUP
     Group:                              <UDEF_clk>
     Launching clock:                           clk (rising edge)
     Capturing clock:                           clk (rising edge)

     Requested period:                       2000ps
   + Delay of the capturing clock:            969ps
   - Clock uncertainty:                       150ps
   = Required time:                          2819ps
   - Propagation time:                       3204ps (56.9% logic, 43.1% route, logic stage 1)
   - Delay of the launching clock:           1023ps
   = Slack:                                 -1408ps

   Instance/Pin or Net Name   Type         ID    Location or Fanout   Delay(ps)  Edge  Arrival Time(ps)    Instance detail                                                                      
   -----------------------------------------------------------------------------------------------------------------------------------------------------------------------------------------------
   clk                        CLOCK-PORT    -                     -     launch     r               0                                                                                            
   clk                        Clock net     2          (fanout=225)       1023                     -                                                                                            
   RBB_5/CLK                  RBB_6L        5  [TILE 0 0, RBB 22 6]          -     r            1023                                                                                            
   -----------------------------------------------------------------------------------------------------------------------------------------------------------------------------------------------
   RBB_5/DQ                   RBB_6L        5  [TILE 0 0, RBB 22 6]        800     r            1823     {inst32: counter_FDRE_Q_6 (FD,site=dff)}                                               
   counter[15]                Net          19            (fanout=1)       1381                     -                                                                                            
   RBB_5/D1                   RBB_6L        5  [TILE 0 0, RBB 22 6]          -     r            3204     {inst8: LED_CARRY4_S_O_1_CARRY4_O_1 (CARRY4)} {inst32: counter_FDRE_Q_6 (FD,site=dff)} 
   -----------------------------------------------------------------------------------------------------------------------------------------------------------------------------------------------
   RBB_5/CLK                  RBB_6L        5  [TILE 0 0, RBB 22 6]       1023     r            4227                                                                                            
   clk                        Clock net     2          (fanout=225)       -969                     -                                                                                            
   clk                        CLOCK-PORT    -                     -    capture     r            3258                                                                                            
   -----------------------------------------------------------------------------------------------------------------------------------------------------------------------------------------------


Path 24:
   Slack (not met):                         -1394ps
     Path type:                               SETUP
     Group:                              <UDEF_clk>
     Launching clock:                           clk (rising edge)
     Capturing clock:                           clk (rising edge)

     Requested period:                       2000ps
   + Delay of the capturing clock:            969ps
   - Clock uncertainty:                       150ps
   = Required time:                          2819ps
   - Propagation time:                       3190ps (64.3% logic, 35.7% route, logic stage 1)
   - Delay of the launching clock:           1023ps
   = Slack:                                 -1394ps

   Instance/Pin or Net Name   Type         ID    Location or Fanout   Delay(ps)  Edge  Arrival Time(ps)    Instance detail                                                                      
   -----------------------------------------------------------------------------------------------------------------------------------------------------------------------------------------------
   clk                        CLOCK-PORT    -                     -     launch     r               0                                                                                            
   clk                        Clock net     2          (fanout=225)       1023                     -                                                                                            
   RBB_5/CLK                  RBB_6L        5  [TILE 0 0, RBB 22 6]          -     r            1023                                                                                            
   -----------------------------------------------------------------------------------------------------------------------------------------------------------------------------------------------
   RBB_5/AQ                   RBB_6L        5  [TILE 0 0, RBB 22 6]        800     r            1823     {inst35: counter_FDRE_Q_9 (FD,site=aff)}                                               
   counter[12]                Net          16            (fanout=1)       1139                     -                                                                                            
   RBB_5/A1                   RBB_6L        5  [TILE 0 0, RBB 22 6]          -     r            2962     {inst8: LED_CARRY4_S_O_1_CARRY4_O_1 (CARRY4)} {inst32: counter_FDRE_Q_6 (FD,site=dff)} 
   -----------------------------------------------------------------------------------------------------------------------------------------------------------------------------------------------
   RBB_5/CLK                  RBB_6L        5  [TILE 0 0, RBB 22 6]       1251     r            4213                                                                                            
   clk                        Clock net     2          (fanout=225)       -969                     -                                                                                            
   clk                        CLOCK-PORT    -                     -    capture     r            3244                                                                                            
   -----------------------------------------------------------------------------------------------------------------------------------------------------------------------------------------------


Path 20:
   Slack (not met):                         -1385ps
     Path type:                               SETUP
     Group:                              <UDEF_clk>
     Launching clock:                           clk (rising edge)
     Capturing clock:                           clk (rising edge)

     Requested period:                       2000ps
   + Delay of the capturing clock:            949ps
   - Clock uncertainty:                       150ps
   = Required time:                          2799ps
   - Propagation time:                       3185ps (64.4% logic, 35.6% route, logic stage 1)
   - Delay of the launching clock:            999ps
   = Slack:                                 -1385ps

   Instance/Pin or Net Name   Type         ID    Location or Fanout   Delay(ps)  Edge  Arrival Time(ps)    Instance detail                                                                        
   -------------------------------------------------------------------------------------------------------------------------------------------------------------------------------------------------
   clk                        CLOCK-PORT    -                     -     launch     r               0                                                                                              
   clk                        Clock net     2          (fanout=225)        999                     -                                                                                              
   RBB_3/CLK                  RBB_6L        3  [TILE 0 0, RBB 16 6]          -     r             999                                                                                              
   -------------------------------------------------------------------------------------------------------------------------------------------------------------------------------------------------
   RBB_3/AQ                   RBB_6L        3  [TILE 0 0, RBB 16 6]        800     r            1799     {inst23: counter_FDRE_Q_17 (FD,site=aff)}                                                
   counter[4]                 Net           8            (fanout=1)       1134                     -                                                                                              
   RBB_3/A1                   RBB_6L        3  [TILE 0 0, RBB 16 6]          -     r            2933     {inst10: LED_CARRY4_S_O_1_CARRY4_O_3 (CARRY4)} {inst20: counter_FDRE_Q_14 (FD,site=dff)} 
   -------------------------------------------------------------------------------------------------------------------------------------------------------------------------------------------------
   RBB_3/CLK                  RBB_6L        3  [TILE 0 0, RBB 16 6]       1251     r            4184                                                                                              
   clk                        Clock net     2          (fanout=225)       -949                     -                                                                                              
   clk                        CLOCK-PORT    -                     -    capture     r            3235                                                                                              
   -------------------------------------------------------------------------------------------------------------------------------------------------------------------------------------------------


Path 35:
   Slack (not met):                         -1383ps
     Path type:                               SETUP
     Group:                              <UDEF_clk>
     Launching clock:                           clk (rising edge)
     Capturing clock:                           clk (rising edge)

     Requested period:                       2000ps
   + Delay of the capturing clock:            969ps
   - Clock uncertainty:                       150ps
   = Required time:                          2819ps
   - Propagation time:                       3179ps (64.2% logic, 35.8% route, logic stage 1)
   - Delay of the launching clock:           1023ps
   = Slack:                                 -1383ps

   Instance/Pin or Net Name   Type         ID    Location or Fanout   Delay(ps)  Edge  Arrival Time(ps)    Instance detail                                                                      
   -----------------------------------------------------------------------------------------------------------------------------------------------------------------------------------------------
   clk                        CLOCK-PORT    -                     -     launch     r               0                                                                                            
   clk                        Clock net     2          (fanout=225)       1023                     -                                                                                            
   RBB_5/CLK                  RBB_6L        5  [TILE 0 0, RBB 22 6]          -     r            1023                                                                                            
   -----------------------------------------------------------------------------------------------------------------------------------------------------------------------------------------------
   RBB_5/AQ                   RBB_6L        5  [TILE 0 0, RBB 22 6]        800     r            1823     {inst35: counter_FDRE_Q_9 (FD,site=aff)}                                               
   counter[12]                Net          16            (fanout=1)       1139                     -                                                                                            
   RBB_5/A1                   RBB_6L        5  [TILE 0 0, RBB 22 6]          -     r            2962     {inst8: LED_CARRY4_S_O_1_CARRY4_O_1 (CARRY4)} {inst33: counter_FDRE_Q_7 (FD,site=cff)} 
   -----------------------------------------------------------------------------------------------------------------------------------------------------------------------------------------------
   RBB_5/CLK                  RBB_6L        5  [TILE 0 0, RBB 22 6]       1240     r            4202                                                                                            
   clk                        Clock net     2          (fanout=225)       -969                     -                                                                                            
   clk                        CLOCK-PORT    -                     -    capture     r            3233                                                                                            
   -----------------------------------------------------------------------------------------------------------------------------------------------------------------------------------------------


Path 31:
   Slack (not met):                         -1381ps
     Path type:                               SETUP
     Group:                              <UDEF_clk>
     Launching clock:                           clk (rising edge)
     Capturing clock:                           clk (rising edge)

     Requested period:                       2000ps
   + Delay of the capturing clock:            976ps
   - Clock uncertainty:                       150ps
   = Required time:                          2826ps
   - Propagation time:                       3175ps (64.3% logic, 35.7% route, logic stage 1)
   - Delay of the launching clock:           1032ps
   = Slack:                                 -1381ps

   Instance/Pin or Net Name   Type         ID    Location or Fanout   Delay(ps)  Edge  Arrival Time(ps)    Instance detail                                                 
   --------------------------------------------------------------------------------------------------------------------------------------------------------------------------
   clk                        CLOCK-PORT    -                     -     launch     r               0                                                                       
   clk                        Clock net     2          (fanout=225)       1032                     -                                                                       
   RBB_7/CLK                  RBB_6L        7  [TILE 0 0, RBB 28 6]          -     r            1032                                                                       
   --------------------------------------------------------------------------------------------------------------------------------------------------------------------------
   RBB_7/AQ                   RBB_6L        7  [TILE 0 0, RBB 28 6]        800     r            1832     {inst15: counter_FDRE_Q_1 (FD,site=aff)}                          
   counter[20]                Net          24            (fanout=1)       1135                     -                                                                       
   RBB_7/A1                   RBB_6L        7  [TILE 0 0, RBB 28 6]          -     r            2967     {inst6: LED_CARRY4_S (CARRY4)} {inst13: LED_FDRE_Q (FD,site=cff)} 
   --------------------------------------------------------------------------------------------------------------------------------------------------------------------------
   RBB_7/CLK                  RBB_6L        7  [TILE 0 0, RBB 28 6]       1240     r            4207                                                                       
   clk                        Clock net     2          (fanout=225)       -976                     -                                                                       
   clk                        CLOCK-PORT    -                     -    capture     r            3231                                                                       
   --------------------------------------------------------------------------------------------------------------------------------------------------------------------------


Path 36:
   Slack (not met):                         -1377ps
     Path type:                               SETUP
     Group:                              <UDEF_clk>
     Launching clock:                           clk (rising edge)
     Capturing clock:                           clk (rising edge)

     Requested period:                       2000ps
   + Delay of the capturing clock:            969ps
   - Clock uncertainty:                       150ps
   = Required time:                          2819ps
   - Propagation time:                       3173ps (64.1% logic, 35.9% route, logic stage 1)
   - Delay of the launching clock:           1023ps
   = Slack:                                 -1377ps

   Instance/Pin or Net Name   Type         ID    Location or Fanout   Delay(ps)  Edge  Arrival Time(ps)    Instance detail                                                                      
   -----------------------------------------------------------------------------------------------------------------------------------------------------------------------------------------------
   clk                        CLOCK-PORT    -                     -     launch     r               0                                                                                            
   clk                        Clock net     2          (fanout=225)       1023                     -                                                                                            
   RBB_5/CLK                  RBB_6L        5  [TILE 0 0, RBB 22 6]          -     r            1023                                                                                            
   -----------------------------------------------------------------------------------------------------------------------------------------------------------------------------------------------
   RBB_5/AQ                   RBB_6L        5  [TILE 0 0, RBB 22 6]        800     r            1823     {inst35: counter_FDRE_Q_9 (FD,site=aff)}                                               
   counter[12]                Net          16            (fanout=1)       1139                     -                                                                                            
   RBB_5/A1                   RBB_6L        5  [TILE 0 0, RBB 22 6]          -     r            2962     {inst8: LED_CARRY4_S_O_1_CARRY4_O_1 (CARRY4)} {inst34: counter_FDRE_Q_8 (FD,site=bff)} 
   -----------------------------------------------------------------------------------------------------------------------------------------------------------------------------------------------
   RBB_5/CLK                  RBB_6L        5  [TILE 0 0, RBB 22 6]       1234     r            4196                                                                                            
   clk                        Clock net     2          (fanout=225)       -969                     -                                                                                            
   clk                        CLOCK-PORT    -                     -    capture     r            3227                                                                                            
   -----------------------------------------------------------------------------------------------------------------------------------------------------------------------------------------------


Path 41:
   Slack (not met):                         -1375ps
     Path type:                               SETUP
     Group:                              <UDEF_clk>
     Launching clock:                           clk (rising edge)
     Capturing clock:                           clk (rising edge)

     Requested period:                       2000ps
   + Delay of the capturing clock:            976ps
   - Clock uncertainty:                       150ps
   = Required time:                          2826ps
   - Propagation time:                       3169ps (64.2% logic, 35.8% route, logic stage 1)
   - Delay of the launching clock:           1032ps
   = Slack:                                 -1375ps

   Instance/Pin or Net Name   Type         ID    Location or Fanout   Delay(ps)  Edge  Arrival Time(ps)    Instance detail                                                     
   ------------------------------------------------------------------------------------------------------------------------------------------------------------------------------
   clk                        CLOCK-PORT    -                     -     launch     r               0                                                                           
   clk                        Clock net     2          (fanout=225)       1032                     -                                                                           
   RBB_7/CLK                  RBB_6L        7  [TILE 0 0, RBB 28 6]          -     r            1032                                                                           
   ------------------------------------------------------------------------------------------------------------------------------------------------------------------------------
   RBB_7/AQ                   RBB_6L        7  [TILE 0 0, RBB 28 6]        800     r            1832     {inst15: counter_FDRE_Q_1 (FD,site=aff)}                              
   counter[20]                Net          24            (fanout=1)       1135                     -                                                                           
   RBB_7/A1                   RBB_6L        7  [TILE 0 0, RBB 28 6]          -     r            2967     {inst6: LED_CARRY4_S (CARRY4)} {inst14: counter_FDRE_Q (FD,site=bff)} 
   ------------------------------------------------------------------------------------------------------------------------------------------------------------------------------
   RBB_7/CLK                  RBB_6L        7  [TILE 0 0, RBB 28 6]       1234     r            4201                                                                           
   clk                        Clock net     2          (fanout=225)       -976                     -                                                                           
   clk                        CLOCK-PORT    -                     -    capture     r            3225                                                                           
   ------------------------------------------------------------------------------------------------------------------------------------------------------------------------------


Path 30:
   Slack (not met):                         -1374ps
     Path type:                               SETUP
     Group:                              <UDEF_clk>
     Launching clock:                           clk (rising edge)
     Capturing clock:                           clk (rising edge)

     Requested period:                       2000ps
   + Delay of the capturing clock:            949ps
   - Clock uncertainty:                       150ps
   = Required time:                          2799ps
   - Propagation time:                       3174ps (64.3% logic, 35.7% route, logic stage 1)
   - Delay of the launching clock:            999ps
   = Slack:                                 -1374ps

   Instance/Pin or Net Name   Type         ID    Location or Fanout   Delay(ps)  Edge  Arrival Time(ps)    Instance detail                                                                        
   -------------------------------------------------------------------------------------------------------------------------------------------------------------------------------------------------
   clk                        CLOCK-PORT    -                     -     launch     r               0                                                                                              
   clk                        Clock net     2          (fanout=225)        999                     -                                                                                              
   RBB_3/CLK                  RBB_6L        3  [TILE 0 0, RBB 16 6]          -     r             999                                                                                              
   -------------------------------------------------------------------------------------------------------------------------------------------------------------------------------------------------
   RBB_3/AQ                   RBB_6L        3  [TILE 0 0, RBB 16 6]        800     r            1799     {inst23: counter_FDRE_Q_17 (FD,site=aff)}                                                
   counter[4]                 Net           8            (fanout=1)       1134                     -                                                                                              
   RBB_3/A1                   RBB_6L        3  [TILE 0 0, RBB 16 6]          -     r            2933     {inst10: LED_CARRY4_S_O_1_CARRY4_O_3 (CARRY4)} {inst21: counter_FDRE_Q_15 (FD,site=cff)} 
   -------------------------------------------------------------------------------------------------------------------------------------------------------------------------------------------------
   RBB_3/CLK                  RBB_6L        3  [TILE 0 0, RBB 16 6]       1240     r            4173                                                                                              
   clk                        Clock net     2          (fanout=225)       -949                     -                                                                                              
   clk                        CLOCK-PORT    -                     -    capture     r            3224                                                                                              
   -------------------------------------------------------------------------------------------------------------------------------------------------------------------------------------------------


Path 40:
   Slack (not met):                         -1368ps
     Path type:                               SETUP
     Group:                              <UDEF_clk>
     Launching clock:                           clk (rising edge)
     Capturing clock:                           clk (rising edge)

     Requested period:                       2000ps
   + Delay of the capturing clock:            949ps
   - Clock uncertainty:                       150ps
   = Required time:                          2799ps
   - Propagation time:                       3168ps (64.2% logic, 35.8% route, logic stage 1)
   - Delay of the launching clock:            999ps
   = Slack:                                 -1368ps

   Instance/Pin or Net Name   Type         ID    Location or Fanout   Delay(ps)  Edge  Arrival Time(ps)    Instance detail                                                                        
   -------------------------------------------------------------------------------------------------------------------------------------------------------------------------------------------------
   clk                        CLOCK-PORT    -                     -     launch     r               0                                                                                              
   clk                        Clock net     2          (fanout=225)        999                     -                                                                                              
   RBB_3/CLK                  RBB_6L        3  [TILE 0 0, RBB 16 6]          -     r             999                                                                                              
   -------------------------------------------------------------------------------------------------------------------------------------------------------------------------------------------------
   RBB_3/AQ                   RBB_6L        3  [TILE 0 0, RBB 16 6]        800     r            1799     {inst23: counter_FDRE_Q_17 (FD,site=aff)}                                                
   counter[4]                 Net           8            (fanout=1)       1134                     -                                                                                              
   RBB_3/A1                   RBB_6L        3  [TILE 0 0, RBB 16 6]          -     r            2933     {inst10: LED_CARRY4_S_O_1_CARRY4_O_3 (CARRY4)} {inst22: counter_FDRE_Q_16 (FD,site=bff)} 
   -------------------------------------------------------------------------------------------------------------------------------------------------------------------------------------------------
   RBB_3/CLK                  RBB_6L        3  [TILE 0 0, RBB 16 6]       1234     r            4167                                                                                              
   clk                        Clock net     2          (fanout=225)       -949                     -                                                                                              
   clk                        CLOCK-PORT    -                     -    capture     r            3218                                                                                              
   -------------------------------------------------------------------------------------------------------------------------------------------------------------------------------------------------


Path 22:
   Slack (not met):                         -1367ps
     Path type:                               SETUP
     Group:                              <UDEF_clk>
     Launching clock:                           clk (rising edge)
     Capturing clock:                           clk (rising edge)

     Requested period:                       2000ps
   + Delay of the capturing clock:            970ps
   - Clock uncertainty:                       150ps
   = Required time:                          2820ps
   - Propagation time:                       3163ps (64.8% logic, 35.2% route, logic stage 1)
   - Delay of the launching clock:           1024ps
   = Slack:                                 -1367ps

   Instance/Pin or Net Name   Type         ID    Location or Fanout   Delay(ps)  Edge  Arrival Time(ps)    Instance detail                                                                    
   ---------------------------------------------------------------------------------------------------------------------------------------------------------------------------------------------
   clk                        CLOCK-PORT    -                     -     launch     r               0                                                                                          
   clk                        Clock net     2          (fanout=225)       1024                     -                                                                                          
   RBB_6/CLK                  RBB_6L        6  [TILE 0 0, RBB 25 6]          -     r            1024                                                                                          
   ---------------------------------------------------------------------------------------------------------------------------------------------------------------------------------------------
   RBB_6/AQ                   RBB_6L        6  [TILE 0 0, RBB 25 6]        800     r            1824     {inst31: counter_FDRE_Q_5 (FD,site=aff)}                                             
   counter[16]                Net          20            (fanout=1)       1112                     -                                                                                          
   RBB_6/A1                   RBB_6L        6  [TILE 0 0, RBB 25 6]          -     r            2936     {inst7: LED_CARRY4_S_O_1_CARRY4_O (CARRY4)} {inst26: counter_FDRE_Q_2 (FD,site=dff)} 
   ---------------------------------------------------------------------------------------------------------------------------------------------------------------------------------------------
   RBB_6/CLK                  RBB_6L        6  [TILE 0 0, RBB 25 6]       1251     r            4187                                                                                          
   clk                        Clock net     2          (fanout=225)       -970                     -                                                                                          
   clk                        CLOCK-PORT    -                     -    capture     r            3217                                                                                          
   ---------------------------------------------------------------------------------------------------------------------------------------------------------------------------------------------


Path 32:
   Slack (not met):                         -1356ps
     Path type:                               SETUP
     Group:                              <UDEF_clk>
     Launching clock:                           clk (rising edge)
     Capturing clock:                           clk (rising edge)

     Requested period:                       2000ps
   + Delay of the capturing clock:            970ps
   - Clock uncertainty:                       150ps
   = Required time:                          2820ps
   - Propagation time:                       3152ps (64.7% logic, 35.3% route, logic stage 1)
   - Delay of the launching clock:           1024ps
   = Slack:                                 -1356ps

   Instance/Pin or Net Name   Type         ID    Location or Fanout   Delay(ps)  Edge  Arrival Time(ps)    Instance detail                                                                    
   ---------------------------------------------------------------------------------------------------------------------------------------------------------------------------------------------
   clk                        CLOCK-PORT    -                     -     launch     r               0                                                                                          
   clk                        Clock net     2          (fanout=225)       1024                     -                                                                                          
   RBB_6/CLK                  RBB_6L        6  [TILE 0 0, RBB 25 6]          -     r            1024                                                                                          
   ---------------------------------------------------------------------------------------------------------------------------------------------------------------------------------------------
   RBB_6/AQ                   RBB_6L        6  [TILE 0 0, RBB 25 6]        800     r            1824     {inst31: counter_FDRE_Q_5 (FD,site=aff)}                                             
   counter[16]                Net          20            (fanout=1)       1112                     -                                                                                          
   RBB_6/A1                   RBB_6L        6  [TILE 0 0, RBB 25 6]          -     r            2936     {inst7: LED_CARRY4_S_O_1_CARRY4_O (CARRY4)} {inst29: counter_FDRE_Q_3 (FD,site=cff)} 
   ---------------------------------------------------------------------------------------------------------------------------------------------------------------------------------------------
   RBB_6/CLK                  RBB_6L        6  [TILE 0 0, RBB 25 6]       1240     r            4176                                                                                          
   clk                        Clock net     2          (fanout=225)       -970                     -                                                                                          
   clk                        CLOCK-PORT    -                     -    capture     r            3206                                                                                          
   ---------------------------------------------------------------------------------------------------------------------------------------------------------------------------------------------


Path 39:
   Slack (not met):                         -1350ps
     Path type:                               SETUP
     Group:                              <UDEF_clk>
     Launching clock:                           clk (rising edge)
     Capturing clock:                           clk (rising edge)

     Requested period:                       2000ps
   + Delay of the capturing clock:            970ps
   - Clock uncertainty:                       150ps
   = Required time:                          2820ps
   - Propagation time:                       3146ps (64.7% logic, 35.3% route, logic stage 1)
   - Delay of the launching clock:           1024ps
   = Slack:                                 -1350ps

   Instance/Pin or Net Name   Type         ID    Location or Fanout   Delay(ps)  Edge  Arrival Time(ps)    Instance detail                                                                    
   ---------------------------------------------------------------------------------------------------------------------------------------------------------------------------------------------
   clk                        CLOCK-PORT    -                     -     launch     r               0                                                                                          
   clk                        Clock net     2          (fanout=225)       1024                     -                                                                                          
   RBB_6/CLK                  RBB_6L        6  [TILE 0 0, RBB 25 6]          -     r            1024                                                                                          
   ---------------------------------------------------------------------------------------------------------------------------------------------------------------------------------------------
   RBB_6/AQ                   RBB_6L        6  [TILE 0 0, RBB 25 6]        800     r            1824     {inst31: counter_FDRE_Q_5 (FD,site=aff)}                                             
   counter[16]                Net          20            (fanout=1)       1112                     -                                                                                          
   RBB_6/A1                   RBB_6L        6  [TILE 0 0, RBB 25 6]          -     r            2936     {inst7: LED_CARRY4_S_O_1_CARRY4_O (CARRY4)} {inst30: counter_FDRE_Q_4 (FD,site=bff)} 
   ---------------------------------------------------------------------------------------------------------------------------------------------------------------------------------------------
   RBB_6/CLK                  RBB_6L        6  [TILE 0 0, RBB 25 6]       1234     r            4170                                                                                          
   clk                        Clock net     2          (fanout=225)       -970                     -                                                                                          
   clk                        CLOCK-PORT    -                     -    capture     r            3200                                                                                          
   ---------------------------------------------------------------------------------------------------------------------------------------------------------------------------------------------


Path 65:
   Slack (not met):                         -1342ps
     Path type:                               SETUP
     Group:                              <UDEF_clk>
     Launching clock:                           clk (rising edge)
     Capturing clock:                           clk (rising edge)

     Requested period:                       2000ps
   + Delay of the capturing clock:            969ps
   - Clock uncertainty:                       150ps
   = Required time:                          2819ps
   - Propagation time:                       3138ps (57.6% logic, 42.4% route, logic stage 1)
   - Delay of the launching clock:           1023ps
   = Slack:                                 -1342ps

   Instance/Pin or Net Name   Type         ID    Location or Fanout   Delay(ps)  Edge  Arrival Time(ps)    Instance detail                                                                      
   -----------------------------------------------------------------------------------------------------------------------------------------------------------------------------------------------
   clk                        CLOCK-PORT    -                     -     launch     r               0                                                                                            
   clk                        Clock net     2          (fanout=225)       1023                     -                                                                                            
   RBB_5/CLK                  RBB_6L        5  [TILE 0 0, RBB 22 6]          -     r            1023                                                                                            
   -----------------------------------------------------------------------------------------------------------------------------------------------------------------------------------------------
   RBB_5/CQ                   RBB_6L        5  [TILE 0 0, RBB 22 6]        800     r            1823     {inst33: counter_FDRE_Q_7 (FD,site=cff)}                                               
   counter[14]                Net          18            (fanout=1)       1330                     -                                                                                            
   RBB_5/C1                   RBB_6L        5  [TILE 0 0, RBB 22 6]          -     r            3153     {inst8: LED_CARRY4_S_O_1_CARRY4_O_1 (CARRY4)} {inst33: counter_FDRE_Q_7 (FD,site=cff)} 
   -----------------------------------------------------------------------------------------------------------------------------------------------------------------------------------------------
   RBB_5/CLK                  RBB_6L        5  [TILE 0 0, RBB 22 6]       1008     r            4161                                                                                            
   clk                        Clock net     2          (fanout=225)       -969                     -                                                                                            
   clk                        CLOCK-PORT    -                     -    capture     r            3192                                                                                            
   -----------------------------------------------------------------------------------------------------------------------------------------------------------------------------------------------


Path 21:
   Slack (not met):                         -1332ps
     Path type:                               SETUP
     Group:                              <UDEF_clk>
     Launching clock:                           clk (rising edge)
     Capturing clock:                           clk (rising edge)

     Requested period:                       2000ps
   + Delay of the capturing clock:            951ps
   - Clock uncertainty:                       150ps
   = Required time:                          2801ps
   - Propagation time:                       3132ps (65.5% logic, 34.5% route, logic stage 1)
   - Delay of the launching clock:           1001ps
   = Slack:                                 -1332ps

   Instance/Pin or Net Name   Type         ID    Location or Fanout   Delay(ps)  Edge  Arrival Time(ps)    Instance detail                                                                        
   -------------------------------------------------------------------------------------------------------------------------------------------------------------------------------------------------
   clk                        CLOCK-PORT    -                     -     launch     r               0                                                                                              
   clk                        Clock net     2          (fanout=225)       1001                     -                                                                                              
   RBB_2/CLK                  RBB_6L        2  [TILE 0 0, RBB 13 6]          -     r            1001                                                                                              
   -------------------------------------------------------------------------------------------------------------------------------------------------------------------------------------------------
   RBB_2/AQ                   RBB_6L        2  [TILE 0 0, RBB 13 6]        800     r            1801     {inst28: counter_FDRE_Q_21 (FD,site=aff)}                                                
   counter[0]                 Net           4            (fanout=1)       1081                     -                                                                                              
   RBB_2/A1                   RBB_6L        2  [TILE 0 0, RBB 13 6]          -     r            2882     {inst11: LED_CARRY4_S_O_1_CARRY4_O_4 (CARRY4)} {inst24: counter_FDRE_Q_18 (FD,site=dff)} 
   -------------------------------------------------------------------------------------------------------------------------------------------------------------------------------------------------
   RBB_2/CLK                  RBB_6L        2  [TILE 0 0, RBB 13 6]       1251     r            4133                                                                                              
   clk                        Clock net     2          (fanout=225)       -951                     -                                                                                              
   clk                        CLOCK-PORT    -                     -    capture     r            3182                                                                                              
   -------------------------------------------------------------------------------------------------------------------------------------------------------------------------------------------------


Path 26:
   Slack (not met):                         -1331ps
     Path type:                               SETUP
     Group:                              <UDEF_clk>
     Launching clock:                           clk (rising edge)
     Capturing clock:                           clk (rising edge)

     Requested period:                       2000ps
   + Delay of the capturing clock:            949ps
   - Clock uncertainty:                       150ps
   = Required time:                          2799ps
   - Propagation time:                       3131ps (65.3% logic, 34.7% route, logic stage 1)
   - Delay of the launching clock:            999ps
   = Slack:                                 -1331ps

   Instance/Pin or Net Name   Type         ID    Location or Fanout   Delay(ps)  Edge  Arrival Time(ps)    Instance detail                                                                        
   -------------------------------------------------------------------------------------------------------------------------------------------------------------------------------------------------
   clk                        CLOCK-PORT    -                     -     launch     r               0                                                                                              
   clk                        Clock net     2          (fanout=225)        999                     -                                                                                              
   RBB_3/CLK                  RBB_6L        3  [TILE 0 0, RBB 16 6]          -     r             999                                                                                              
   -------------------------------------------------------------------------------------------------------------------------------------------------------------------------------------------------
   RBB_3/CQ                   RBB_6L        3  [TILE 0 0, RBB 16 6]        800     r            1799     {inst21: counter_FDRE_Q_15 (FD,site=cff)}                                                
   counter[6]                 Net          10            (fanout=1)       1088                     -                                                                                              
   RBB_3/C1                   RBB_6L        3  [TILE 0 0, RBB 16 6]          -     r            2887     {inst10: LED_CARRY4_S_O_1_CARRY4_O_3 (CARRY4)} {inst20: counter_FDRE_Q_14 (FD,site=dff)} 
   -------------------------------------------------------------------------------------------------------------------------------------------------------------------------------------------------
   RBB_3/CLK                  RBB_6L        3  [TILE 0 0, RBB 16 6]       1243     r            4130                                                                                              
   clk                        Clock net     2          (fanout=225)       -949                     -                                                                                              
   clk                        CLOCK-PORT    -                     -    capture     r            3181                                                                                              
   -------------------------------------------------------------------------------------------------------------------------------------------------------------------------------------------------


Path 34:
   Slack (not met):                         -1321ps
     Path type:                               SETUP
     Group:                              <UDEF_clk>
     Launching clock:                           clk (rising edge)
     Capturing clock:                           clk (rising edge)

     Requested period:                       2000ps
   + Delay of the capturing clock:            951ps
   - Clock uncertainty:                       150ps
   = Required time:                          2801ps
   - Propagation time:                       3121ps (65.4% logic, 34.6% route, logic stage 1)
   - Delay of the launching clock:           1001ps
   = Slack:                                 -1321ps

   Instance/Pin or Net Name   Type         ID    Location or Fanout   Delay(ps)  Edge  Arrival Time(ps)    Instance detail                                                                        
   -------------------------------------------------------------------------------------------------------------------------------------------------------------------------------------------------
   clk                        CLOCK-PORT    -                     -     launch     r               0                                                                                              
   clk                        Clock net     2          (fanout=225)       1001                     -                                                                                              
   RBB_2/CLK                  RBB_6L        2  [TILE 0 0, RBB 13 6]          -     r            1001                                                                                              
   -------------------------------------------------------------------------------------------------------------------------------------------------------------------------------------------------
   RBB_2/AQ                   RBB_6L        2  [TILE 0 0, RBB 13 6]        800     r            1801     {inst28: counter_FDRE_Q_21 (FD,site=aff)}                                                
   counter[0]                 Net           4            (fanout=1)       1081                     -                                                                                              
   RBB_2/A1                   RBB_6L        2  [TILE 0 0, RBB 13 6]          -     r            2882     {inst11: LED_CARRY4_S_O_1_CARRY4_O_4 (CARRY4)} {inst25: counter_FDRE_Q_19 (FD,site=cff)} 
   -------------------------------------------------------------------------------------------------------------------------------------------------------------------------------------------------
   RBB_2/CLK                  RBB_6L        2  [TILE 0 0, RBB 13 6]       1240     r            4122                                                                                              
   clk                        Clock net     2          (fanout=225)       -951                     -                                                                                              
   clk                        CLOCK-PORT    -                     -    capture     r            3171                                                                                              
   -------------------------------------------------------------------------------------------------------------------------------------------------------------------------------------------------


Path 38:
   Slack (not met):                         -1315ps
     Path type:                               SETUP
     Group:                              <UDEF_clk>
     Launching clock:                           clk (rising edge)
     Capturing clock:                           clk (rising edge)

     Requested period:                       2000ps
   + Delay of the capturing clock:            951ps
   - Clock uncertainty:                       150ps
   = Required time:                          2801ps
   - Propagation time:                       3115ps (65.3% logic, 34.7% route, logic stage 1)
   - Delay of the launching clock:           1001ps
   = Slack:                                 -1315ps

   Instance/Pin or Net Name   Type         ID    Location or Fanout   Delay(ps)  Edge  Arrival Time(ps)    Instance detail                                                                        
   -------------------------------------------------------------------------------------------------------------------------------------------------------------------------------------------------
   clk                        CLOCK-PORT    -                     -     launch     r               0                                                                                              
   clk                        Clock net     2          (fanout=225)       1001                     -                                                                                              
   RBB_2/CLK                  RBB_6L        2  [TILE 0 0, RBB 13 6]          -     r            1001                                                                                              
   -------------------------------------------------------------------------------------------------------------------------------------------------------------------------------------------------
   RBB_2/AQ                   RBB_6L        2  [TILE 0 0, RBB 13 6]        800     r            1801     {inst28: counter_FDRE_Q_21 (FD,site=aff)}                                                
   counter[0]                 Net           4            (fanout=1)       1081                     -                                                                                              
   RBB_2/A1                   RBB_6L        2  [TILE 0 0, RBB 13 6]          -     r            2882     {inst11: LED_CARRY4_S_O_1_CARRY4_O_4 (CARRY4)} {inst27: counter_FDRE_Q_20 (FD,site=bff)} 
   -------------------------------------------------------------------------------------------------------------------------------------------------------------------------------------------------
   RBB_2/CLK                  RBB_6L        2  [TILE 0 0, RBB 13 6]       1234     r            4116                                                                                              
   clk                        Clock net     2          (fanout=225)       -951                     -                                                                                              
   clk                        CLOCK-PORT    -                     -    capture     r            3165                                                                                              
   -------------------------------------------------------------------------------------------------------------------------------------------------------------------------------------------------


Path 42:
   Slack (not met):                         -1268ps
     Path type:                               SETUP
     Group:                              <UDEF_clk>
     Launching clock:                           clk (rising edge)
     Capturing clock:                           clk (rising edge)

     Requested period:                       2000ps
   + Delay of the capturing clock:            970ps
   - Clock uncertainty:                       150ps
   = Required time:                          2820ps
   - Propagation time:                       3064ps (62.6% logic, 37.4% route, logic stage 1)
   - Delay of the launching clock:           1024ps
   = Slack:                                 -1268ps

   Instance/Pin or Net Name   Type         ID    Location or Fanout   Delay(ps)  Edge  Arrival Time(ps)    Instance detail                                                                    
   ---------------------------------------------------------------------------------------------------------------------------------------------------------------------------------------------
   clk                        CLOCK-PORT    -                     -     launch     r               0                                                                                          
   clk                        Clock net     2          (fanout=225)       1024                     -                                                                                          
   RBB_6/CLK                  RBB_6L        6  [TILE 0 0, RBB 25 6]          -     r            1024                                                                                          
   ---------------------------------------------------------------------------------------------------------------------------------------------------------------------------------------------
   RBB_6/BQ                   RBB_6L        6  [TILE 0 0, RBB 25 6]        800     r            1824     {inst30: counter_FDRE_Q_4 (FD,site=bff)}                                             
   counter[17]                Net          21            (fanout=1)       1146                     -                                                                                          
   RBB_6/B1                   RBB_6L        6  [TILE 0 0, RBB 25 6]          -     r            2970     {inst7: LED_CARRY4_S_O_1_CARRY4_O (CARRY4)} {inst26: counter_FDRE_Q_2 (FD,site=dff)} 
   ---------------------------------------------------------------------------------------------------------------------------------------------------------------------------------------------
   RBB_6/CLK                  RBB_6L        6  [TILE 0 0, RBB 25 6]       1118     r            4088                                                                                          
   clk                        Clock net     2          (fanout=225)       -970                     -                                                                                          
   clk                        CLOCK-PORT    -                     -    capture     r            3118                                                                                          
   ---------------------------------------------------------------------------------------------------------------------------------------------------------------------------------------------


Path 43:
   Slack (not met):                         -1257ps
     Path type:                               SETUP
     Group:                              <UDEF_clk>
     Launching clock:                           clk (rising edge)
     Capturing clock:                           clk (rising edge)

     Requested period:                       2000ps
   + Delay of the capturing clock:            951ps
   - Clock uncertainty:                       150ps
   = Required time:                          2801ps
   - Propagation time:                       3057ps (62.7% logic, 37.3% route, logic stage 1)
   - Delay of the launching clock:           1001ps
   = Slack:                                 -1257ps

   Instance/Pin or Net Name   Type         ID    Location or Fanout   Delay(ps)  Edge  Arrival Time(ps)    Instance detail                                                                        
   -------------------------------------------------------------------------------------------------------------------------------------------------------------------------------------------------
   clk                        CLOCK-PORT    -                     -     launch     r               0                                                                                              
   clk                        Clock net     2          (fanout=225)       1001                     -                                                                                              
   RBB_2/CLK                  RBB_6L        2  [TILE 0 0, RBB 13 6]          -     r            1001                                                                                              
   -------------------------------------------------------------------------------------------------------------------------------------------------------------------------------------------------
   RBB_2/BQ                   RBB_6L        2  [TILE 0 0, RBB 13 6]        800     r            1801     {inst27: counter_FDRE_Q_20 (FD,site=bff)}                                                
   counter[1]                 Net           5            (fanout=1)       1139                     -                                                                                              
   RBB_2/B1                   RBB_6L        2  [TILE 0 0, RBB 13 6]          -     r            2940     {inst11: LED_CARRY4_S_O_1_CARRY4_O_4 (CARRY4)} {inst24: counter_FDRE_Q_18 (FD,site=dff)} 
   -------------------------------------------------------------------------------------------------------------------------------------------------------------------------------------------------
   RBB_2/CLK                  RBB_6L        2  [TILE 0 0, RBB 13 6]       1118     r            4058                                                                                              
   clk                        Clock net     2          (fanout=225)       -951                     -                                                                                              
   clk                        CLOCK-PORT    -                     -    capture     r            3107                                                                                              
   -------------------------------------------------------------------------------------------------------------------------------------------------------------------------------------------------


Path 49:
   Slack (not met):                         -1241ps
     Path type:                               SETUP
     Group:                              <UDEF_clk>
     Launching clock:                           clk (rising edge)
     Capturing clock:                           clk (rising edge)

     Requested period:                       2000ps
   + Delay of the capturing clock:            969ps
   - Clock uncertainty:                       150ps
   = Required time:                          2819ps
   - Propagation time:                       3037ps (62.5% logic, 37.5% route, logic stage 1)
   - Delay of the launching clock:           1023ps
   = Slack:                                 -1241ps

   Instance/Pin or Net Name   Type         ID    Location or Fanout   Delay(ps)  Edge  Arrival Time(ps)    Instance detail                                                                      
   -----------------------------------------------------------------------------------------------------------------------------------------------------------------------------------------------
   clk                        CLOCK-PORT    -                     -     launch     r               0                                                                                            
   clk                        Clock net     2          (fanout=225)       1023                     -                                                                                            
   RBB_5/CLK                  RBB_6L        5  [TILE 0 0, RBB 22 6]          -     r            1023                                                                                            
   -----------------------------------------------------------------------------------------------------------------------------------------------------------------------------------------------
   RBB_5/AQ                   RBB_6L        5  [TILE 0 0, RBB 22 6]        800     r            1823     {inst35: counter_FDRE_Q_9 (FD,site=aff)}                                               
   counter[12]                Net          16            (fanout=1)       1139                     -                                                                                            
   RBB_5/A1                   RBB_6L        5  [TILE 0 0, RBB 22 6]          -     r            2962     {inst8: LED_CARRY4_S_O_1_CARRY4_O_1 (CARRY4)} {inst35: counter_FDRE_Q_9 (FD,site=aff)} 
   -----------------------------------------------------------------------------------------------------------------------------------------------------------------------------------------------
   RBB_5/CLK                  RBB_6L        5  [TILE 0 0, RBB 22 6]       1098     r            4060                                                                                            
   clk                        Clock net     2          (fanout=225)       -969                     -                                                                                            
   clk                        CLOCK-PORT    -                     -    capture     r            3091                                                                                            
   -----------------------------------------------------------------------------------------------------------------------------------------------------------------------------------------------


Path 47:
   Slack (not met):                         -1239ps
     Path type:                               SETUP
     Group:                              <UDEF_clk>
     Launching clock:                           clk (rising edge)
     Capturing clock:                           clk (rising edge)

     Requested period:                       2000ps
   + Delay of the capturing clock:            976ps
   - Clock uncertainty:                       150ps
   = Required time:                          2826ps
   - Propagation time:                       3033ps (62.6% logic, 37.4% route, logic stage 1)
   - Delay of the launching clock:           1032ps
   = Slack:                                 -1239ps

   Instance/Pin or Net Name   Type         ID    Location or Fanout   Delay(ps)  Edge  Arrival Time(ps)    Instance detail                                                       
   --------------------------------------------------------------------------------------------------------------------------------------------------------------------------------
   clk                        CLOCK-PORT    -                     -     launch     r               0                                                                             
   clk                        Clock net     2          (fanout=225)       1032                     -                                                                             
   RBB_7/CLK                  RBB_6L        7  [TILE 0 0, RBB 28 6]          -     r            1032                                                                             
   --------------------------------------------------------------------------------------------------------------------------------------------------------------------------------
   RBB_7/AQ                   RBB_6L        7  [TILE 0 0, RBB 28 6]        800     r            1832     {inst15: counter_FDRE_Q_1 (FD,site=aff)}                                
   counter[20]                Net          24            (fanout=1)       1135                     -                                                                             
   RBB_7/A1                   RBB_6L        7  [TILE 0 0, RBB 28 6]          -     r            2967     {inst6: LED_CARRY4_S (CARRY4)} {inst15: counter_FDRE_Q_1 (FD,site=aff)} 
   --------------------------------------------------------------------------------------------------------------------------------------------------------------------------------
   RBB_7/CLK                  RBB_6L        7  [TILE 0 0, RBB 28 6]       1098     r            4065                                                                             
   clk                        Clock net     2          (fanout=225)       -976                     -                                                                             
   clk                        CLOCK-PORT    -                     -    capture     r            3089                                                                             
   --------------------------------------------------------------------------------------------------------------------------------------------------------------------------------


Path 50:
   Slack (not met):                         -1232ps
     Path type:                               SETUP
     Group:                              <UDEF_clk>
     Launching clock:                           clk (rising edge)
     Capturing clock:                           clk (rising edge)

     Requested period:                       2000ps
   + Delay of the capturing clock:            949ps
   - Clock uncertainty:                       150ps
   = Required time:                          2799ps
   - Propagation time:                       3032ps (62.6% logic, 37.4% route, logic stage 1)
   - Delay of the launching clock:            999ps
   = Slack:                                 -1232ps

   Instance/Pin or Net Name   Type         ID    Location or Fanout   Delay(ps)  Edge  Arrival Time(ps)    Instance detail                                                                        
   -------------------------------------------------------------------------------------------------------------------------------------------------------------------------------------------------
   clk                        CLOCK-PORT    -                     -     launch     r               0                                                                                              
   clk                        Clock net     2          (fanout=225)        999                     -                                                                                              
   RBB_3/CLK                  RBB_6L        3  [TILE 0 0, RBB 16 6]          -     r             999                                                                                              
   -------------------------------------------------------------------------------------------------------------------------------------------------------------------------------------------------
   RBB_3/AQ                   RBB_6L        3  [TILE 0 0, RBB 16 6]        800     r            1799     {inst23: counter_FDRE_Q_17 (FD,site=aff)}                                                
   counter[4]                 Net           8            (fanout=1)       1134                     -                                                                                              
   RBB_3/A1                   RBB_6L        3  [TILE 0 0, RBB 16 6]          -     r            2933     {inst10: LED_CARRY4_S_O_1_CARRY4_O_3 (CARRY4)} {inst23: counter_FDRE_Q_17 (FD,site=aff)} 
   -------------------------------------------------------------------------------------------------------------------------------------------------------------------------------------------------
   RBB_3/CLK                  RBB_6L        3  [TILE 0 0, RBB 16 6]       1098     r            4031                                                                                              
   clk                        Clock net     2          (fanout=225)       -949                     -                                                                                              
   clk                        CLOCK-PORT    -                     -    capture     r            3082                                                                                              
   -------------------------------------------------------------------------------------------------------------------------------------------------------------------------------------------------


Path 57:
   Slack (not met):                         -1226ps
     Path type:                               SETUP
     Group:                              <UDEF_clk>
     Launching clock:                           clk (rising edge)
     Capturing clock:                           clk (rising edge)

     Requested period:                       2000ps
   + Delay of the capturing clock:            970ps
   - Clock uncertainty:                       150ps
   = Required time:                          2820ps
   - Propagation time:                       3022ps (62.1% logic, 37.9% route, logic stage 1)
   - Delay of the launching clock:           1024ps
   = Slack:                                 -1226ps

   Instance/Pin or Net Name   Type         ID    Location or Fanout   Delay(ps)  Edge  Arrival Time(ps)    Instance detail                                                                    
   ---------------------------------------------------------------------------------------------------------------------------------------------------------------------------------------------
   clk                        CLOCK-PORT    -                     -     launch     r               0                                                                                          
   clk                        Clock net     2          (fanout=225)       1024                     -                                                                                          
   RBB_6/CLK                  RBB_6L        6  [TILE 0 0, RBB 25 6]          -     r            1024                                                                                          
   ---------------------------------------------------------------------------------------------------------------------------------------------------------------------------------------------
   RBB_6/BQ                   RBB_6L        6  [TILE 0 0, RBB 25 6]        800     r            1824     {inst30: counter_FDRE_Q_4 (FD,site=bff)}                                             
   counter[17]                Net          21            (fanout=1)       1146                     -                                                                                          
   RBB_6/B1                   RBB_6L        6  [TILE 0 0, RBB 25 6]          -     r            2970     {inst7: LED_CARRY4_S_O_1_CARRY4_O (CARRY4)} {inst29: counter_FDRE_Q_3 (FD,site=cff)} 
   ---------------------------------------------------------------------------------------------------------------------------------------------------------------------------------------------
   RBB_6/CLK                  RBB_6L        6  [TILE 0 0, RBB 25 6]       1076     r            4046                                                                                          
   clk                        Clock net     2          (fanout=225)       -970                     -                                                                                          
   clk                        CLOCK-PORT    -                     -    capture     r            3076                                                                                          
   ---------------------------------------------------------------------------------------------------------------------------------------------------------------------------------------------


Path 54:
   Slack (not met):                         -1215ps
     Path type:                               SETUP
     Group:                              <UDEF_clk>
     Launching clock:                           clk (rising edge)
     Capturing clock:                           clk (rising edge)

     Requested period:                       2000ps
   + Delay of the capturing clock:            951ps
   - Clock uncertainty:                       150ps
   = Required time:                          2801ps
   - Propagation time:                       3015ps (62.2% logic, 37.8% route, logic stage 1)
   - Delay of the launching clock:           1001ps
   = Slack:                                 -1215ps

   Instance/Pin or Net Name   Type         ID    Location or Fanout   Delay(ps)  Edge  Arrival Time(ps)    Instance detail                                                                        
   -------------------------------------------------------------------------------------------------------------------------------------------------------------------------------------------------
   clk                        CLOCK-PORT    -                     -     launch     r               0                                                                                              
   clk                        Clock net     2          (fanout=225)       1001                     -                                                                                              
   RBB_2/CLK                  RBB_6L        2  [TILE 0 0, RBB 13 6]          -     r            1001                                                                                              
   -------------------------------------------------------------------------------------------------------------------------------------------------------------------------------------------------
   RBB_2/BQ                   RBB_6L        2  [TILE 0 0, RBB 13 6]        800     r            1801     {inst27: counter_FDRE_Q_20 (FD,site=bff)}                                                
   counter[1]                 Net           5            (fanout=1)       1139                     -                                                                                              
   RBB_2/B1                   RBB_6L        2  [TILE 0 0, RBB 13 6]          -     r            2940     {inst11: LED_CARRY4_S_O_1_CARRY4_O_4 (CARRY4)} {inst25: counter_FDRE_Q_19 (FD,site=cff)} 
   -------------------------------------------------------------------------------------------------------------------------------------------------------------------------------------------------
   RBB_2/CLK                  RBB_6L        2  [TILE 0 0, RBB 13 6]       1076     r            4016                                                                                              
   clk                        Clock net     2          (fanout=225)       -951                     -                                                                                              
   clk                        CLOCK-PORT    -                     -    capture     r            3065                                                                                              
   -------------------------------------------------------------------------------------------------------------------------------------------------------------------------------------------------


Path 48:
   Slack (not met):                         -1214ps
     Path type:                               SETUP
     Group:                              <UDEF_clk>
     Launching clock:                           clk (rising edge)
     Capturing clock:                           clk (rising edge)

     Requested period:                       2000ps
   + Delay of the capturing clock:            970ps
   - Clock uncertainty:                       150ps
   = Required time:                          2820ps
   - Propagation time:                       3010ps (63.1% logic, 36.9% route, logic stage 1)
   - Delay of the launching clock:           1024ps
   = Slack:                                 -1214ps

   Instance/Pin or Net Name   Type         ID    Location or Fanout   Delay(ps)  Edge  Arrival Time(ps)    Instance detail                                                                    
   ---------------------------------------------------------------------------------------------------------------------------------------------------------------------------------------------
   clk                        CLOCK-PORT    -                     -     launch     r               0                                                                                          
   clk                        Clock net     2          (fanout=225)       1024                     -                                                                                          
   RBB_6/CLK                  RBB_6L        6  [TILE 0 0, RBB 25 6]          -     r            1024                                                                                          
   ---------------------------------------------------------------------------------------------------------------------------------------------------------------------------------------------
   RBB_6/AQ                   RBB_6L        6  [TILE 0 0, RBB 25 6]        800     r            1824     {inst31: counter_FDRE_Q_5 (FD,site=aff)}                                             
   counter[16]                Net          20            (fanout=1)       1112                     -                                                                                          
   RBB_6/A1                   RBB_6L        6  [TILE 0 0, RBB 25 6]          -     r            2936     {inst7: LED_CARRY4_S_O_1_CARRY4_O (CARRY4)} {inst31: counter_FDRE_Q_5 (FD,site=aff)} 
   ---------------------------------------------------------------------------------------------------------------------------------------------------------------------------------------------
   RBB_6/CLK                  RBB_6L        6  [TILE 0 0, RBB 25 6]       1098     r            4034                                                                                          
   clk                        Clock net     2          (fanout=225)       -970                     -                                                                                          
   clk                        CLOCK-PORT    -                     -    capture     r            3064                                                                                          
   ---------------------------------------------------------------------------------------------------------------------------------------------------------------------------------------------


Path 28:
   Slack (not met):                         -1193ps
     Path type:                               SETUP
     Group:                              <UDEF_clk>
     Launching clock:                           clk (rising edge)
     Capturing clock:                           clk (rising edge)

     Requested period:                       2000ps
   + Delay of the capturing clock:            970ps
   - Clock uncertainty:                       150ps
   = Required time:                          2820ps
   - Propagation time:                       2989ps (68.4% logic, 31.6% route, logic stage 1)
   - Delay of the launching clock:           1024ps
   = Slack:                                 -1193ps

   Instance/Pin or Net Name   Type         ID    Location or Fanout   Delay(ps)  Edge  Arrival Time(ps)    Instance detail                                                                    
   ---------------------------------------------------------------------------------------------------------------------------------------------------------------------------------------------
   clk                        CLOCK-PORT    -                     -     launch     r               0                                                                                          
   clk                        Clock net     2          (fanout=225)       1024                     -                                                                                          
   RBB_6/CLK                  RBB_6L        6  [TILE 0 0, RBB 25 6]          -     r            1024                                                                                          
   ---------------------------------------------------------------------------------------------------------------------------------------------------------------------------------------------
   RBB_6/CQ                   RBB_6L        6  [TILE 0 0, RBB 25 6]        800     r            1824     {inst29: counter_FDRE_Q_3 (FD,site=cff)}                                             
   counter[18]                Net          22            (fanout=1)        946                     -                                                                                          
   RBB_6/C1                   RBB_6L        6  [TILE 0 0, RBB 25 6]          -     r            2770     {inst7: LED_CARRY4_S_O_1_CARRY4_O (CARRY4)} {inst26: counter_FDRE_Q_2 (FD,site=dff)} 
   ---------------------------------------------------------------------------------------------------------------------------------------------------------------------------------------------
   RBB_6/CLK                  RBB_6L        6  [TILE 0 0, RBB 25 6]       1243     r            4013                                                                                          
   clk                        Clock net     2          (fanout=225)       -970                     -                                                                                          
   clk                        CLOCK-PORT    -                     -    capture     r            3043                                                                                          
   ---------------------------------------------------------------------------------------------------------------------------------------------------------------------------------------------


Path 27:
   Slack (not met):                         -1189ps
     Path type:                               SETUP
     Group:                              <UDEF_clk>
     Launching clock:                           clk (rising edge)
     Capturing clock:                           clk (rising edge)

     Requested period:                       2000ps
   + Delay of the capturing clock:            951ps
   - Clock uncertainty:                       150ps
   = Required time:                          2801ps
   - Propagation time:                       2989ps (68.4% logic, 31.6% route, logic stage 1)
   - Delay of the launching clock:           1001ps
   = Slack:                                 -1189ps

   Instance/Pin or Net Name   Type         ID    Location or Fanout   Delay(ps)  Edge  Arrival Time(ps)    Instance detail                                                                        
   -------------------------------------------------------------------------------------------------------------------------------------------------------------------------------------------------
   clk                        CLOCK-PORT    -                     -     launch     r               0                                                                                              
   clk                        Clock net     2          (fanout=225)       1001                     -                                                                                              
   RBB_2/CLK                  RBB_6L        2  [TILE 0 0, RBB 13 6]          -     r            1001                                                                                              
   -------------------------------------------------------------------------------------------------------------------------------------------------------------------------------------------------
   RBB_2/CQ                   RBB_6L        2  [TILE 0 0, RBB 13 6]        800     r            1801     {inst25: counter_FDRE_Q_19 (FD,site=cff)}                                                
   counter[2]                 Net           6            (fanout=1)        946                     -                                                                                              
   RBB_2/C1                   RBB_6L        2  [TILE 0 0, RBB 13 6]          -     r            2747     {inst11: LED_CARRY4_S_O_1_CARRY4_O_4 (CARRY4)} {inst24: counter_FDRE_Q_18 (FD,site=dff)} 
   -------------------------------------------------------------------------------------------------------------------------------------------------------------------------------------------------
   RBB_2/CLK                  RBB_6L        2  [TILE 0 0, RBB 13 6]       1243     r            3990                                                                                              
   clk                        Clock net     2          (fanout=225)       -951                     -                                                                                              
   clk                        CLOCK-PORT    -                     -    capture     r            3039                                                                                              
   -------------------------------------------------------------------------------------------------------------------------------------------------------------------------------------------------


Path 25:
   Slack (not met):                         -1189ps
     Path type:                               SETUP
     Group:                              <UDEF_clk>
     Launching clock:                           clk (rising edge)
     Capturing clock:                           clk (rising edge)

     Requested period:                       2000ps
   + Delay of the capturing clock:            954ps
   - Clock uncertainty:                       150ps
   = Required time:                          2804ps
   - Propagation time:                       2990ps (68.3% logic, 31.7% route, logic stage 1)
   - Delay of the launching clock:           1003ps
   = Slack:                                 -1189ps

   Instance/Pin or Net Name   Type         ID    Location or Fanout   Delay(ps)  Edge  Arrival Time(ps)    Instance detail                                                                       
   ------------------------------------------------------------------------------------------------------------------------------------------------------------------------------------------------
   clk                        CLOCK-PORT    -                     -     launch     r               0                                                                                             
   clk                        Clock net     2          (fanout=225)       1003                     -                                                                                             
   RBB_4/CLK                  RBB_6L        4  [TILE 0 0, RBB 19 6]          -     r            1003                                                                                             
   ------------------------------------------------------------------------------------------------------------------------------------------------------------------------------------------------
   RBB_4/CQ                   RBB_6L        4  [TILE 0 0, RBB 19 6]        800     r            1803     {inst17: counter_FDRE_Q_11 (FD,site=cff)}                                               
   counter[10]                Net          14            (fanout=1)        947                     -                                                                                             
   RBB_4/C1                   RBB_6L        4  [TILE 0 0, RBB 19 6]          -     r            2750     {inst9: LED_CARRY4_S_O_1_CARRY4_O_2 (CARRY4)} {inst16: counter_FDRE_Q_10 (FD,site=dff)} 
   ------------------------------------------------------------------------------------------------------------------------------------------------------------------------------------------------
   RBB_4/CLK                  RBB_6L        4  [TILE 0 0, RBB 19 6]       1243     r            3993                                                                                             
   clk                        Clock net     2          (fanout=225)       -954                     -                                                                                             
   clk                        CLOCK-PORT    -                     -    capture     r            3039                                                                                             
   ------------------------------------------------------------------------------------------------------------------------------------------------------------------------------------------------


Path 44:
   Slack (not met):                         -1178ps
     Path type:                               SETUP
     Group:                              <UDEF_clk>
     Launching clock:                           clk (rising edge)
     Capturing clock:                           clk (rising edge)

     Requested period:                       2000ps
   + Delay of the capturing clock:            969ps
   - Clock uncertainty:                       150ps
   = Required time:                          2819ps
   - Propagation time:                       2974ps (64.5% logic, 35.5% route, logic stage 1)
   - Delay of the launching clock:           1023ps
   = Slack:                                 -1178ps

   Instance/Pin or Net Name   Type         ID    Location or Fanout   Delay(ps)  Edge  Arrival Time(ps)    Instance detail                                                                      
   -----------------------------------------------------------------------------------------------------------------------------------------------------------------------------------------------
   clk                        CLOCK-PORT    -                     -     launch     r               0                                                                                            
   clk                        Clock net     2          (fanout=225)       1023                     -                                                                                            
   RBB_5/CLK                  RBB_6L        5  [TILE 0 0, RBB 22 6]          -     r            1023                                                                                            
   -----------------------------------------------------------------------------------------------------------------------------------------------------------------------------------------------
   RBB_5/BQ                   RBB_6L        5  [TILE 0 0, RBB 22 6]        800     r            1823     {inst34: counter_FDRE_Q_8 (FD,site=bff)}                                               
   counter[13]                Net          17            (fanout=1)       1056                     -                                                                                            
   RBB_5/B1                   RBB_6L        5  [TILE 0 0, RBB 22 6]          -     r            2879     {inst8: LED_CARRY4_S_O_1_CARRY4_O_1 (CARRY4)} {inst32: counter_FDRE_Q_6 (FD,site=dff)} 
   -----------------------------------------------------------------------------------------------------------------------------------------------------------------------------------------------
   RBB_5/CLK                  RBB_6L        5  [TILE 0 0, RBB 22 6]       1118     r            3997                                                                                            
   clk                        Clock net     2          (fanout=225)       -969                     -                                                                                            
   clk                        CLOCK-PORT    -                     -    capture     r            3028                                                                                            
   -----------------------------------------------------------------------------------------------------------------------------------------------------------------------------------------------


Path 45:
   Slack (not met):                         -1169ps
     Path type:                               SETUP
     Group:                              <UDEF_clk>
     Launching clock:                           clk (rising edge)
     Capturing clock:                           clk (rising edge)

     Requested period:                       2000ps
   + Delay of the capturing clock:            949ps
   - Clock uncertainty:                       150ps
   = Required time:                          2799ps
   - Propagation time:                       2969ps (64.6% logic, 35.4% route, logic stage 1)
   - Delay of the launching clock:            999ps
   = Slack:                                 -1169ps

   Instance/Pin or Net Name   Type         ID    Location or Fanout   Delay(ps)  Edge  Arrival Time(ps)    Instance detail                                                                        
   -------------------------------------------------------------------------------------------------------------------------------------------------------------------------------------------------
   clk                        CLOCK-PORT    -                     -     launch     r               0                                                                                              
   clk                        Clock net     2          (fanout=225)        999                     -                                                                                              
   RBB_3/CLK                  RBB_6L        3  [TILE 0 0, RBB 16 6]          -     r             999                                                                                              
   -------------------------------------------------------------------------------------------------------------------------------------------------------------------------------------------------
   RBB_3/BQ                   RBB_6L        3  [TILE 0 0, RBB 16 6]        800     r            1799     {inst22: counter_FDRE_Q_16 (FD,site=bff)}                                                
   counter[5]                 Net           9            (fanout=1)       1051                     -                                                                                              
   RBB_3/B1                   RBB_6L        3  [TILE 0 0, RBB 16 6]          -     r            2850     {inst10: LED_CARRY4_S_O_1_CARRY4_O_3 (CARRY4)} {inst20: counter_FDRE_Q_14 (FD,site=dff)} 
   -------------------------------------------------------------------------------------------------------------------------------------------------------------------------------------------------
   RBB_3/CLK                  RBB_6L        3  [TILE 0 0, RBB 16 6]       1118     r            3968                                                                                              
   clk                        Clock net     2          (fanout=225)       -949                     -                                                                                              
   clk                        CLOCK-PORT    -                     -    capture     r            3019                                                                                              
   -------------------------------------------------------------------------------------------------------------------------------------------------------------------------------------------------


Path 73:
   Slack (not met):                         -1140ps
     Path type:                               SETUP
     Group:                              <UDEF_clk>
     Launching clock:                           clk (rising edge)
     Capturing clock:                           clk (rising edge)

     Requested period:                       2000ps
   + Delay of the capturing clock:            970ps
   - Clock uncertainty:                       150ps
   = Required time:                          2820ps
   - Propagation time:                       2936ps (61.0% logic, 39.0% route, logic stage 1)
   - Delay of the launching clock:           1024ps
   = Slack:                                 -1140ps

   Instance/Pin or Net Name   Type         ID    Location or Fanout   Delay(ps)  Edge  Arrival Time(ps)    Instance detail                                                                    
   ---------------------------------------------------------------------------------------------------------------------------------------------------------------------------------------------
   clk                        CLOCK-PORT    -                     -     launch     r               0                                                                                          
   clk                        Clock net     2          (fanout=225)       1024                     -                                                                                          
   RBB_6/CLK                  RBB_6L        6  [TILE 0 0, RBB 25 6]          -     r            1024                                                                                          
   ---------------------------------------------------------------------------------------------------------------------------------------------------------------------------------------------
   RBB_6/BQ                   RBB_6L        6  [TILE 0 0, RBB 25 6]        800     r            1824     {inst30: counter_FDRE_Q_4 (FD,site=bff)}                                             
   counter[17]                Net          21            (fanout=1)       1146                     -                                                                                          
   RBB_6/B1                   RBB_6L        6  [TILE 0 0, RBB 25 6]          -     r            2970     {inst7: LED_CARRY4_S_O_1_CARRY4_O (CARRY4)} {inst30: counter_FDRE_Q_4 (FD,site=bff)} 
   ---------------------------------------------------------------------------------------------------------------------------------------------------------------------------------------------
   RBB_6/CLK                  RBB_6L        6  [TILE 0 0, RBB 25 6]        990     r            3960                                                                                          
   clk                        Clock net     2          (fanout=225)       -970                     -                                                                                          
   clk                        CLOCK-PORT    -                     -    capture     r            2990                                                                                          
   ---------------------------------------------------------------------------------------------------------------------------------------------------------------------------------------------


Path 53:
   Slack (not met):                         -1136ps
     Path type:                               SETUP
     Group:                              <UDEF_clk>
     Launching clock:                           clk (rising edge)
     Capturing clock:                           clk (rising edge)

     Requested period:                       2000ps
   + Delay of the capturing clock:            969ps
   - Clock uncertainty:                       150ps
   = Required time:                          2819ps
   - Propagation time:                       2932ps (64.0% logic, 36.0% route, logic stage 1)
   - Delay of the launching clock:           1023ps
   = Slack:                                 -1136ps

   Instance/Pin or Net Name   Type         ID    Location or Fanout   Delay(ps)  Edge  Arrival Time(ps)    Instance detail                                                                      
   -----------------------------------------------------------------------------------------------------------------------------------------------------------------------------------------------
   clk                        CLOCK-PORT    -                     -     launch     r               0                                                                                            
   clk                        Clock net     2          (fanout=225)       1023                     -                                                                                            
   RBB_5/CLK                  RBB_6L        5  [TILE 0 0, RBB 22 6]          -     r            1023                                                                                            
   -----------------------------------------------------------------------------------------------------------------------------------------------------------------------------------------------
   RBB_5/BQ                   RBB_6L        5  [TILE 0 0, RBB 22 6]        800     r            1823     {inst34: counter_FDRE_Q_8 (FD,site=bff)}                                               
   counter[13]                Net          17            (fanout=1)       1056                     -                                                                                            
   RBB_5/B1                   RBB_6L        5  [TILE 0 0, RBB 22 6]          -     r            2879     {inst8: LED_CARRY4_S_O_1_CARRY4_O_1 (CARRY4)} {inst33: counter_FDRE_Q_7 (FD,site=cff)} 
   -----------------------------------------------------------------------------------------------------------------------------------------------------------------------------------------------
   RBB_5/CLK                  RBB_6L        5  [TILE 0 0, RBB 22 6]       1076     r            3955                                                                                            
   clk                        Clock net     2          (fanout=225)       -969                     -                                                                                            
   clk                        CLOCK-PORT    -                     -    capture     r            2986                                                                                            
   -----------------------------------------------------------------------------------------------------------------------------------------------------------------------------------------------


Path 55:
   Slack (not met):                         -1134ps
     Path type:                               SETUP
     Group:                              <UDEF_clk>
     Launching clock:                           clk (rising edge)
     Capturing clock:                           clk (rising edge)

     Requested period:                       2000ps
   + Delay of the capturing clock:            976ps
   - Clock uncertainty:                       150ps
   = Required time:                          2826ps
   - Propagation time:                       2928ps (64.1% logic, 35.9% route, logic stage 1)
   - Delay of the launching clock:           1032ps
   = Slack:                                 -1134ps

   Instance/Pin or Net Name   Type         ID    Location or Fanout   Delay(ps)  Edge  Arrival Time(ps)    Instance detail                                                 
   --------------------------------------------------------------------------------------------------------------------------------------------------------------------------
   clk                        CLOCK-PORT    -                     -     launch     r               0                                                                       
   clk                        Clock net     2          (fanout=225)       1032                     -                                                                       
   RBB_7/CLK                  RBB_6L        7  [TILE 0 0, RBB 28 6]          -     r            1032                                                                       
   --------------------------------------------------------------------------------------------------------------------------------------------------------------------------
   RBB_7/BQ                   RBB_6L        7  [TILE 0 0, RBB 28 6]        800     r            1832     {inst14: counter_FDRE_Q (FD,site=bff)}                            
   counter[21]                Net          25            (fanout=1)       1052                     -                                                                       
   RBB_7/B1                   RBB_6L        7  [TILE 0 0, RBB 28 6]          -     r            2884     {inst6: LED_CARRY4_S (CARRY4)} {inst13: LED_FDRE_Q (FD,site=cff)} 
   --------------------------------------------------------------------------------------------------------------------------------------------------------------------------
   RBB_7/CLK                  RBB_6L        7  [TILE 0 0, RBB 28 6]       1076     r            3960                                                                       
   clk                        Clock net     2          (fanout=225)       -976                     -                                                                       
   clk                        CLOCK-PORT    -                     -    capture     r            2984                                                                       
   --------------------------------------------------------------------------------------------------------------------------------------------------------------------------


Path 70:
   Slack (not met):                         -1129ps
     Path type:                               SETUP
     Group:                              <UDEF_clk>
     Launching clock:                           clk (rising edge)
     Capturing clock:                           clk (rising edge)

     Requested period:                       2000ps
   + Delay of the capturing clock:            951ps
   - Clock uncertainty:                       150ps
   = Required time:                          2801ps
   - Propagation time:                       2929ps (61.1% logic, 38.9% route, logic stage 1)
   - Delay of the launching clock:           1001ps
   = Slack:                                 -1129ps

   Instance/Pin or Net Name   Type         ID    Location or Fanout   Delay(ps)  Edge  Arrival Time(ps)    Instance detail                                                                        
   -------------------------------------------------------------------------------------------------------------------------------------------------------------------------------------------------
   clk                        CLOCK-PORT    -                     -     launch     r               0                                                                                              
   clk                        Clock net     2          (fanout=225)       1001                     -                                                                                              
   RBB_2/CLK                  RBB_6L        2  [TILE 0 0, RBB 13 6]          -     r            1001                                                                                              
   -------------------------------------------------------------------------------------------------------------------------------------------------------------------------------------------------
   RBB_2/BQ                   RBB_6L        2  [TILE 0 0, RBB 13 6]        800     r            1801     {inst27: counter_FDRE_Q_20 (FD,site=bff)}                                                
   counter[1]                 Net           5            (fanout=1)       1139                     -                                                                                              
   RBB_2/B1                   RBB_6L        2  [TILE 0 0, RBB 13 6]          -     r            2940     {inst11: LED_CARRY4_S_O_1_CARRY4_O_4 (CARRY4)} {inst27: counter_FDRE_Q_20 (FD,site=bff)} 
   -------------------------------------------------------------------------------------------------------------------------------------------------------------------------------------------------
   RBB_2/CLK                  RBB_6L        2  [TILE 0 0, RBB 13 6]        990     r            3930                                                                                              
   clk                        Clock net     2          (fanout=225)       -951                     -                                                                                              
   clk                        CLOCK-PORT    -                     -    capture     r            2979                                                                                              
   -------------------------------------------------------------------------------------------------------------------------------------------------------------------------------------------------


Path 56:
   Slack (not met):                         -1127ps
     Path type:                               SETUP
     Group:                              <UDEF_clk>
     Launching clock:                           clk (rising edge)
     Capturing clock:                           clk (rising edge)

     Requested period:                       2000ps
   + Delay of the capturing clock:            949ps
   - Clock uncertainty:                       150ps
   = Required time:                          2799ps
   - Propagation time:                       2927ps (64.1% logic, 35.9% route, logic stage 1)
   - Delay of the launching clock:            999ps
   = Slack:                                 -1127ps

   Instance/Pin or Net Name   Type         ID    Location or Fanout   Delay(ps)  Edge  Arrival Time(ps)    Instance detail                                                                        
   -------------------------------------------------------------------------------------------------------------------------------------------------------------------------------------------------
   clk                        CLOCK-PORT    -                     -     launch     r               0                                                                                              
   clk                        Clock net     2          (fanout=225)        999                     -                                                                                              
   RBB_3/CLK                  RBB_6L        3  [TILE 0 0, RBB 16 6]          -     r             999                                                                                              
   -------------------------------------------------------------------------------------------------------------------------------------------------------------------------------------------------
   RBB_3/BQ                   RBB_6L        3  [TILE 0 0, RBB 16 6]        800     r            1799     {inst22: counter_FDRE_Q_16 (FD,site=bff)}                                                
   counter[5]                 Net           9            (fanout=1)       1051                     -                                                                                              
   RBB_3/B1                   RBB_6L        3  [TILE 0 0, RBB 16 6]          -     r            2850     {inst10: LED_CARRY4_S_O_1_CARRY4_O_3 (CARRY4)} {inst21: counter_FDRE_Q_15 (FD,site=cff)} 
   -------------------------------------------------------------------------------------------------------------------------------------------------------------------------------------------------
   RBB_3/CLK                  RBB_6L        3  [TILE 0 0, RBB 16 6]       1076     r            3926                                                                                              
   clk                        Clock net     2          (fanout=225)       -949                     -                                                                                              
   clk                        CLOCK-PORT    -                     -    capture     r            2977                                                                                              
   -------------------------------------------------------------------------------------------------------------------------------------------------------------------------------------------------


Path 58:
   Slack (not met):                         -1111ps
     Path type:                               SETUP
     Group:                              <UDEF_clk>
     Launching clock:                           clk (rising edge)
     Capturing clock:                           clk (rising edge)

     Requested period:                       2000ps
   + Delay of the capturing clock:            949ps
   - Clock uncertainty:                       150ps
   = Required time:                          2799ps
   - Propagation time:                       2911ps (62.6% logic, 37.4% route, logic stage 1)
   - Delay of the launching clock:            999ps
   = Slack:                                 -1111ps

   Instance/Pin or Net Name   Type         ID    Location or Fanout   Delay(ps)  Edge  Arrival Time(ps)    Instance detail                                                                        
   -------------------------------------------------------------------------------------------------------------------------------------------------------------------------------------------------
   clk                        CLOCK-PORT    -                     -     launch     r               0                                                                                              
   clk                        Clock net     2          (fanout=225)        999                     -                                                                                              
   RBB_3/CLK                  RBB_6L        3  [TILE 0 0, RBB 16 6]          -     r             999                                                                                              
   -------------------------------------------------------------------------------------------------------------------------------------------------------------------------------------------------
   RBB_3/DQ                   RBB_6L        3  [TILE 0 0, RBB 16 6]        800     r            1799     {inst20: counter_FDRE_Q_14 (FD,site=dff)}                                                
   counter[7]                 Net          11            (fanout=1)       1088                     -                                                                                              
   RBB_3/D1                   RBB_6L        3  [TILE 0 0, RBB 16 6]          -     r            2887     {inst10: LED_CARRY4_S_O_1_CARRY4_O_3 (CARRY4)} {inst20: counter_FDRE_Q_14 (FD,site=dff)} 
   -------------------------------------------------------------------------------------------------------------------------------------------------------------------------------------------------
   RBB_3/CLK                  RBB_6L        3  [TILE 0 0, RBB 16 6]       1023     r            3910                                                                                              
   clk                        Clock net     2          (fanout=225)       -949                     -                                                                                              
   clk                        CLOCK-PORT    -                     -    capture     r            2961                                                                                              
   -------------------------------------------------------------------------------------------------------------------------------------------------------------------------------------------------


Path 68:
   Slack (not met):                         -1099ps
     Path type:                               SETUP
     Group:                              <UDEF_clk>
     Launching clock:                           clk (rising edge)
     Capturing clock:                           clk (rising edge)

     Requested period:                       2000ps
   + Delay of the capturing clock:            976ps
   - Clock uncertainty:                       150ps
   = Required time:                          2826ps
   - Propagation time:                       2893ps (62.5% logic, 37.5% route, logic stage 1)
   - Delay of the launching clock:           1032ps
   = Slack:                                 -1099ps

   Instance/Pin or Net Name   Type         ID    Location or Fanout   Delay(ps)  Edge  Arrival Time(ps)    Instance detail                                                 
   --------------------------------------------------------------------------------------------------------------------------------------------------------------------------
   clk                        CLOCK-PORT    -                     -     launch     r               0                                                                       
   clk                        Clock net     2          (fanout=225)       1032                     -                                                                       
   RBB_7/CLK                  RBB_6L        7  [TILE 0 0, RBB 28 6]          -     r            1032                                                                       
   --------------------------------------------------------------------------------------------------------------------------------------------------------------------------
   RBB_7/CQ                   RBB_6L        7  [TILE 0 0, RBB 28 6]        800     r            1832     {inst13: LED_FDRE_Q (FD,site=cff)}                                
   LED                        Net           3            (fanout=1)       1085                     -                                                                       
   RBB_7/C1                   RBB_6L        7  [TILE 0 0, RBB 28 6]          -     r            2917     {inst6: LED_CARRY4_S (CARRY4)} {inst13: LED_FDRE_Q (FD,site=cff)} 
   --------------------------------------------------------------------------------------------------------------------------------------------------------------------------
   RBB_7/CLK                  RBB_6L        7  [TILE 0 0, RBB 28 6]       1008     r            3925                                                                       
   clk                        Clock net     2          (fanout=225)       -976                     -                                                                       
   clk                        CLOCK-PORT    -                     -    capture     r            2949                                                                       
   --------------------------------------------------------------------------------------------------------------------------------------------------------------------------


Path 64:
   Slack (not met):                         -1096ps
     Path type:                               SETUP
     Group:                              <UDEF_clk>
     Launching clock:                           clk (rising edge)
     Capturing clock:                           clk (rising edge)

     Requested period:                       2000ps
   + Delay of the capturing clock:            949ps
   - Clock uncertainty:                       150ps
   = Required time:                          2799ps
   - Propagation time:                       2896ps (62.4% logic, 37.6% route, logic stage 1)
   - Delay of the launching clock:            999ps
   = Slack:                                 -1096ps

   Instance/Pin or Net Name   Type         ID    Location or Fanout   Delay(ps)  Edge  Arrival Time(ps)    Instance detail                                                                        
   -------------------------------------------------------------------------------------------------------------------------------------------------------------------------------------------------
   clk                        CLOCK-PORT    -                     -     launch     r               0                                                                                              
   clk                        Clock net     2          (fanout=225)        999                     -                                                                                              
   RBB_3/CLK                  RBB_6L        3  [TILE 0 0, RBB 16 6]          -     r             999                                                                                              
   -------------------------------------------------------------------------------------------------------------------------------------------------------------------------------------------------
   RBB_3/CQ                   RBB_6L        3  [TILE 0 0, RBB 16 6]        800     r            1799     {inst21: counter_FDRE_Q_15 (FD,site=cff)}                                                
   counter[6]                 Net          10            (fanout=1)       1088                     -                                                                                              
   RBB_3/C1                   RBB_6L        3  [TILE 0 0, RBB 16 6]          -     r            2887     {inst10: LED_CARRY4_S_O_1_CARRY4_O_3 (CARRY4)} {inst21: counter_FDRE_Q_15 (FD,site=cff)} 
   -------------------------------------------------------------------------------------------------------------------------------------------------------------------------------------------------
   RBB_3/CLK                  RBB_6L        3  [TILE 0 0, RBB 16 6]       1008     r            3895                                                                                              
   clk                        Clock net     2          (fanout=225)       -949                     -                                                                                              
   clk                        CLOCK-PORT    -                     -    capture     r            2946                                                                                              
   -------------------------------------------------------------------------------------------------------------------------------------------------------------------------------------------------


Path 69:
   Slack (not met):                         -1050ps
     Path type:                               SETUP
     Group:                              <UDEF_clk>
     Launching clock:                           clk (rising edge)
     Capturing clock:                           clk (rising edge)

     Requested period:                       2000ps
   + Delay of the capturing clock:            969ps
   - Clock uncertainty:                       150ps
   = Required time:                          2819ps
   - Propagation time:                       2846ps (62.9% logic, 37.1% route, logic stage 1)
   - Delay of the launching clock:           1023ps
   = Slack:                                 -1050ps

   Instance/Pin or Net Name   Type         ID    Location or Fanout   Delay(ps)  Edge  Arrival Time(ps)    Instance detail                                                                      
   -----------------------------------------------------------------------------------------------------------------------------------------------------------------------------------------------
   clk                        CLOCK-PORT    -                     -     launch     r               0                                                                                            
   clk                        Clock net     2          (fanout=225)       1023                     -                                                                                            
   RBB_5/CLK                  RBB_6L        5  [TILE 0 0, RBB 22 6]          -     r            1023                                                                                            
   -----------------------------------------------------------------------------------------------------------------------------------------------------------------------------------------------
   RBB_5/BQ                   RBB_6L        5  [TILE 0 0, RBB 22 6]        800     r            1823     {inst34: counter_FDRE_Q_8 (FD,site=bff)}                                               
   counter[13]                Net          17            (fanout=1)       1056                     -                                                                                            
   RBB_5/B1                   RBB_6L        5  [TILE 0 0, RBB 22 6]          -     r            2879     {inst8: LED_CARRY4_S_O_1_CARRY4_O_1 (CARRY4)} {inst34: counter_FDRE_Q_8 (FD,site=bff)} 
   -----------------------------------------------------------------------------------------------------------------------------------------------------------------------------------------------
   RBB_5/CLK                  RBB_6L        5  [TILE 0 0, RBB 22 6]        990     r            3869                                                                                            
   clk                        Clock net     2          (fanout=225)       -969                     -                                                                                            
   clk                        CLOCK-PORT    -                     -    capture     r            2900                                                                                            
   -----------------------------------------------------------------------------------------------------------------------------------------------------------------------------------------------


Path 74:
   Slack (not met):                         -1048ps
     Path type:                               SETUP
     Group:                              <UDEF_clk>
     Launching clock:                           clk (rising edge)
     Capturing clock:                           clk (rising edge)

     Requested period:                       2000ps
   + Delay of the capturing clock:            976ps
   - Clock uncertainty:                       150ps
   = Required time:                          2826ps
   - Propagation time:                       2842ps (63.0% logic, 37.0% route, logic stage 1)
   - Delay of the launching clock:           1032ps
   = Slack:                                 -1048ps

   Instance/Pin or Net Name   Type         ID    Location or Fanout   Delay(ps)  Edge  Arrival Time(ps)    Instance detail                                                     
   ------------------------------------------------------------------------------------------------------------------------------------------------------------------------------
   clk                        CLOCK-PORT    -                     -     launch     r               0                                                                           
   clk                        Clock net     2          (fanout=225)       1032                     -                                                                           
   RBB_7/CLK                  RBB_6L        7  [TILE 0 0, RBB 28 6]          -     r            1032                                                                           
   ------------------------------------------------------------------------------------------------------------------------------------------------------------------------------
   RBB_7/BQ                   RBB_6L        7  [TILE 0 0, RBB 28 6]        800     r            1832     {inst14: counter_FDRE_Q (FD,site=bff)}                                
   counter[21]                Net          25            (fanout=1)       1052                     -                                                                           
   RBB_7/B1                   RBB_6L        7  [TILE 0 0, RBB 28 6]          -     r            2884     {inst6: LED_CARRY4_S (CARRY4)} {inst14: counter_FDRE_Q (FD,site=bff)} 
   ------------------------------------------------------------------------------------------------------------------------------------------------------------------------------
   RBB_7/CLK                  RBB_6L        7  [TILE 0 0, RBB 28 6]        990     r            3874                                                                           
   clk                        Clock net     2          (fanout=225)       -976                     -                                                                           
   clk                        CLOCK-PORT    -                     -    capture     r            2898                                                                           
   ------------------------------------------------------------------------------------------------------------------------------------------------------------------------------


Path 72:
   Slack (not met):                         -1041ps
     Path type:                               SETUP
     Group:                              <UDEF_clk>
     Launching clock:                           clk (rising edge)
     Capturing clock:                           clk (rising edge)

     Requested period:                       2000ps
   + Delay of the capturing clock:            949ps
   - Clock uncertainty:                       150ps
   = Required time:                          2799ps
   - Propagation time:                       2841ps (63.0% logic, 37.0% route, logic stage 1)
   - Delay of the launching clock:            999ps
   = Slack:                                 -1041ps

   Instance/Pin or Net Name   Type         ID    Location or Fanout   Delay(ps)  Edge  Arrival Time(ps)    Instance detail                                                                        
   -------------------------------------------------------------------------------------------------------------------------------------------------------------------------------------------------
   clk                        CLOCK-PORT    -                     -     launch     r               0                                                                                              
   clk                        Clock net     2          (fanout=225)        999                     -                                                                                              
   RBB_3/CLK                  RBB_6L        3  [TILE 0 0, RBB 16 6]          -     r             999                                                                                              
   -------------------------------------------------------------------------------------------------------------------------------------------------------------------------------------------------
   RBB_3/BQ                   RBB_6L        3  [TILE 0 0, RBB 16 6]        800     r            1799     {inst22: counter_FDRE_Q_16 (FD,site=bff)}                                                
   counter[5]                 Net           9            (fanout=1)       1051                     -                                                                                              
   RBB_3/B1                   RBB_6L        3  [TILE 0 0, RBB 16 6]          -     r            2850     {inst10: LED_CARRY4_S_O_1_CARRY4_O_3 (CARRY4)} {inst22: counter_FDRE_Q_16 (FD,site=bff)} 
   -------------------------------------------------------------------------------------------------------------------------------------------------------------------------------------------------
   RBB_3/CLK                  RBB_6L        3  [TILE 0 0, RBB 16 6]        990     r            3840                                                                                              
   clk                        Clock net     2          (fanout=225)       -949                     -                                                                                              
   clk                        CLOCK-PORT    -                     -    capture     r            2891                                                                                              
   -------------------------------------------------------------------------------------------------------------------------------------------------------------------------------------------------


Path 61:
   Slack (not met):                         -1035ps
     Path type:                               SETUP
     Group:                              <UDEF_clk>
     Launching clock:                           clk (rising edge)
     Capturing clock:                           clk (rising edge)

     Requested period:                       2000ps
   + Delay of the capturing clock:            970ps
   - Clock uncertainty:                       150ps
   = Required time:                          2820ps
   - Propagation time:                       2831ps (64.4% logic, 35.6% route, logic stage 1)
   - Delay of the launching clock:           1024ps
   = Slack:                                 -1035ps

   Instance/Pin or Net Name   Type         ID    Location or Fanout   Delay(ps)  Edge  Arrival Time(ps)    Instance detail                                                                    
   ---------------------------------------------------------------------------------------------------------------------------------------------------------------------------------------------
   clk                        CLOCK-PORT    -                     -     launch     r               0                                                                                          
   clk                        Clock net     2          (fanout=225)       1024                     -                                                                                          
   RBB_6/CLK                  RBB_6L        6  [TILE 0 0, RBB 25 6]          -     r            1024                                                                                          
   ---------------------------------------------------------------------------------------------------------------------------------------------------------------------------------------------
   RBB_6/DQ                   RBB_6L        6  [TILE 0 0, RBB 25 6]        800     r            1824     {inst26: counter_FDRE_Q_2 (FD,site=dff)}                                             
   counter[19]                Net          23            (fanout=1)       1008                     -                                                                                          
   RBB_6/D1                   RBB_6L        6  [TILE 0 0, RBB 25 6]          -     r            2832     {inst7: LED_CARRY4_S_O_1_CARRY4_O (CARRY4)} {inst26: counter_FDRE_Q_2 (FD,site=dff)} 
   ---------------------------------------------------------------------------------------------------------------------------------------------------------------------------------------------
   RBB_6/CLK                  RBB_6L        6  [TILE 0 0, RBB 25 6]       1023     r            3855                                                                                          
   clk                        Clock net     2          (fanout=225)       -970                     -                                                                                          
   clk                        CLOCK-PORT    -                     -    capture     r            2885                                                                                          
   ---------------------------------------------------------------------------------------------------------------------------------------------------------------------------------------------


Path 60:
   Slack (not met):                         -1032ps
     Path type:                               SETUP
     Group:                              <UDEF_clk>
     Launching clock:                           clk (rising edge)
     Capturing clock:                           clk (rising edge)

     Requested period:                       2000ps
   + Delay of the capturing clock:            951ps
   - Clock uncertainty:                       150ps
   = Required time:                          2801ps
   - Propagation time:                       2832ps (64.4% logic, 35.6% route, logic stage 1)
   - Delay of the launching clock:           1001ps
   = Slack:                                 -1032ps

   Instance/Pin or Net Name   Type         ID    Location or Fanout   Delay(ps)  Edge  Arrival Time(ps)    Instance detail                                                                        
   -------------------------------------------------------------------------------------------------------------------------------------------------------------------------------------------------
   clk                        CLOCK-PORT    -                     -     launch     r               0                                                                                              
   clk                        Clock net     2          (fanout=225)       1001                     -                                                                                              
   RBB_2/CLK                  RBB_6L        2  [TILE 0 0, RBB 13 6]          -     r            1001                                                                                              
   -------------------------------------------------------------------------------------------------------------------------------------------------------------------------------------------------
   RBB_2/DQ                   RBB_6L        2  [TILE 0 0, RBB 13 6]        800     r            1801     {inst24: counter_FDRE_Q_18 (FD,site=dff)}                                                
   counter[3]                 Net           7            (fanout=1)       1009                     -                                                                                              
   RBB_2/D1                   RBB_6L        2  [TILE 0 0, RBB 13 6]          -     r            2810     {inst11: LED_CARRY4_S_O_1_CARRY4_O_4 (CARRY4)} {inst24: counter_FDRE_Q_18 (FD,site=dff)} 
   -------------------------------------------------------------------------------------------------------------------------------------------------------------------------------------------------
   RBB_2/CLK                  RBB_6L        2  [TILE 0 0, RBB 13 6]       1023     r            3833                                                                                              
   clk                        Clock net     2          (fanout=225)       -951                     -                                                                                              
   clk                        CLOCK-PORT    -                     -    capture     r            2882                                                                                              
   -------------------------------------------------------------------------------------------------------------------------------------------------------------------------------------------------


Path 59:
   Slack (not met):                         -1031ps
     Path type:                               SETUP
     Group:                              <UDEF_clk>
     Launching clock:                           clk (rising edge)
     Capturing clock:                           clk (rising edge)

     Requested period:                       2000ps
   + Delay of the capturing clock:            954ps
   - Clock uncertainty:                       150ps
   = Required time:                          2804ps
   - Propagation time:                       2832ps (64.4% logic, 35.6% route, logic stage 1)
   - Delay of the launching clock:           1003ps
   = Slack:                                 -1031ps

   Instance/Pin or Net Name   Type         ID    Location or Fanout   Delay(ps)  Edge  Arrival Time(ps)    Instance detail                                                                       
   ------------------------------------------------------------------------------------------------------------------------------------------------------------------------------------------------
   clk                        CLOCK-PORT    -                     -     launch     r               0                                                                                             
   clk                        Clock net     2          (fanout=225)       1003                     -                                                                                             
   RBB_4/CLK                  RBB_6L        4  [TILE 0 0, RBB 19 6]          -     r            1003                                                                                             
   ------------------------------------------------------------------------------------------------------------------------------------------------------------------------------------------------
   RBB_4/DQ                   RBB_6L        4  [TILE 0 0, RBB 19 6]        800     r            1803     {inst16: counter_FDRE_Q_10 (FD,site=dff)}                                               
   counter[11]                Net          15            (fanout=1)       1009                     -                                                                                             
   RBB_4/D1                   RBB_6L        4  [TILE 0 0, RBB 19 6]          -     r            2812     {inst9: LED_CARRY4_S_O_1_CARRY4_O_2 (CARRY4)} {inst16: counter_FDRE_Q_10 (FD,site=dff)} 
   ------------------------------------------------------------------------------------------------------------------------------------------------------------------------------------------------
   RBB_4/CLK                  RBB_6L        4  [TILE 0 0, RBB 19 6]       1023     r            3835                                                                                             
   clk                        Clock net     2          (fanout=225)       -954                     -                                                                                             
   clk                        CLOCK-PORT    -                     -    capture     r            2881                                                                                             
   ------------------------------------------------------------------------------------------------------------------------------------------------------------------------------------------------


Path 75:
   Slack (not met):                         -1021ps
     Path type:                               SETUP
     Group:                              <UDEF_clk>
     Launching clock:                           clk (rising edge)
     Capturing clock:                           clk (rising edge)

     Requested period:                       2000ps
   + Delay of the capturing clock:            951ps
   - Clock uncertainty:                       150ps
   = Required time:                          2801ps
   - Propagation time:                       2821ps (61.7% logic, 38.3% route, logic stage 1)
   - Delay of the launching clock:           1001ps
   = Slack:                                 -1021ps

   Instance/Pin or Net Name   Type         ID    Location or Fanout   Delay(ps)  Edge  Arrival Time(ps)    Instance detail                                                                          
   ---------------------------------------------------------------------------------------------------------------------------------------------------------------------------------------------------
   clk                        CLOCK-PORT    -                     -     launch     r               0                                                                                                
   clk                        Clock net     2          (fanout=225)       1001                     -                                                                                                
   RBB_2/CLK                  RBB_6L        2  [TILE 0 0, RBB 13 6]          -     r            1001                                                                                                
   ---------------------------------------------------------------------------------------------------------------------------------------------------------------------------------------------------
   RBB_2/AQ                   RBB_6L        2  [TILE 0 0, RBB 13 6]        800     r            1801     {inst28: counter_FDRE_Q_21 (FD,site=aff)}                                                  
   counter[0]                 Net           4            (fanout=1)       1081                     -                                                                                                
   RBB_2/A1                   RBB_6L        2  [TILE 0 0, RBB 13 6]          -     r            2882     {inst12: LED_CARRY4_S_O_1_INV_O (LUT,site=alut)} {inst28: counter_FDRE_Q_21 (FD,site=aff)} 
   ---------------------------------------------------------------------------------------------------------------------------------------------------------------------------------------------------
   RBB_2/CLK                  RBB_6L        2  [TILE 0 0, RBB 13 6]        940     r            3822                                                                                                
   clk                        Clock net     2          (fanout=225)       -951                     -                                                                                                
   clk                        CLOCK-PORT    -                     -    capture     r            2871                                                                                                
   ---------------------------------------------------------------------------------------------------------------------------------------------------------------------------------------------------


Path 67:
   Slack (not met):                          -958ps
     Path type:                               SETUP
     Group:                              <UDEF_clk>
     Launching clock:                           clk (rising edge)
     Capturing clock:                           clk (rising edge)

     Requested period:                       2000ps
   + Delay of the capturing clock:            970ps
   - Clock uncertainty:                       150ps
   = Required time:                          2820ps
   - Propagation time:                       2754ps (65.6% logic, 34.4% route, logic stage 1)
   - Delay of the launching clock:           1024ps
   = Slack:                                  -958ps

   Instance/Pin or Net Name   Type         ID    Location or Fanout   Delay(ps)  Edge  Arrival Time(ps)    Instance detail                                                                    
   ---------------------------------------------------------------------------------------------------------------------------------------------------------------------------------------------
   clk                        CLOCK-PORT    -                     -     launch     r               0                                                                                          
   clk                        Clock net     2          (fanout=225)       1024                     -                                                                                          
   RBB_6/CLK                  RBB_6L        6  [TILE 0 0, RBB 25 6]          -     r            1024                                                                                          
   ---------------------------------------------------------------------------------------------------------------------------------------------------------------------------------------------
   RBB_6/CQ                   RBB_6L        6  [TILE 0 0, RBB 25 6]        800     r            1824     {inst29: counter_FDRE_Q_3 (FD,site=cff)}                                             
   counter[18]                Net          22            (fanout=1)        946                     -                                                                                          
   RBB_6/C1                   RBB_6L        6  [TILE 0 0, RBB 25 6]          -     r            2770     {inst7: LED_CARRY4_S_O_1_CARRY4_O (CARRY4)} {inst29: counter_FDRE_Q_3 (FD,site=cff)} 
   ---------------------------------------------------------------------------------------------------------------------------------------------------------------------------------------------
   RBB_6/CLK                  RBB_6L        6  [TILE 0 0, RBB 25 6]       1008     r            3778                                                                                          
   clk                        Clock net     2          (fanout=225)       -970                     -                                                                                          
   clk                        CLOCK-PORT    -                     -    capture     r            2808                                                                                          
   ---------------------------------------------------------------------------------------------------------------------------------------------------------------------------------------------


Path 63:
   Slack (not met):                          -954ps
     Path type:                               SETUP
     Group:                              <UDEF_clk>
     Launching clock:                           clk (rising edge)
     Capturing clock:                           clk (rising edge)

     Requested period:                       2000ps
   + Delay of the capturing clock:            951ps
   - Clock uncertainty:                       150ps
   = Required time:                          2801ps
   - Propagation time:                       2754ps (65.6% logic, 34.4% route, logic stage 1)
   - Delay of the launching clock:           1001ps
   = Slack:                                  -954ps

   Instance/Pin or Net Name   Type         ID    Location or Fanout   Delay(ps)  Edge  Arrival Time(ps)    Instance detail                                                                        
   -------------------------------------------------------------------------------------------------------------------------------------------------------------------------------------------------
   clk                        CLOCK-PORT    -                     -     launch     r               0                                                                                              
   clk                        Clock net     2          (fanout=225)       1001                     -                                                                                              
   RBB_2/CLK                  RBB_6L        2  [TILE 0 0, RBB 13 6]          -     r            1001                                                                                              
   -------------------------------------------------------------------------------------------------------------------------------------------------------------------------------------------------
   RBB_2/CQ                   RBB_6L        2  [TILE 0 0, RBB 13 6]        800     r            1801     {inst25: counter_FDRE_Q_19 (FD,site=cff)}                                                
   counter[2]                 Net           6            (fanout=1)        946                     -                                                                                              
   RBB_2/C1                   RBB_6L        2  [TILE 0 0, RBB 13 6]          -     r            2747     {inst11: LED_CARRY4_S_O_1_CARRY4_O_4 (CARRY4)} {inst25: counter_FDRE_Q_19 (FD,site=cff)} 
   -------------------------------------------------------------------------------------------------------------------------------------------------------------------------------------------------
   RBB_2/CLK                  RBB_6L        2  [TILE 0 0, RBB 13 6]       1008     r            3755                                                                                              
   clk                        Clock net     2          (fanout=225)       -951                     -                                                                                              
   clk                        CLOCK-PORT    -                     -    capture     r            2804                                                                                              
   -------------------------------------------------------------------------------------------------------------------------------------------------------------------------------------------------


Path 66:
   Slack (not met):                          -954ps
     Path type:                               SETUP
     Group:                              <UDEF_clk>
     Launching clock:                           clk (rising edge)
     Capturing clock:                           clk (rising edge)

     Requested period:                       2000ps
   + Delay of the capturing clock:            954ps
   - Clock uncertainty:                       150ps
   = Required time:                          2804ps
   - Propagation time:                       2755ps (65.6% logic, 34.4% route, logic stage 1)
   - Delay of the launching clock:           1003ps
   = Slack:                                  -954ps

   Instance/Pin or Net Name   Type         ID    Location or Fanout   Delay(ps)  Edge  Arrival Time(ps)    Instance detail                                                                       
   ------------------------------------------------------------------------------------------------------------------------------------------------------------------------------------------------
   clk                        CLOCK-PORT    -                     -     launch     r               0                                                                                             
   clk                        Clock net     2          (fanout=225)       1003                     -                                                                                             
   RBB_4/CLK                  RBB_6L        4  [TILE 0 0, RBB 19 6]          -     r            1003                                                                                             
   ------------------------------------------------------------------------------------------------------------------------------------------------------------------------------------------------
   RBB_4/CQ                   RBB_6L        4  [TILE 0 0, RBB 19 6]        800     r            1803     {inst17: counter_FDRE_Q_11 (FD,site=cff)}                                               
   counter[10]                Net          14            (fanout=1)        947                     -                                                                                             
   RBB_4/C1                   RBB_6L        4  [TILE 0 0, RBB 19 6]          -     r            2750     {inst9: LED_CARRY4_S_O_1_CARRY4_O_2 (CARRY4)} {inst17: counter_FDRE_Q_11 (FD,site=cff)} 
   ------------------------------------------------------------------------------------------------------------------------------------------------------------------------------------------------
   RBB_4/CLK                  RBB_6L        4  [TILE 0 0, RBB 19 6]       1008     r            3758                                                                                             
   clk                        Clock net     2          (fanout=225)       -954                     -                                                                                             
   clk                        CLOCK-PORT    -                     -    capture     r            2804                                                                                             
   ------------------------------------------------------------------------------------------------------------------------------------------------------------------------------------------------


Path 76:
   Slack (met):                              2550ps
     Path type:                                HOLD
     Group:                              <UDEF_clk>
     Launching clock:                           clk (rising edge)
     Capturing clock:                           clk (rising edge)

   + Delay of the launching clock:            970ps
   + Propagation time:                       2754ps (65.6% logic, 34.4% route, logic stage 1)
   - Delay of the capturing clock:           1024ps
   - Clock uncertainty:                       150ps
   - Requested period:                          0ps
   = Slack:                                  2550ps

   Instance/Pin or Net Name   Type         ID    Location or Fanout   Delay(ps)  Edge  Arrival Time(ps)    Instance detail                                                                    
   ---------------------------------------------------------------------------------------------------------------------------------------------------------------------------------------------
   clk                        CLOCK-PORT    -                     -     launch     r               0                                                                                          
   clk                        Clock net     2          (fanout=225)        970                     -                                                                                          
   RBB_6/CLK                  RBB_6L        6  [TILE 0 0, RBB 25 6]          -     r             970                                                                                          
   ---------------------------------------------------------------------------------------------------------------------------------------------------------------------------------------------
   RBB_6/CQ                   RBB_6L        6  [TILE 0 0, RBB 25 6]        800     r            1770     {inst29: counter_FDRE_Q_3 (FD,site=cff)}                                             
   counter[18]                Net          22            (fanout=1)        946                     -                                                                                          
   RBB_6/C1                   RBB_6L        6  [TILE 0 0, RBB 25 6]          -     r            2716     {inst7: LED_CARRY4_S_O_1_CARRY4_O (CARRY4)} {inst29: counter_FDRE_Q_3 (FD,site=cff)} 
   ---------------------------------------------------------------------------------------------------------------------------------------------------------------------------------------------
   RBB_6/CLK                  RBB_6L        6  [TILE 0 0, RBB 25 6]       1008     r            3724                                                                                          
   clk                        Clock net     2          (fanout=225)      -1024                     -                                                                                          
   clk                        CLOCK-PORT    -                     -    capture     r            2700                                                                                          
   ---------------------------------------------------------------------------------------------------------------------------------------------------------------------------------------------


Path 77:
   Slack (met):                              2554ps
     Path type:                                HOLD
     Group:                              <UDEF_clk>
     Launching clock:                           clk (rising edge)
     Capturing clock:                           clk (rising edge)

   + Delay of the launching clock:            951ps
   + Propagation time:                       2754ps (65.6% logic, 34.4% route, logic stage 1)
   - Delay of the capturing clock:           1001ps
   - Clock uncertainty:                       150ps
   - Requested period:                          0ps
   = Slack:                                  2554ps

   Instance/Pin or Net Name   Type         ID    Location or Fanout   Delay(ps)  Edge  Arrival Time(ps)    Instance detail                                                                        
   -------------------------------------------------------------------------------------------------------------------------------------------------------------------------------------------------
   clk                        CLOCK-PORT    -                     -     launch     r               0                                                                                              
   clk                        Clock net     2          (fanout=225)        951                     -                                                                                              
   RBB_2/CLK                  RBB_6L        2  [TILE 0 0, RBB 13 6]          -     r             951                                                                                              
   -------------------------------------------------------------------------------------------------------------------------------------------------------------------------------------------------
   RBB_2/CQ                   RBB_6L        2  [TILE 0 0, RBB 13 6]        800     r            1751     {inst25: counter_FDRE_Q_19 (FD,site=cff)}                                                
   counter[2]                 Net           6            (fanout=1)        946                     -                                                                                              
   RBB_2/C1                   RBB_6L        2  [TILE 0 0, RBB 13 6]          -     r            2697     {inst11: LED_CARRY4_S_O_1_CARRY4_O_4 (CARRY4)} {inst25: counter_FDRE_Q_19 (FD,site=cff)} 
   -------------------------------------------------------------------------------------------------------------------------------------------------------------------------------------------------
   RBB_2/CLK                  RBB_6L        2  [TILE 0 0, RBB 13 6]       1008     r            3705                                                                                              
   clk                        Clock net     2          (fanout=225)      -1001                     -                                                                                              
   clk                        CLOCK-PORT    -                     -    capture     r            2704                                                                                              
   -------------------------------------------------------------------------------------------------------------------------------------------------------------------------------------------------


Path 78:
   Slack (met):                              2556ps
     Path type:                                HOLD
     Group:                              <UDEF_clk>
     Launching clock:                           clk (rising edge)
     Capturing clock:                           clk (rising edge)

   + Delay of the launching clock:            954ps
   + Propagation time:                       2755ps (65.6% logic, 34.4% route, logic stage 1)
   - Delay of the capturing clock:           1003ps
   - Clock uncertainty:                       150ps
   - Requested period:                          0ps
   = Slack:                                  2556ps

   Instance/Pin or Net Name   Type         ID    Location or Fanout   Delay(ps)  Edge  Arrival Time(ps)    Instance detail                                                                       
   ------------------------------------------------------------------------------------------------------------------------------------------------------------------------------------------------
   clk                        CLOCK-PORT    -                     -     launch     r               0                                                                                             
   clk                        Clock net     2          (fanout=225)        954                     -                                                                                             
   RBB_4/CLK                  RBB_6L        4  [TILE 0 0, RBB 19 6]          -     r             954                                                                                             
   ------------------------------------------------------------------------------------------------------------------------------------------------------------------------------------------------
   RBB_4/CQ                   RBB_6L        4  [TILE 0 0, RBB 19 6]        800     r            1754     {inst17: counter_FDRE_Q_11 (FD,site=cff)}                                               
   counter[10]                Net          14            (fanout=1)        947                     -                                                                                             
   RBB_4/C1                   RBB_6L        4  [TILE 0 0, RBB 19 6]          -     r            2701     {inst9: LED_CARRY4_S_O_1_CARRY4_O_2 (CARRY4)} {inst17: counter_FDRE_Q_11 (FD,site=cff)} 
   ------------------------------------------------------------------------------------------------------------------------------------------------------------------------------------------------
   RBB_4/CLK                  RBB_6L        4  [TILE 0 0, RBB 19 6]       1008     r            3709                                                                                             
   clk                        Clock net     2          (fanout=225)      -1003                     -                                                                                             
   clk                        CLOCK-PORT    -                     -    capture     r            2706                                                                                             
   ------------------------------------------------------------------------------------------------------------------------------------------------------------------------------------------------


Path 79:
   Slack (met):                              2621ps
     Path type:                                HOLD
     Group:                              <UDEF_clk>
     Launching clock:                           clk (rising edge)
     Capturing clock:                           clk (rising edge)

   + Delay of the launching clock:            951ps
   + Propagation time:                       2821ps (61.7% logic, 38.3% route, logic stage 1)
   - Delay of the capturing clock:           1001ps
   - Clock uncertainty:                       150ps
   - Requested period:                          0ps
   = Slack:                                  2621ps

   Instance/Pin or Net Name   Type         ID    Location or Fanout   Delay(ps)  Edge  Arrival Time(ps)    Instance detail                                                                          
   ---------------------------------------------------------------------------------------------------------------------------------------------------------------------------------------------------
   clk                        CLOCK-PORT    -                     -     launch     r               0                                                                                                
   clk                        Clock net     2          (fanout=225)        951                     -                                                                                                
   RBB_2/CLK                  RBB_6L        2  [TILE 0 0, RBB 13 6]          -     r             951                                                                                                
   ---------------------------------------------------------------------------------------------------------------------------------------------------------------------------------------------------
   RBB_2/AQ                   RBB_6L        2  [TILE 0 0, RBB 13 6]        800     r            1751     {inst28: counter_FDRE_Q_21 (FD,site=aff)}                                                  
   counter[0]                 Net           4            (fanout=1)       1081                     -                                                                                                
   RBB_2/A1                   RBB_6L        2  [TILE 0 0, RBB 13 6]          -     r            2832     {inst12: LED_CARRY4_S_O_1_INV_O (LUT,site=alut)} {inst28: counter_FDRE_Q_21 (FD,site=aff)} 
   ---------------------------------------------------------------------------------------------------------------------------------------------------------------------------------------------------
   RBB_2/CLK                  RBB_6L        2  [TILE 0 0, RBB 13 6]        940     r            3772                                                                                                
   clk                        Clock net     2          (fanout=225)      -1001                     -                                                                                                
   clk                        CLOCK-PORT    -                     -    capture     r            2771                                                                                                
   ---------------------------------------------------------------------------------------------------------------------------------------------------------------------------------------------------


Path 80:
   Slack (met):                              2627ps
     Path type:                                HOLD
     Group:                              <UDEF_clk>
     Launching clock:                           clk (rising edge)
     Capturing clock:                           clk (rising edge)

   + Delay of the launching clock:            970ps
   + Propagation time:                       2831ps (64.4% logic, 35.6% route, logic stage 1)
   - Delay of the capturing clock:           1024ps
   - Clock uncertainty:                       150ps
   - Requested period:                          0ps
   = Slack:                                  2627ps

   Instance/Pin or Net Name   Type         ID    Location or Fanout   Delay(ps)  Edge  Arrival Time(ps)    Instance detail                                                                    
   ---------------------------------------------------------------------------------------------------------------------------------------------------------------------------------------------
   clk                        CLOCK-PORT    -                     -     launch     r               0                                                                                          
   clk                        Clock net     2          (fanout=225)        970                     -                                                                                          
   RBB_6/CLK                  RBB_6L        6  [TILE 0 0, RBB 25 6]          -     r             970                                                                                          
   ---------------------------------------------------------------------------------------------------------------------------------------------------------------------------------------------
   RBB_6/DQ                   RBB_6L        6  [TILE 0 0, RBB 25 6]        800     r            1770     {inst26: counter_FDRE_Q_2 (FD,site=dff)}                                             
   counter[19]                Net          23            (fanout=1)       1008                     -                                                                                          
   RBB_6/D1                   RBB_6L        6  [TILE 0 0, RBB 25 6]          -     r            2778     {inst7: LED_CARRY4_S_O_1_CARRY4_O (CARRY4)} {inst26: counter_FDRE_Q_2 (FD,site=dff)} 
   ---------------------------------------------------------------------------------------------------------------------------------------------------------------------------------------------
   RBB_6/CLK                  RBB_6L        6  [TILE 0 0, RBB 25 6]       1023     r            3801                                                                                          
   clk                        Clock net     2          (fanout=225)      -1024                     -                                                                                          
   clk                        CLOCK-PORT    -                     -    capture     r            2777                                                                                          
   ---------------------------------------------------------------------------------------------------------------------------------------------------------------------------------------------


Path 81:
   Slack (met):                              2632ps
     Path type:                                HOLD
     Group:                              <UDEF_clk>
     Launching clock:                           clk (rising edge)
     Capturing clock:                           clk (rising edge)

   + Delay of the launching clock:            951ps
   + Propagation time:                       2832ps (64.4% logic, 35.6% route, logic stage 1)
   - Delay of the capturing clock:           1001ps
   - Clock uncertainty:                       150ps
   - Requested period:                          0ps
   = Slack:                                  2632ps

   Instance/Pin or Net Name   Type         ID    Location or Fanout   Delay(ps)  Edge  Arrival Time(ps)    Instance detail                                                                        
   -------------------------------------------------------------------------------------------------------------------------------------------------------------------------------------------------
   clk                        CLOCK-PORT    -                     -     launch     r               0                                                                                              
   clk                        Clock net     2          (fanout=225)        951                     -                                                                                              
   RBB_2/CLK                  RBB_6L        2  [TILE 0 0, RBB 13 6]          -     r             951                                                                                              
   -------------------------------------------------------------------------------------------------------------------------------------------------------------------------------------------------
   RBB_2/DQ                   RBB_6L        2  [TILE 0 0, RBB 13 6]        800     r            1751     {inst24: counter_FDRE_Q_18 (FD,site=dff)}                                                
   counter[3]                 Net           7            (fanout=1)       1009                     -                                                                                              
   RBB_2/D1                   RBB_6L        2  [TILE 0 0, RBB 13 6]          -     r            2760     {inst11: LED_CARRY4_S_O_1_CARRY4_O_4 (CARRY4)} {inst24: counter_FDRE_Q_18 (FD,site=dff)} 
   -------------------------------------------------------------------------------------------------------------------------------------------------------------------------------------------------
   RBB_2/CLK                  RBB_6L        2  [TILE 0 0, RBB 13 6]       1023     r            3783                                                                                              
   clk                        Clock net     2          (fanout=225)      -1001                     -                                                                                              
   clk                        CLOCK-PORT    -                     -    capture     r            2782                                                                                              
   -------------------------------------------------------------------------------------------------------------------------------------------------------------------------------------------------


Path 82:
   Slack (met):                              2633ps
     Path type:                                HOLD
     Group:                              <UDEF_clk>
     Launching clock:                           clk (rising edge)
     Capturing clock:                           clk (rising edge)

   + Delay of the launching clock:            954ps
   + Propagation time:                       2832ps (64.4% logic, 35.6% route, logic stage 1)
   - Delay of the capturing clock:           1003ps
   - Clock uncertainty:                       150ps
   - Requested period:                          0ps
   = Slack:                                  2633ps

   Instance/Pin or Net Name   Type         ID    Location or Fanout   Delay(ps)  Edge  Arrival Time(ps)    Instance detail                                                                       
   ------------------------------------------------------------------------------------------------------------------------------------------------------------------------------------------------
   clk                        CLOCK-PORT    -                     -     launch     r               0                                                                                             
   clk                        Clock net     2          (fanout=225)        954                     -                                                                                             
   RBB_4/CLK                  RBB_6L        4  [TILE 0 0, RBB 19 6]          -     r             954                                                                                             
   ------------------------------------------------------------------------------------------------------------------------------------------------------------------------------------------------
   RBB_4/DQ                   RBB_6L        4  [TILE 0 0, RBB 19 6]        800     r            1754     {inst16: counter_FDRE_Q_10 (FD,site=dff)}                                               
   counter[11]                Net          15            (fanout=1)       1009                     -                                                                                             
   RBB_4/D1                   RBB_6L        4  [TILE 0 0, RBB 19 6]          -     r            2763     {inst9: LED_CARRY4_S_O_1_CARRY4_O_2 (CARRY4)} {inst16: counter_FDRE_Q_10 (FD,site=dff)} 
   ------------------------------------------------------------------------------------------------------------------------------------------------------------------------------------------------
   RBB_4/CLK                  RBB_6L        4  [TILE 0 0, RBB 19 6]       1023     r            3786                                                                                             
   clk                        Clock net     2          (fanout=225)      -1003                     -                                                                                             
   clk                        CLOCK-PORT    -                     -    capture     r            2783                                                                                             
   ------------------------------------------------------------------------------------------------------------------------------------------------------------------------------------------------


Path 83:
   Slack (met):                              2636ps
     Path type:                                HOLD
     Group:                              <UDEF_clk>
     Launching clock:                           clk (rising edge)
     Capturing clock:                           clk (rising edge)

   + Delay of the launching clock:            976ps
   + Propagation time:                       2842ps (63.0% logic, 37.0% route, logic stage 1)
   - Delay of the capturing clock:           1032ps
   - Clock uncertainty:                       150ps
   - Requested period:                          0ps
   = Slack:                                  2636ps

   Instance/Pin or Net Name   Type         ID    Location or Fanout   Delay(ps)  Edge  Arrival Time(ps)    Instance detail                                                     
   ------------------------------------------------------------------------------------------------------------------------------------------------------------------------------
   clk                        CLOCK-PORT    -                     -     launch     r               0                                                                           
   clk                        Clock net     2          (fanout=225)        976                     -                                                                           
   RBB_7/CLK                  RBB_6L        7  [TILE 0 0, RBB 28 6]          -     r             976                                                                           
   ------------------------------------------------------------------------------------------------------------------------------------------------------------------------------
   RBB_7/BQ                   RBB_6L        7  [TILE 0 0, RBB 28 6]        800     r            1776     {inst14: counter_FDRE_Q (FD,site=bff)}                                
   counter[21]                Net          25            (fanout=1)       1052                     -                                                                           
   RBB_7/B1                   RBB_6L        7  [TILE 0 0, RBB 28 6]          -     r            2828     {inst6: LED_CARRY4_S (CARRY4)} {inst14: counter_FDRE_Q (FD,site=bff)} 
   ------------------------------------------------------------------------------------------------------------------------------------------------------------------------------
   RBB_7/CLK                  RBB_6L        7  [TILE 0 0, RBB 28 6]        990     r            3818                                                                           
   clk                        Clock net     2          (fanout=225)      -1032                     -                                                                           
   clk                        CLOCK-PORT    -                     -    capture     r            2786                                                                           
   ------------------------------------------------------------------------------------------------------------------------------------------------------------------------------


Path 84:
   Slack (met):                              2641ps
     Path type:                                HOLD
     Group:                              <UDEF_clk>
     Launching clock:                           clk (rising edge)
     Capturing clock:                           clk (rising edge)

   + Delay of the launching clock:            949ps
   + Propagation time:                       2841ps (63.0% logic, 37.0% route, logic stage 1)
   - Delay of the capturing clock:            999ps
   - Clock uncertainty:                       150ps
   - Requested period:                          0ps
   = Slack:                                  2641ps

   Instance/Pin or Net Name   Type         ID    Location or Fanout   Delay(ps)  Edge  Arrival Time(ps)    Instance detail                                                                        
   -------------------------------------------------------------------------------------------------------------------------------------------------------------------------------------------------
   clk                        CLOCK-PORT    -                     -     launch     r               0                                                                                              
   clk                        Clock net     2          (fanout=225)        949                     -                                                                                              
   RBB_3/CLK                  RBB_6L        3  [TILE 0 0, RBB 16 6]          -     r             949                                                                                              
   -------------------------------------------------------------------------------------------------------------------------------------------------------------------------------------------------
   RBB_3/BQ                   RBB_6L        3  [TILE 0 0, RBB 16 6]        800     r            1749     {inst22: counter_FDRE_Q_16 (FD,site=bff)}                                                
   counter[5]                 Net           9            (fanout=1)       1051                     -                                                                                              
   RBB_3/B1                   RBB_6L        3  [TILE 0 0, RBB 16 6]          -     r            2800     {inst10: LED_CARRY4_S_O_1_CARRY4_O_3 (CARRY4)} {inst22: counter_FDRE_Q_16 (FD,site=bff)} 
   -------------------------------------------------------------------------------------------------------------------------------------------------------------------------------------------------
   RBB_3/CLK                  RBB_6L        3  [TILE 0 0, RBB 16 6]        990     r            3790                                                                                              
   clk                        Clock net     2          (fanout=225)       -999                     -                                                                                              
   clk                        CLOCK-PORT    -                     -    capture     r            2791                                                                                              
   -------------------------------------------------------------------------------------------------------------------------------------------------------------------------------------------------


Path 85:
   Slack (met):                              2642ps
     Path type:                                HOLD
     Group:                              <UDEF_clk>
     Launching clock:                           clk (rising edge)
     Capturing clock:                           clk (rising edge)

   + Delay of the launching clock:            969ps
   + Propagation time:                       2846ps (62.9% logic, 37.1% route, logic stage 1)
   - Delay of the capturing clock:           1023ps
   - Clock uncertainty:                       150ps
   - Requested period:                          0ps
   = Slack:                                  2642ps

   Instance/Pin or Net Name   Type         ID    Location or Fanout   Delay(ps)  Edge  Arrival Time(ps)    Instance detail                                                                      
   -----------------------------------------------------------------------------------------------------------------------------------------------------------------------------------------------
   clk                        CLOCK-PORT    -                     -     launch     r               0                                                                                            
   clk                        Clock net     2          (fanout=225)        969                     -                                                                                            
   RBB_5/CLK                  RBB_6L        5  [TILE 0 0, RBB 22 6]          -     r             969                                                                                            
   -----------------------------------------------------------------------------------------------------------------------------------------------------------------------------------------------
   RBB_5/BQ                   RBB_6L        5  [TILE 0 0, RBB 22 6]        800     r            1769     {inst34: counter_FDRE_Q_8 (FD,site=bff)}                                               
   counter[13]                Net          17            (fanout=1)       1056                     -                                                                                            
   RBB_5/B1                   RBB_6L        5  [TILE 0 0, RBB 22 6]          -     r            2825     {inst8: LED_CARRY4_S_O_1_CARRY4_O_1 (CARRY4)} {inst34: counter_FDRE_Q_8 (FD,site=bff)} 
   -----------------------------------------------------------------------------------------------------------------------------------------------------------------------------------------------
   RBB_5/CLK                  RBB_6L        5  [TILE 0 0, RBB 22 6]        990     r            3815                                                                                            
   clk                        Clock net     2          (fanout=225)      -1023                     -                                                                                            
   clk                        CLOCK-PORT    -                     -    capture     r            2792                                                                                            
   -----------------------------------------------------------------------------------------------------------------------------------------------------------------------------------------------


Path 86:
   Slack (met):                              2687ps
     Path type:                                HOLD
     Group:                              <UDEF_clk>
     Launching clock:                           clk (rising edge)
     Capturing clock:                           clk (rising edge)

   + Delay of the launching clock:            976ps
   + Propagation time:                       2893ps (62.5% logic, 37.5% route, logic stage 1)
   - Delay of the capturing clock:           1032ps
   - Clock uncertainty:                       150ps
   - Requested period:                          0ps
   = Slack:                                  2687ps

   Instance/Pin or Net Name   Type         ID    Location or Fanout   Delay(ps)  Edge  Arrival Time(ps)    Instance detail                                                 
   --------------------------------------------------------------------------------------------------------------------------------------------------------------------------
   clk                        CLOCK-PORT    -                     -     launch     r               0                                                                       
   clk                        Clock net     2          (fanout=225)        976                     -                                                                       
   RBB_7/CLK                  RBB_6L        7  [TILE 0 0, RBB 28 6]          -     r             976                                                                       
   --------------------------------------------------------------------------------------------------------------------------------------------------------------------------
   RBB_7/CQ                   RBB_6L        7  [TILE 0 0, RBB 28 6]        800     r            1776     {inst13: LED_FDRE_Q (FD,site=cff)}                                
   LED                        Net           3            (fanout=1)       1085                     -                                                                       
   RBB_7/C1                   RBB_6L        7  [TILE 0 0, RBB 28 6]          -     r            2861     {inst6: LED_CARRY4_S (CARRY4)} {inst13: LED_FDRE_Q (FD,site=cff)} 
   --------------------------------------------------------------------------------------------------------------------------------------------------------------------------
   RBB_7/CLK                  RBB_6L        7  [TILE 0 0, RBB 28 6]       1008     r            3869                                                                       
   clk                        Clock net     2          (fanout=225)      -1032                     -                                                                       
   clk                        CLOCK-PORT    -                     -    capture     r            2837                                                                       
   --------------------------------------------------------------------------------------------------------------------------------------------------------------------------


Path 87:
   Slack (met):                              2696ps
     Path type:                                HOLD
     Group:                              <UDEF_clk>
     Launching clock:                           clk (rising edge)
     Capturing clock:                           clk (rising edge)

   + Delay of the launching clock:            949ps
   + Propagation time:                       2896ps (62.4% logic, 37.6% route, logic stage 1)
   - Delay of the capturing clock:            999ps
   - Clock uncertainty:                       150ps
   - Requested period:                          0ps
   = Slack:                                  2696ps

   Instance/Pin or Net Name   Type         ID    Location or Fanout   Delay(ps)  Edge  Arrival Time(ps)    Instance detail                                                                        
   -------------------------------------------------------------------------------------------------------------------------------------------------------------------------------------------------
   clk                        CLOCK-PORT    -                     -     launch     r               0                                                                                              
   clk                        Clock net     2          (fanout=225)        949                     -                                                                                              
   RBB_3/CLK                  RBB_6L        3  [TILE 0 0, RBB 16 6]          -     r             949                                                                                              
   -------------------------------------------------------------------------------------------------------------------------------------------------------------------------------------------------
   RBB_3/CQ                   RBB_6L        3  [TILE 0 0, RBB 16 6]        800     r            1749     {inst21: counter_FDRE_Q_15 (FD,site=cff)}                                                
   counter[6]                 Net          10            (fanout=1)       1088                     -                                                                                              
   RBB_3/C1                   RBB_6L        3  [TILE 0 0, RBB 16 6]          -     r            2837     {inst10: LED_CARRY4_S_O_1_CARRY4_O_3 (CARRY4)} {inst21: counter_FDRE_Q_15 (FD,site=cff)} 
   -------------------------------------------------------------------------------------------------------------------------------------------------------------------------------------------------
   RBB_3/CLK                  RBB_6L        3  [TILE 0 0, RBB 16 6]       1008     r            3845                                                                                              
   clk                        Clock net     2          (fanout=225)       -999                     -                                                                                              
   clk                        CLOCK-PORT    -                     -    capture     r            2846                                                                                              
   -------------------------------------------------------------------------------------------------------------------------------------------------------------------------------------------------


Path 88:
   Slack (met):                              2711ps
     Path type:                                HOLD
     Group:                              <UDEF_clk>
     Launching clock:                           clk (rising edge)
     Capturing clock:                           clk (rising edge)

   + Delay of the launching clock:            949ps
   + Propagation time:                       2911ps (62.6% logic, 37.4% route, logic stage 1)
   - Delay of the capturing clock:            999ps
   - Clock uncertainty:                       150ps
   - Requested period:                          0ps
   = Slack:                                  2711ps

   Instance/Pin or Net Name   Type         ID    Location or Fanout   Delay(ps)  Edge  Arrival Time(ps)    Instance detail                                                                        
   -------------------------------------------------------------------------------------------------------------------------------------------------------------------------------------------------
   clk                        CLOCK-PORT    -                     -     launch     r               0                                                                                              
   clk                        Clock net     2          (fanout=225)        949                     -                                                                                              
   RBB_3/CLK                  RBB_6L        3  [TILE 0 0, RBB 16 6]          -     r             949                                                                                              
   -------------------------------------------------------------------------------------------------------------------------------------------------------------------------------------------------
   RBB_3/DQ                   RBB_6L        3  [TILE 0 0, RBB 16 6]        800     r            1749     {inst20: counter_FDRE_Q_14 (FD,site=dff)}                                                
   counter[7]                 Net          11            (fanout=1)       1088                     -                                                                                              
   RBB_3/D1                   RBB_6L        3  [TILE 0 0, RBB 16 6]          -     r            2837     {inst10: LED_CARRY4_S_O_1_CARRY4_O_3 (CARRY4)} {inst20: counter_FDRE_Q_14 (FD,site=dff)} 
   -------------------------------------------------------------------------------------------------------------------------------------------------------------------------------------------------
   RBB_3/CLK                  RBB_6L        3  [TILE 0 0, RBB 16 6]       1023     r            3860                                                                                              
   clk                        Clock net     2          (fanout=225)       -999                     -                                                                                              
   clk                        CLOCK-PORT    -                     -    capture     r            2861                                                                                              
   -------------------------------------------------------------------------------------------------------------------------------------------------------------------------------------------------


Path 89:
   Slack (met):                              2722ps
     Path type:                                HOLD
     Group:                              <UDEF_clk>
     Launching clock:                           clk (rising edge)
     Capturing clock:                           clk (rising edge)

   + Delay of the launching clock:            976ps
   + Propagation time:                       2928ps (64.1% logic, 35.9% route, logic stage 1)
   - Delay of the capturing clock:           1032ps
   - Clock uncertainty:                       150ps
   - Requested period:                          0ps
   = Slack:                                  2722ps

   Instance/Pin or Net Name   Type         ID    Location or Fanout   Delay(ps)  Edge  Arrival Time(ps)    Instance detail                                                 
   --------------------------------------------------------------------------------------------------------------------------------------------------------------------------
   clk                        CLOCK-PORT    -                     -     launch     r               0                                                                       
   clk                        Clock net     2          (fanout=225)        976                     -                                                                       
   RBB_7/CLK                  RBB_6L        7  [TILE 0 0, RBB 28 6]          -     r             976                                                                       
   --------------------------------------------------------------------------------------------------------------------------------------------------------------------------
   RBB_7/BQ                   RBB_6L        7  [TILE 0 0, RBB 28 6]        800     r            1776     {inst14: counter_FDRE_Q (FD,site=bff)}                            
   counter[21]                Net          25            (fanout=1)       1052                     -                                                                       
   RBB_7/B1                   RBB_6L        7  [TILE 0 0, RBB 28 6]          -     r            2828     {inst6: LED_CARRY4_S (CARRY4)} {inst13: LED_FDRE_Q (FD,site=cff)} 
   --------------------------------------------------------------------------------------------------------------------------------------------------------------------------
   RBB_7/CLK                  RBB_6L        7  [TILE 0 0, RBB 28 6]       1076     r            3904                                                                       
   clk                        Clock net     2          (fanout=225)      -1032                     -                                                                       
   clk                        CLOCK-PORT    -                     -    capture     r            2872                                                                       
   --------------------------------------------------------------------------------------------------------------------------------------------------------------------------


Path 90:
   Slack (met):                              2727ps
     Path type:                                HOLD
     Group:                              <UDEF_clk>
     Launching clock:                           clk (rising edge)
     Capturing clock:                           clk (rising edge)

   + Delay of the launching clock:            949ps
   + Propagation time:                       2927ps (64.1% logic, 35.9% route, logic stage 1)
   - Delay of the capturing clock:            999ps
   - Clock uncertainty:                       150ps
   - Requested period:                          0ps
   = Slack:                                  2727ps

   Instance/Pin or Net Name   Type         ID    Location or Fanout   Delay(ps)  Edge  Arrival Time(ps)    Instance detail                                                                        
   -------------------------------------------------------------------------------------------------------------------------------------------------------------------------------------------------
   clk                        CLOCK-PORT    -                     -     launch     r               0                                                                                              
   clk                        Clock net     2          (fanout=225)        949                     -                                                                                              
   RBB_3/CLK                  RBB_6L        3  [TILE 0 0, RBB 16 6]          -     r             949                                                                                              
   -------------------------------------------------------------------------------------------------------------------------------------------------------------------------------------------------
   RBB_3/BQ                   RBB_6L        3  [TILE 0 0, RBB 16 6]        800     r            1749     {inst22: counter_FDRE_Q_16 (FD,site=bff)}                                                
   counter[5]                 Net           9            (fanout=1)       1051                     -                                                                                              
   RBB_3/B1                   RBB_6L        3  [TILE 0 0, RBB 16 6]          -     r            2800     {inst10: LED_CARRY4_S_O_1_CARRY4_O_3 (CARRY4)} {inst21: counter_FDRE_Q_15 (FD,site=cff)} 
   -------------------------------------------------------------------------------------------------------------------------------------------------------------------------------------------------
   RBB_3/CLK                  RBB_6L        3  [TILE 0 0, RBB 16 6]       1076     r            3876                                                                                              
   clk                        Clock net     2          (fanout=225)       -999                     -                                                                                              
   clk                        CLOCK-PORT    -                     -    capture     r            2877                                                                                              
   -------------------------------------------------------------------------------------------------------------------------------------------------------------------------------------------------


Path 91:
   Slack (met):                              2728ps
     Path type:                                HOLD
     Group:                              <UDEF_clk>
     Launching clock:                           clk (rising edge)
     Capturing clock:                           clk (rising edge)

   + Delay of the launching clock:            969ps
   + Propagation time:                       2932ps (64.0% logic, 36.0% route, logic stage 1)
   - Delay of the capturing clock:           1023ps
   - Clock uncertainty:                       150ps
   - Requested period:                          0ps
   = Slack:                                  2728ps

   Instance/Pin or Net Name   Type         ID    Location or Fanout   Delay(ps)  Edge  Arrival Time(ps)    Instance detail                                                                      
   -----------------------------------------------------------------------------------------------------------------------------------------------------------------------------------------------
   clk                        CLOCK-PORT    -                     -     launch     r               0                                                                                            
   clk                        Clock net     2          (fanout=225)        969                     -                                                                                            
   RBB_5/CLK                  RBB_6L        5  [TILE 0 0, RBB 22 6]          -     r             969                                                                                            
   -----------------------------------------------------------------------------------------------------------------------------------------------------------------------------------------------
   RBB_5/BQ                   RBB_6L        5  [TILE 0 0, RBB 22 6]        800     r            1769     {inst34: counter_FDRE_Q_8 (FD,site=bff)}                                               
   counter[13]                Net          17            (fanout=1)       1056                     -                                                                                            
   RBB_5/B1                   RBB_6L        5  [TILE 0 0, RBB 22 6]          -     r            2825     {inst8: LED_CARRY4_S_O_1_CARRY4_O_1 (CARRY4)} {inst33: counter_FDRE_Q_7 (FD,site=cff)} 
   -----------------------------------------------------------------------------------------------------------------------------------------------------------------------------------------------
   RBB_5/CLK                  RBB_6L        5  [TILE 0 0, RBB 22 6]       1076     r            3901                                                                                            
   clk                        Clock net     2          (fanout=225)      -1023                     -                                                                                            
   clk                        CLOCK-PORT    -                     -    capture     r            2878                                                                                            
   -----------------------------------------------------------------------------------------------------------------------------------------------------------------------------------------------


Path 92:
   Slack (met):                              2729ps
     Path type:                                HOLD
     Group:                              <UDEF_clk>
     Launching clock:                           clk (rising edge)
     Capturing clock:                           clk (rising edge)

   + Delay of the launching clock:            951ps
   + Propagation time:                       2929ps (61.1% logic, 38.9% route, logic stage 1)
   - Delay of the capturing clock:           1001ps
   - Clock uncertainty:                       150ps
   - Requested period:                          0ps
   = Slack:                                  2729ps

   Instance/Pin or Net Name   Type         ID    Location or Fanout   Delay(ps)  Edge  Arrival Time(ps)    Instance detail                                                                        
   -------------------------------------------------------------------------------------------------------------------------------------------------------------------------------------------------
   clk                        CLOCK-PORT    -                     -     launch     r               0                                                                                              
   clk                        Clock net     2          (fanout=225)        951                     -                                                                                              
   RBB_2/CLK                  RBB_6L        2  [TILE 0 0, RBB 13 6]          -     r             951                                                                                              
   -------------------------------------------------------------------------------------------------------------------------------------------------------------------------------------------------
   RBB_2/BQ                   RBB_6L        2  [TILE 0 0, RBB 13 6]        800     r            1751     {inst27: counter_FDRE_Q_20 (FD,site=bff)}                                                
   counter[1]                 Net           5            (fanout=1)       1139                     -                                                                                              
   RBB_2/B1                   RBB_6L        2  [TILE 0 0, RBB 13 6]          -     r            2890     {inst11: LED_CARRY4_S_O_1_CARRY4_O_4 (CARRY4)} {inst27: counter_FDRE_Q_20 (FD,site=bff)} 
   -------------------------------------------------------------------------------------------------------------------------------------------------------------------------------------------------
   RBB_2/CLK                  RBB_6L        2  [TILE 0 0, RBB 13 6]        990     r            3880                                                                                              
   clk                        Clock net     2          (fanout=225)      -1001                     -                                                                                              
   clk                        CLOCK-PORT    -                     -    capture     r            2879                                                                                              
   -------------------------------------------------------------------------------------------------------------------------------------------------------------------------------------------------


Path 93:
   Slack (met):                              2732ps
     Path type:                                HOLD
     Group:                              <UDEF_clk>
     Launching clock:                           clk (rising edge)
     Capturing clock:                           clk (rising edge)

   + Delay of the launching clock:            970ps
   + Propagation time:                       2936ps (61.0% logic, 39.0% route, logic stage 1)
   - Delay of the capturing clock:           1024ps
   - Clock uncertainty:                       150ps
   - Requested period:                          0ps
   = Slack:                                  2732ps

   Instance/Pin or Net Name   Type         ID    Location or Fanout   Delay(ps)  Edge  Arrival Time(ps)    Instance detail                                                                    
   ---------------------------------------------------------------------------------------------------------------------------------------------------------------------------------------------
   clk                        CLOCK-PORT    -                     -     launch     r               0                                                                                          
   clk                        Clock net     2          (fanout=225)        970                     -                                                                                          
   RBB_6/CLK                  RBB_6L        6  [TILE 0 0, RBB 25 6]          -     r             970                                                                                          
   ---------------------------------------------------------------------------------------------------------------------------------------------------------------------------------------------
   RBB_6/BQ                   RBB_6L        6  [TILE 0 0, RBB 25 6]        800     r            1770     {inst30: counter_FDRE_Q_4 (FD,site=bff)}                                             
   counter[17]                Net          21            (fanout=1)       1146                     -                                                                                          
   RBB_6/B1                   RBB_6L        6  [TILE 0 0, RBB 25 6]          -     r            2916     {inst7: LED_CARRY4_S_O_1_CARRY4_O (CARRY4)} {inst30: counter_FDRE_Q_4 (FD,site=bff)} 
   ---------------------------------------------------------------------------------------------------------------------------------------------------------------------------------------------
   RBB_6/CLK                  RBB_6L        6  [TILE 0 0, RBB 25 6]        990     r            3906                                                                                          
   clk                        Clock net     2          (fanout=225)      -1024                     -                                                                                          
   clk                        CLOCK-PORT    -                     -    capture     r            2882                                                                                          
   ---------------------------------------------------------------------------------------------------------------------------------------------------------------------------------------------


Path 94:
   Slack (met):                              2769ps
     Path type:                                HOLD
     Group:                              <UDEF_clk>
     Launching clock:                           clk (rising edge)
     Capturing clock:                           clk (rising edge)

   + Delay of the launching clock:            949ps
   + Propagation time:                       2969ps (64.6% logic, 35.4% route, logic stage 1)
   - Delay of the capturing clock:            999ps
   - Clock uncertainty:                       150ps
   - Requested period:                          0ps
   = Slack:                                  2769ps

   Instance/Pin or Net Name   Type         ID    Location or Fanout   Delay(ps)  Edge  Arrival Time(ps)    Instance detail                                                                        
   -------------------------------------------------------------------------------------------------------------------------------------------------------------------------------------------------
   clk                        CLOCK-PORT    -                     -     launch     r               0                                                                                              
   clk                        Clock net     2          (fanout=225)        949                     -                                                                                              
   RBB_3/CLK                  RBB_6L        3  [TILE 0 0, RBB 16 6]          -     r             949                                                                                              
   -------------------------------------------------------------------------------------------------------------------------------------------------------------------------------------------------
   RBB_3/BQ                   RBB_6L        3  [TILE 0 0, RBB 16 6]        800     r            1749     {inst22: counter_FDRE_Q_16 (FD,site=bff)}                                                
   counter[5]                 Net           9            (fanout=1)       1051                     -                                                                                              
   RBB_3/B1                   RBB_6L        3  [TILE 0 0, RBB 16 6]          -     r            2800     {inst10: LED_CARRY4_S_O_1_CARRY4_O_3 (CARRY4)} {inst20: counter_FDRE_Q_14 (FD,site=dff)} 
   -------------------------------------------------------------------------------------------------------------------------------------------------------------------------------------------------
   RBB_3/CLK                  RBB_6L        3  [TILE 0 0, RBB 16 6]       1118     r            3918                                                                                              
   clk                        Clock net     2          (fanout=225)       -999                     -                                                                                              
   clk                        CLOCK-PORT    -                     -    capture     r            2919                                                                                              
   -------------------------------------------------------------------------------------------------------------------------------------------------------------------------------------------------


Path 95:
   Slack (met):                              2770ps
     Path type:                                HOLD
     Group:                              <UDEF_clk>
     Launching clock:                           clk (rising edge)
     Capturing clock:                           clk (rising edge)

   + Delay of the launching clock:            969ps
   + Propagation time:                       2974ps (64.5% logic, 35.5% route, logic stage 1)
   - Delay of the capturing clock:           1023ps
   - Clock uncertainty:                       150ps
   - Requested period:                          0ps
   = Slack:                                  2770ps

   Instance/Pin or Net Name   Type         ID    Location or Fanout   Delay(ps)  Edge  Arrival Time(ps)    Instance detail                                                                      
   -----------------------------------------------------------------------------------------------------------------------------------------------------------------------------------------------
   clk                        CLOCK-PORT    -                     -     launch     r               0                                                                                            
   clk                        Clock net     2          (fanout=225)        969                     -                                                                                            
   RBB_5/CLK                  RBB_6L        5  [TILE 0 0, RBB 22 6]          -     r             969                                                                                            
   -----------------------------------------------------------------------------------------------------------------------------------------------------------------------------------------------
   RBB_5/BQ                   RBB_6L        5  [TILE 0 0, RBB 22 6]        800     r            1769     {inst34: counter_FDRE_Q_8 (FD,site=bff)}                                               
   counter[13]                Net          17            (fanout=1)       1056                     -                                                                                            
   RBB_5/B1                   RBB_6L        5  [TILE 0 0, RBB 22 6]          -     r            2825     {inst8: LED_CARRY4_S_O_1_CARRY4_O_1 (CARRY4)} {inst32: counter_FDRE_Q_6 (FD,site=dff)} 
   -----------------------------------------------------------------------------------------------------------------------------------------------------------------------------------------------
   RBB_5/CLK                  RBB_6L        5  [TILE 0 0, RBB 22 6]       1118     r            3943                                                                                            
   clk                        Clock net     2          (fanout=225)      -1023                     -                                                                                            
   clk                        CLOCK-PORT    -                     -    capture     r            2920                                                                                            
   -----------------------------------------------------------------------------------------------------------------------------------------------------------------------------------------------


Path 96:
   Slack (met):                              2785ps
     Path type:                                HOLD
     Group:                              <UDEF_clk>
     Launching clock:                           clk (rising edge)
     Capturing clock:                           clk (rising edge)

   + Delay of the launching clock:            970ps
   + Propagation time:                       2989ps (68.4% logic, 31.6% route, logic stage 1)
   - Delay of the capturing clock:           1024ps
   - Clock uncertainty:                       150ps
   - Requested period:                          0ps
   = Slack:                                  2785ps

   Instance/Pin or Net Name   Type         ID    Location or Fanout   Delay(ps)  Edge  Arrival Time(ps)    Instance detail                                                                    
   ---------------------------------------------------------------------------------------------------------------------------------------------------------------------------------------------
   clk                        CLOCK-PORT    -                     -     launch     r               0                                                                                          
   clk                        Clock net     2          (fanout=225)        970                     -                                                                                          
   RBB_6/CLK                  RBB_6L        6  [TILE 0 0, RBB 25 6]          -     r             970                                                                                          
   ---------------------------------------------------------------------------------------------------------------------------------------------------------------------------------------------
   RBB_6/CQ                   RBB_6L        6  [TILE 0 0, RBB 25 6]        800     r            1770     {inst29: counter_FDRE_Q_3 (FD,site=cff)}                                             
   counter[18]                Net          22            (fanout=1)        946                     -                                                                                          
   RBB_6/C1                   RBB_6L        6  [TILE 0 0, RBB 25 6]          -     r            2716     {inst7: LED_CARRY4_S_O_1_CARRY4_O (CARRY4)} {inst26: counter_FDRE_Q_2 (FD,site=dff)} 
   ---------------------------------------------------------------------------------------------------------------------------------------------------------------------------------------------
   RBB_6/CLK                  RBB_6L        6  [TILE 0 0, RBB 25 6]       1243     r            3959                                                                                          
   clk                        Clock net     2          (fanout=225)      -1024                     -                                                                                          
   clk                        CLOCK-PORT    -                     -    capture     r            2935                                                                                          
   ---------------------------------------------------------------------------------------------------------------------------------------------------------------------------------------------


Path 97:
   Slack (met):                              2789ps
     Path type:                                HOLD
     Group:                              <UDEF_clk>
     Launching clock:                           clk (rising edge)
     Capturing clock:                           clk (rising edge)

   + Delay of the launching clock:            951ps
   + Propagation time:                       2989ps (68.4% logic, 31.6% route, logic stage 1)
   - Delay of the capturing clock:           1001ps
   - Clock uncertainty:                       150ps
   - Requested period:                          0ps
   = Slack:                                  2789ps

   Instance/Pin or Net Name   Type         ID    Location or Fanout   Delay(ps)  Edge  Arrival Time(ps)    Instance detail                                                                        
   -------------------------------------------------------------------------------------------------------------------------------------------------------------------------------------------------
   clk                        CLOCK-PORT    -                     -     launch     r               0                                                                                              
   clk                        Clock net     2          (fanout=225)        951                     -                                                                                              
   RBB_2/CLK                  RBB_6L        2  [TILE 0 0, RBB 13 6]          -     r             951                                                                                              
   -------------------------------------------------------------------------------------------------------------------------------------------------------------------------------------------------
   RBB_2/CQ                   RBB_6L        2  [TILE 0 0, RBB 13 6]        800     r            1751     {inst25: counter_FDRE_Q_19 (FD,site=cff)}                                                
   counter[2]                 Net           6            (fanout=1)        946                     -                                                                                              
   RBB_2/C1                   RBB_6L        2  [TILE 0 0, RBB 13 6]          -     r            2697     {inst11: LED_CARRY4_S_O_1_CARRY4_O_4 (CARRY4)} {inst24: counter_FDRE_Q_18 (FD,site=dff)} 
   -------------------------------------------------------------------------------------------------------------------------------------------------------------------------------------------------
   RBB_2/CLK                  RBB_6L        2  [TILE 0 0, RBB 13 6]       1243     r            3940                                                                                              
   clk                        Clock net     2          (fanout=225)      -1001                     -                                                                                              
   clk                        CLOCK-PORT    -                     -    capture     r            2939                                                                                              
   -------------------------------------------------------------------------------------------------------------------------------------------------------------------------------------------------


Path 98:
   Slack (met):                              2791ps
     Path type:                                HOLD
     Group:                              <UDEF_clk>
     Launching clock:                           clk (rising edge)
     Capturing clock:                           clk (rising edge)

   + Delay of the launching clock:            954ps
   + Propagation time:                       2990ps (68.3% logic, 31.7% route, logic stage 1)
   - Delay of the capturing clock:           1003ps
   - Clock uncertainty:                       150ps
   - Requested period:                          0ps
   = Slack:                                  2791ps

   Instance/Pin or Net Name   Type         ID    Location or Fanout   Delay(ps)  Edge  Arrival Time(ps)    Instance detail                                                                       
   ------------------------------------------------------------------------------------------------------------------------------------------------------------------------------------------------
   clk                        CLOCK-PORT    -                     -     launch     r               0                                                                                             
   clk                        Clock net     2          (fanout=225)        954                     -                                                                                             
   RBB_4/CLK                  RBB_6L        4  [TILE 0 0, RBB 19 6]          -     r             954                                                                                             
   ------------------------------------------------------------------------------------------------------------------------------------------------------------------------------------------------
   RBB_4/CQ                   RBB_6L        4  [TILE 0 0, RBB 19 6]        800     r            1754     {inst17: counter_FDRE_Q_11 (FD,site=cff)}                                               
   counter[10]                Net          14            (fanout=1)        947                     -                                                                                             
   RBB_4/C1                   RBB_6L        4  [TILE 0 0, RBB 19 6]          -     r            2701     {inst9: LED_CARRY4_S_O_1_CARRY4_O_2 (CARRY4)} {inst16: counter_FDRE_Q_10 (FD,site=dff)} 
   ------------------------------------------------------------------------------------------------------------------------------------------------------------------------------------------------
   RBB_4/CLK                  RBB_6L        4  [TILE 0 0, RBB 19 6]       1243     r            3944                                                                                             
   clk                        Clock net     2          (fanout=225)      -1003                     -                                                                                             
   clk                        CLOCK-PORT    -                     -    capture     r            2941                                                                                             
   ------------------------------------------------------------------------------------------------------------------------------------------------------------------------------------------------


Path 99:
   Slack (met):                              2806ps
     Path type:                                HOLD
     Group:                              <UDEF_clk>
     Launching clock:                           clk (rising edge)
     Capturing clock:                           clk (rising edge)

   + Delay of the launching clock:            970ps
   + Propagation time:                       3010ps (63.1% logic, 36.9% route, logic stage 1)
   - Delay of the capturing clock:           1024ps
   - Clock uncertainty:                       150ps
   - Requested period:                          0ps
   = Slack:                                  2806ps

   Instance/Pin or Net Name   Type         ID    Location or Fanout   Delay(ps)  Edge  Arrival Time(ps)    Instance detail                                                                    
   ---------------------------------------------------------------------------------------------------------------------------------------------------------------------------------------------
   clk                        CLOCK-PORT    -                     -     launch     r               0                                                                                          
   clk                        Clock net     2          (fanout=225)        970                     -                                                                                          
   RBB_6/CLK                  RBB_6L        6  [TILE 0 0, RBB 25 6]          -     r             970                                                                                          
   ---------------------------------------------------------------------------------------------------------------------------------------------------------------------------------------------
   RBB_6/AQ                   RBB_6L        6  [TILE 0 0, RBB 25 6]        800     r            1770     {inst31: counter_FDRE_Q_5 (FD,site=aff)}                                             
   counter[16]                Net          20            (fanout=1)       1112                     -                                                                                          
   RBB_6/A1                   RBB_6L        6  [TILE 0 0, RBB 25 6]          -     r            2882     {inst7: LED_CARRY4_S_O_1_CARRY4_O (CARRY4)} {inst31: counter_FDRE_Q_5 (FD,site=aff)} 
   ---------------------------------------------------------------------------------------------------------------------------------------------------------------------------------------------
   RBB_6/CLK                  RBB_6L        6  [TILE 0 0, RBB 25 6]       1098     r            3980                                                                                          
   clk                        Clock net     2          (fanout=225)      -1024                     -                                                                                          
   clk                        CLOCK-PORT    -                     -    capture     r            2956                                                                                          
   ---------------------------------------------------------------------------------------------------------------------------------------------------------------------------------------------


Path 100:
   Slack (met):                              2815ps
     Path type:                                HOLD
     Group:                              <UDEF_clk>
     Launching clock:                           clk (rising edge)
     Capturing clock:                           clk (rising edge)

   + Delay of the launching clock:            951ps
   + Propagation time:                       3015ps (62.2% logic, 37.8% route, logic stage 1)
   - Delay of the capturing clock:           1001ps
   - Clock uncertainty:                       150ps
   - Requested period:                          0ps
   = Slack:                                  2815ps

   Instance/Pin or Net Name   Type         ID    Location or Fanout   Delay(ps)  Edge  Arrival Time(ps)    Instance detail                                                                        
   -------------------------------------------------------------------------------------------------------------------------------------------------------------------------------------------------
   clk                        CLOCK-PORT    -                     -     launch     r               0                                                                                              
   clk                        Clock net     2          (fanout=225)        951                     -                                                                                              
   RBB_2/CLK                  RBB_6L        2  [TILE 0 0, RBB 13 6]          -     r             951                                                                                              
   -------------------------------------------------------------------------------------------------------------------------------------------------------------------------------------------------
   RBB_2/BQ                   RBB_6L        2  [TILE 0 0, RBB 13 6]        800     r            1751     {inst27: counter_FDRE_Q_20 (FD,site=bff)}                                                
   counter[1]                 Net           5            (fanout=1)       1139                     -                                                                                              
   RBB_2/B1                   RBB_6L        2  [TILE 0 0, RBB 13 6]          -     r            2890     {inst11: LED_CARRY4_S_O_1_CARRY4_O_4 (CARRY4)} {inst25: counter_FDRE_Q_19 (FD,site=cff)} 
   -------------------------------------------------------------------------------------------------------------------------------------------------------------------------------------------------
   RBB_2/CLK                  RBB_6L        2  [TILE 0 0, RBB 13 6]       1076     r            3966                                                                                              
   clk                        Clock net     2          (fanout=225)      -1001                     -                                                                                              
   clk                        CLOCK-PORT    -                     -    capture     r            2965                                                                                              
   -------------------------------------------------------------------------------------------------------------------------------------------------------------------------------------------------


Path 101:
   Slack (met):                              2818ps
     Path type:                                HOLD
     Group:                              <UDEF_clk>
     Launching clock:                           clk (rising edge)
     Capturing clock:                           clk (rising edge)

   + Delay of the launching clock:            970ps
   + Propagation time:                       3022ps (62.1% logic, 37.9% route, logic stage 1)
   - Delay of the capturing clock:           1024ps
   - Clock uncertainty:                       150ps
   - Requested period:                          0ps
   = Slack:                                  2818ps

   Instance/Pin or Net Name   Type         ID    Location or Fanout   Delay(ps)  Edge  Arrival Time(ps)    Instance detail                                                                    
   ---------------------------------------------------------------------------------------------------------------------------------------------------------------------------------------------
   clk                        CLOCK-PORT    -                     -     launch     r               0                                                                                          
   clk                        Clock net     2          (fanout=225)        970                     -                                                                                          
   RBB_6/CLK                  RBB_6L        6  [TILE 0 0, RBB 25 6]          -     r             970                                                                                          
   ---------------------------------------------------------------------------------------------------------------------------------------------------------------------------------------------
   RBB_6/BQ                   RBB_6L        6  [TILE 0 0, RBB 25 6]        800     r            1770     {inst30: counter_FDRE_Q_4 (FD,site=bff)}                                             
   counter[17]                Net          21            (fanout=1)       1146                     -                                                                                          
   RBB_6/B1                   RBB_6L        6  [TILE 0 0, RBB 25 6]          -     r            2916     {inst7: LED_CARRY4_S_O_1_CARRY4_O (CARRY4)} {inst29: counter_FDRE_Q_3 (FD,site=cff)} 
   ---------------------------------------------------------------------------------------------------------------------------------------------------------------------------------------------
   RBB_6/CLK                  RBB_6L        6  [TILE 0 0, RBB 25 6]       1076     r            3992                                                                                          
   clk                        Clock net     2          (fanout=225)      -1024                     -                                                                                          
   clk                        CLOCK-PORT    -                     -    capture     r            2968                                                                                          
   ---------------------------------------------------------------------------------------------------------------------------------------------------------------------------------------------


Path 102:
   Slack (met):                              2827ps
     Path type:                                HOLD
     Group:                              <UDEF_clk>
     Launching clock:                           clk (rising edge)
     Capturing clock:                           clk (rising edge)

   + Delay of the launching clock:            976ps
   + Propagation time:                       3033ps (62.6% logic, 37.4% route, logic stage 1)
   - Delay of the capturing clock:           1032ps
   - Clock uncertainty:                       150ps
   - Requested period:                          0ps
   = Slack:                                  2827ps

   Instance/Pin or Net Name   Type         ID    Location or Fanout   Delay(ps)  Edge  Arrival Time(ps)    Instance detail                                                       
   --------------------------------------------------------------------------------------------------------------------------------------------------------------------------------
   clk                        CLOCK-PORT    -                     -     launch     r               0                                                                             
   clk                        Clock net     2          (fanout=225)        976                     -                                                                             
   RBB_7/CLK                  RBB_6L        7  [TILE 0 0, RBB 28 6]          -     r             976                                                                             
   --------------------------------------------------------------------------------------------------------------------------------------------------------------------------------
   RBB_7/AQ                   RBB_6L        7  [TILE 0 0, RBB 28 6]        800     r            1776     {inst15: counter_FDRE_Q_1 (FD,site=aff)}                                
   counter[20]                Net          24            (fanout=1)       1135                     -                                                                             
   RBB_7/A1                   RBB_6L        7  [TILE 0 0, RBB 28 6]          -     r            2911     {inst6: LED_CARRY4_S (CARRY4)} {inst15: counter_FDRE_Q_1 (FD,site=aff)} 
   --------------------------------------------------------------------------------------------------------------------------------------------------------------------------------
   RBB_7/CLK                  RBB_6L        7  [TILE 0 0, RBB 28 6]       1098     r            4009                                                                             
   clk                        Clock net     2          (fanout=225)      -1032                     -                                                                             
   clk                        CLOCK-PORT    -                     -    capture     r            2977                                                                             
   --------------------------------------------------------------------------------------------------------------------------------------------------------------------------------


Path 103:
   Slack (met):                              2832ps
     Path type:                                HOLD
     Group:                              <UDEF_clk>
     Launching clock:                           clk (rising edge)
     Capturing clock:                           clk (rising edge)

   + Delay of the launching clock:            949ps
   + Propagation time:                       3032ps (62.6% logic, 37.4% route, logic stage 1)
   - Delay of the capturing clock:            999ps
   - Clock uncertainty:                       150ps
   - Requested period:                          0ps
   = Slack:                                  2832ps

   Instance/Pin or Net Name   Type         ID    Location or Fanout   Delay(ps)  Edge  Arrival Time(ps)    Instance detail                                                                        
   -------------------------------------------------------------------------------------------------------------------------------------------------------------------------------------------------
   clk                        CLOCK-PORT    -                     -     launch     r               0                                                                                              
   clk                        Clock net     2          (fanout=225)        949                     -                                                                                              
   RBB_3/CLK                  RBB_6L        3  [TILE 0 0, RBB 16 6]          -     r             949                                                                                              
   -------------------------------------------------------------------------------------------------------------------------------------------------------------------------------------------------
   RBB_3/AQ                   RBB_6L        3  [TILE 0 0, RBB 16 6]        800     r            1749     {inst23: counter_FDRE_Q_17 (FD,site=aff)}                                                
   counter[4]                 Net           8            (fanout=1)       1134                     -                                                                                              
   RBB_3/A1                   RBB_6L        3  [TILE 0 0, RBB 16 6]          -     r            2883     {inst10: LED_CARRY4_S_O_1_CARRY4_O_3 (CARRY4)} {inst23: counter_FDRE_Q_17 (FD,site=aff)} 
   -------------------------------------------------------------------------------------------------------------------------------------------------------------------------------------------------
   RBB_3/CLK                  RBB_6L        3  [TILE 0 0, RBB 16 6]       1098     r            3981                                                                                              
   clk                        Clock net     2          (fanout=225)       -999                     -                                                                                              
   clk                        CLOCK-PORT    -                     -    capture     r            2982                                                                                              
   -------------------------------------------------------------------------------------------------------------------------------------------------------------------------------------------------


Path 104:
   Slack (met):                              2833ps
     Path type:                                HOLD
     Group:                              <UDEF_clk>
     Launching clock:                           clk (rising edge)
     Capturing clock:                           clk (rising edge)

   + Delay of the launching clock:            969ps
   + Propagation time:                       3037ps (62.5% logic, 37.5% route, logic stage 1)
   - Delay of the capturing clock:           1023ps
   - Clock uncertainty:                       150ps
   - Requested period:                          0ps
   = Slack:                                  2833ps

   Instance/Pin or Net Name   Type         ID    Location or Fanout   Delay(ps)  Edge  Arrival Time(ps)    Instance detail                                                                      
   -----------------------------------------------------------------------------------------------------------------------------------------------------------------------------------------------
   clk                        CLOCK-PORT    -                     -     launch     r               0                                                                                            
   clk                        Clock net     2          (fanout=225)        969                     -                                                                                            
   RBB_5/CLK                  RBB_6L        5  [TILE 0 0, RBB 22 6]          -     r             969                                                                                            
   -----------------------------------------------------------------------------------------------------------------------------------------------------------------------------------------------
   RBB_5/AQ                   RBB_6L        5  [TILE 0 0, RBB 22 6]        800     r            1769     {inst35: counter_FDRE_Q_9 (FD,site=aff)}                                               
   counter[12]                Net          16            (fanout=1)       1139                     -                                                                                            
   RBB_5/A1                   RBB_6L        5  [TILE 0 0, RBB 22 6]          -     r            2908     {inst8: LED_CARRY4_S_O_1_CARRY4_O_1 (CARRY4)} {inst35: counter_FDRE_Q_9 (FD,site=aff)} 
   -----------------------------------------------------------------------------------------------------------------------------------------------------------------------------------------------
   RBB_5/CLK                  RBB_6L        5  [TILE 0 0, RBB 22 6]       1098     r            4006                                                                                            
   clk                        Clock net     2          (fanout=225)      -1023                     -                                                                                            
   clk                        CLOCK-PORT    -                     -    capture     r            2983                                                                                            
   -----------------------------------------------------------------------------------------------------------------------------------------------------------------------------------------------


Path 105:
   Slack (met):                              2857ps
     Path type:                                HOLD
     Group:                              <UDEF_clk>
     Launching clock:                           clk (rising edge)
     Capturing clock:                           clk (rising edge)

   + Delay of the launching clock:            951ps
   + Propagation time:                       3057ps (62.7% logic, 37.3% route, logic stage 1)
   - Delay of the capturing clock:           1001ps
   - Clock uncertainty:                       150ps
   - Requested period:                          0ps
   = Slack:                                  2857ps

   Instance/Pin or Net Name   Type         ID    Location or Fanout   Delay(ps)  Edge  Arrival Time(ps)    Instance detail                                                                        
   -------------------------------------------------------------------------------------------------------------------------------------------------------------------------------------------------
   clk                        CLOCK-PORT    -                     -     launch     r               0                                                                                              
   clk                        Clock net     2          (fanout=225)        951                     -                                                                                              
   RBB_2/CLK                  RBB_6L        2  [TILE 0 0, RBB 13 6]          -     r             951                                                                                              
   -------------------------------------------------------------------------------------------------------------------------------------------------------------------------------------------------
   RBB_2/BQ                   RBB_6L        2  [TILE 0 0, RBB 13 6]        800     r            1751     {inst27: counter_FDRE_Q_20 (FD,site=bff)}                                                
   counter[1]                 Net           5            (fanout=1)       1139                     -                                                                                              
   RBB_2/B1                   RBB_6L        2  [TILE 0 0, RBB 13 6]          -     r            2890     {inst11: LED_CARRY4_S_O_1_CARRY4_O_4 (CARRY4)} {inst24: counter_FDRE_Q_18 (FD,site=dff)} 
   -------------------------------------------------------------------------------------------------------------------------------------------------------------------------------------------------
   RBB_2/CLK                  RBB_6L        2  [TILE 0 0, RBB 13 6]       1118     r            4008                                                                                              
   clk                        Clock net     2          (fanout=225)      -1001                     -                                                                                              
   clk                        CLOCK-PORT    -                     -    capture     r            3007                                                                                              
   -------------------------------------------------------------------------------------------------------------------------------------------------------------------------------------------------


Path 106:
   Slack (met):                              2860ps
     Path type:                                HOLD
     Group:                              <UDEF_clk>
     Launching clock:                           clk (rising edge)
     Capturing clock:                           clk (rising edge)

   + Delay of the launching clock:            970ps
   + Propagation time:                       3064ps (62.6% logic, 37.4% route, logic stage 1)
   - Delay of the capturing clock:           1024ps
   - Clock uncertainty:                       150ps
   - Requested period:                          0ps
   = Slack:                                  2860ps

   Instance/Pin or Net Name   Type         ID    Location or Fanout   Delay(ps)  Edge  Arrival Time(ps)    Instance detail                                                                    
   ---------------------------------------------------------------------------------------------------------------------------------------------------------------------------------------------
   clk                        CLOCK-PORT    -                     -     launch     r               0                                                                                          
   clk                        Clock net     2          (fanout=225)        970                     -                                                                                          
   RBB_6/CLK                  RBB_6L        6  [TILE 0 0, RBB 25 6]          -     r             970                                                                                          
   ---------------------------------------------------------------------------------------------------------------------------------------------------------------------------------------------
   RBB_6/BQ                   RBB_6L        6  [TILE 0 0, RBB 25 6]        800     r            1770     {inst30: counter_FDRE_Q_4 (FD,site=bff)}                                             
   counter[17]                Net          21            (fanout=1)       1146                     -                                                                                          
   RBB_6/B1                   RBB_6L        6  [TILE 0 0, RBB 25 6]          -     r            2916     {inst7: LED_CARRY4_S_O_1_CARRY4_O (CARRY4)} {inst26: counter_FDRE_Q_2 (FD,site=dff)} 
   ---------------------------------------------------------------------------------------------------------------------------------------------------------------------------------------------
   RBB_6/CLK                  RBB_6L        6  [TILE 0 0, RBB 25 6]       1118     r            4034                                                                                          
   clk                        Clock net     2          (fanout=225)      -1024                     -                                                                                          
   clk                        CLOCK-PORT    -                     -    capture     r            3010                                                                                          
   ---------------------------------------------------------------------------------------------------------------------------------------------------------------------------------------------


Path 107:
   Slack (met):                              2915ps
     Path type:                                HOLD
     Group:                              <UDEF_clk>
     Launching clock:                           clk (rising edge)
     Capturing clock:                           clk (rising edge)

   + Delay of the launching clock:            951ps
   + Propagation time:                       3115ps (65.3% logic, 34.7% route, logic stage 1)
   - Delay of the capturing clock:           1001ps
   - Clock uncertainty:                       150ps
   - Requested period:                          0ps
   = Slack:                                  2915ps

   Instance/Pin or Net Name   Type         ID    Location or Fanout   Delay(ps)  Edge  Arrival Time(ps)    Instance detail                                                                        
   -------------------------------------------------------------------------------------------------------------------------------------------------------------------------------------------------
   clk                        CLOCK-PORT    -                     -     launch     r               0                                                                                              
   clk                        Clock net     2          (fanout=225)        951                     -                                                                                              
   RBB_2/CLK                  RBB_6L        2  [TILE 0 0, RBB 13 6]          -     r             951                                                                                              
   -------------------------------------------------------------------------------------------------------------------------------------------------------------------------------------------------
   RBB_2/AQ                   RBB_6L        2  [TILE 0 0, RBB 13 6]        800     r            1751     {inst28: counter_FDRE_Q_21 (FD,site=aff)}                                                
   counter[0]                 Net           4            (fanout=1)       1081                     -                                                                                              
   RBB_2/A1                   RBB_6L        2  [TILE 0 0, RBB 13 6]          -     r            2832     {inst11: LED_CARRY4_S_O_1_CARRY4_O_4 (CARRY4)} {inst27: counter_FDRE_Q_20 (FD,site=bff)} 
   -------------------------------------------------------------------------------------------------------------------------------------------------------------------------------------------------
   RBB_2/CLK                  RBB_6L        2  [TILE 0 0, RBB 13 6]       1234     r            4066                                                                                              
   clk                        Clock net     2          (fanout=225)      -1001                     -                                                                                              
   clk                        CLOCK-PORT    -                     -    capture     r            3065                                                                                              
   -------------------------------------------------------------------------------------------------------------------------------------------------------------------------------------------------


Path 108:
   Slack (met):                              2921ps
     Path type:                                HOLD
     Group:                              <UDEF_clk>
     Launching clock:                           clk (rising edge)
     Capturing clock:                           clk (rising edge)

   + Delay of the launching clock:            951ps
   + Propagation time:                       3121ps (65.4% logic, 34.6% route, logic stage 1)
   - Delay of the capturing clock:           1001ps
   - Clock uncertainty:                       150ps
   - Requested period:                          0ps
   = Slack:                                  2921ps

   Instance/Pin or Net Name   Type         ID    Location or Fanout   Delay(ps)  Edge  Arrival Time(ps)    Instance detail                                                                        
   -------------------------------------------------------------------------------------------------------------------------------------------------------------------------------------------------
   clk                        CLOCK-PORT    -                     -     launch     r               0                                                                                              
   clk                        Clock net     2          (fanout=225)        951                     -                                                                                              
   RBB_2/CLK                  RBB_6L        2  [TILE 0 0, RBB 13 6]          -     r             951                                                                                              
   -------------------------------------------------------------------------------------------------------------------------------------------------------------------------------------------------
   RBB_2/AQ                   RBB_6L        2  [TILE 0 0, RBB 13 6]        800     r            1751     {inst28: counter_FDRE_Q_21 (FD,site=aff)}                                                
   counter[0]                 Net           4            (fanout=1)       1081                     -                                                                                              
   RBB_2/A1                   RBB_6L        2  [TILE 0 0, RBB 13 6]          -     r            2832     {inst11: LED_CARRY4_S_O_1_CARRY4_O_4 (CARRY4)} {inst25: counter_FDRE_Q_19 (FD,site=cff)} 
   -------------------------------------------------------------------------------------------------------------------------------------------------------------------------------------------------
   RBB_2/CLK                  RBB_6L        2  [TILE 0 0, RBB 13 6]       1240     r            4072                                                                                              
   clk                        Clock net     2          (fanout=225)      -1001                     -                                                                                              
   clk                        CLOCK-PORT    -                     -    capture     r            3071                                                                                              
   -------------------------------------------------------------------------------------------------------------------------------------------------------------------------------------------------


Path 109:
   Slack (met):                              2931ps
     Path type:                                HOLD
     Group:                              <UDEF_clk>
     Launching clock:                           clk (rising edge)
     Capturing clock:                           clk (rising edge)

   + Delay of the launching clock:            949ps
   + Propagation time:                       3131ps (65.3% logic, 34.7% route, logic stage 1)
   - Delay of the capturing clock:            999ps
   - Clock uncertainty:                       150ps
   - Requested period:                          0ps
   = Slack:                                  2931ps

   Instance/Pin or Net Name   Type         ID    Location or Fanout   Delay(ps)  Edge  Arrival Time(ps)    Instance detail                                                                        
   -------------------------------------------------------------------------------------------------------------------------------------------------------------------------------------------------
   clk                        CLOCK-PORT    -                     -     launch     r               0                                                                                              
   clk                        Clock net     2          (fanout=225)        949                     -                                                                                              
   RBB_3/CLK                  RBB_6L        3  [TILE 0 0, RBB 16 6]          -     r             949                                                                                              
   -------------------------------------------------------------------------------------------------------------------------------------------------------------------------------------------------
   RBB_3/CQ                   RBB_6L        3  [TILE 0 0, RBB 16 6]        800     r            1749     {inst21: counter_FDRE_Q_15 (FD,site=cff)}                                                
   counter[6]                 Net          10            (fanout=1)       1088                     -                                                                                              
   RBB_3/C1                   RBB_6L        3  [TILE 0 0, RBB 16 6]          -     r            2837     {inst10: LED_CARRY4_S_O_1_CARRY4_O_3 (CARRY4)} {inst20: counter_FDRE_Q_14 (FD,site=dff)} 
   -------------------------------------------------------------------------------------------------------------------------------------------------------------------------------------------------
   RBB_3/CLK                  RBB_6L        3  [TILE 0 0, RBB 16 6]       1243     r            4080                                                                                              
   clk                        Clock net     2          (fanout=225)       -999                     -                                                                                              
   clk                        CLOCK-PORT    -                     -    capture     r            3081                                                                                              
   -------------------------------------------------------------------------------------------------------------------------------------------------------------------------------------------------


Path 110:
   Slack (met):                              2932ps
     Path type:                                HOLD
     Group:                              <UDEF_clk>
     Launching clock:                           clk (rising edge)
     Capturing clock:                           clk (rising edge)

   + Delay of the launching clock:            951ps
   + Propagation time:                       3132ps (65.5% logic, 34.5% route, logic stage 1)
   - Delay of the capturing clock:           1001ps
   - Clock uncertainty:                       150ps
   - Requested period:                          0ps
   = Slack:                                  2932ps

   Instance/Pin or Net Name   Type         ID    Location or Fanout   Delay(ps)  Edge  Arrival Time(ps)    Instance detail                                                                        
   -------------------------------------------------------------------------------------------------------------------------------------------------------------------------------------------------
   clk                        CLOCK-PORT    -                     -     launch     r               0                                                                                              
   clk                        Clock net     2          (fanout=225)        951                     -                                                                                              
   RBB_2/CLK                  RBB_6L        2  [TILE 0 0, RBB 13 6]          -     r             951                                                                                              
   -------------------------------------------------------------------------------------------------------------------------------------------------------------------------------------------------
   RBB_2/AQ                   RBB_6L        2  [TILE 0 0, RBB 13 6]        800     r            1751     {inst28: counter_FDRE_Q_21 (FD,site=aff)}                                                
   counter[0]                 Net           4            (fanout=1)       1081                     -                                                                                              
   RBB_2/A1                   RBB_6L        2  [TILE 0 0, RBB 13 6]          -     r            2832     {inst11: LED_CARRY4_S_O_1_CARRY4_O_4 (CARRY4)} {inst24: counter_FDRE_Q_18 (FD,site=dff)} 
   -------------------------------------------------------------------------------------------------------------------------------------------------------------------------------------------------
   RBB_2/CLK                  RBB_6L        2  [TILE 0 0, RBB 13 6]       1251     r            4083                                                                                              
   clk                        Clock net     2          (fanout=225)      -1001                     -                                                                                              
   clk                        CLOCK-PORT    -                     -    capture     r            3082                                                                                              
   -------------------------------------------------------------------------------------------------------------------------------------------------------------------------------------------------


Path 111:
   Slack (met):                              2934ps
     Path type:                                HOLD
     Group:                              <UDEF_clk>
     Launching clock:                           clk (rising edge)
     Capturing clock:                           clk (rising edge)

   + Delay of the launching clock:            969ps
   + Propagation time:                       3138ps (57.6% logic, 42.4% route, logic stage 1)
   - Delay of the capturing clock:           1023ps
   - Clock uncertainty:                       150ps
   - Requested period:                          0ps
   = Slack:                                  2934ps

   Instance/Pin or Net Name   Type         ID    Location or Fanout   Delay(ps)  Edge  Arrival Time(ps)    Instance detail                                                                      
   -----------------------------------------------------------------------------------------------------------------------------------------------------------------------------------------------
   clk                        CLOCK-PORT    -                     -     launch     r               0                                                                                            
   clk                        Clock net     2          (fanout=225)        969                     -                                                                                            
   RBB_5/CLK                  RBB_6L        5  [TILE 0 0, RBB 22 6]          -     r             969                                                                                            
   -----------------------------------------------------------------------------------------------------------------------------------------------------------------------------------------------
   RBB_5/CQ                   RBB_6L        5  [TILE 0 0, RBB 22 6]        800     r            1769     {inst33: counter_FDRE_Q_7 (FD,site=cff)}                                               
   counter[14]                Net          18            (fanout=1)       1330                     -                                                                                            
   RBB_5/C1                   RBB_6L        5  [TILE 0 0, RBB 22 6]          -     r            3099     {inst8: LED_CARRY4_S_O_1_CARRY4_O_1 (CARRY4)} {inst33: counter_FDRE_Q_7 (FD,site=cff)} 
   -----------------------------------------------------------------------------------------------------------------------------------------------------------------------------------------------
   RBB_5/CLK                  RBB_6L        5  [TILE 0 0, RBB 22 6]       1008     r            4107                                                                                            
   clk                        Clock net     2          (fanout=225)      -1023                     -                                                                                            
   clk                        CLOCK-PORT    -                     -    capture     r            3084                                                                                            
   -----------------------------------------------------------------------------------------------------------------------------------------------------------------------------------------------


Path 112:
   Slack (met):                              2942ps
     Path type:                                HOLD
     Group:                              <UDEF_clk>
     Launching clock:                           clk (rising edge)
     Capturing clock:                           clk (rising edge)

   + Delay of the launching clock:            970ps
   + Propagation time:                       3146ps (64.7% logic, 35.3% route, logic stage 1)
   - Delay of the capturing clock:           1024ps
   - Clock uncertainty:                       150ps
   - Requested period:                          0ps
   = Slack:                                  2942ps

   Instance/Pin or Net Name   Type         ID    Location or Fanout   Delay(ps)  Edge  Arrival Time(ps)    Instance detail                                                                    
   ---------------------------------------------------------------------------------------------------------------------------------------------------------------------------------------------
   clk                        CLOCK-PORT    -                     -     launch     r               0                                                                                          
   clk                        Clock net     2          (fanout=225)        970                     -                                                                                          
   RBB_6/CLK                  RBB_6L        6  [TILE 0 0, RBB 25 6]          -     r             970                                                                                          
   ---------------------------------------------------------------------------------------------------------------------------------------------------------------------------------------------
   RBB_6/AQ                   RBB_6L        6  [TILE 0 0, RBB 25 6]        800     r            1770     {inst31: counter_FDRE_Q_5 (FD,site=aff)}                                             
   counter[16]                Net          20            (fanout=1)       1112                     -                                                                                          
   RBB_6/A1                   RBB_6L        6  [TILE 0 0, RBB 25 6]          -     r            2882     {inst7: LED_CARRY4_S_O_1_CARRY4_O (CARRY4)} {inst30: counter_FDRE_Q_4 (FD,site=bff)} 
   ---------------------------------------------------------------------------------------------------------------------------------------------------------------------------------------------
   RBB_6/CLK                  RBB_6L        6  [TILE 0 0, RBB 25 6]       1234     r            4116                                                                                          
   clk                        Clock net     2          (fanout=225)      -1024                     -                                                                                          
   clk                        CLOCK-PORT    -                     -    capture     r            3092                                                                                          
   ---------------------------------------------------------------------------------------------------------------------------------------------------------------------------------------------


Path 113:
   Slack (met):                              2948ps
     Path type:                                HOLD
     Group:                              <UDEF_clk>
     Launching clock:                           clk (rising edge)
     Capturing clock:                           clk (rising edge)

   + Delay of the launching clock:            970ps
   + Propagation time:                       3152ps (64.7% logic, 35.3% route, logic stage 1)
   - Delay of the capturing clock:           1024ps
   - Clock uncertainty:                       150ps
   - Requested period:                          0ps
   = Slack:                                  2948ps

   Instance/Pin or Net Name   Type         ID    Location or Fanout   Delay(ps)  Edge  Arrival Time(ps)    Instance detail                                                                    
   ---------------------------------------------------------------------------------------------------------------------------------------------------------------------------------------------
   clk                        CLOCK-PORT    -                     -     launch     r               0                                                                                          
   clk                        Clock net     2          (fanout=225)        970                     -                                                                                          
   RBB_6/CLK                  RBB_6L        6  [TILE 0 0, RBB 25 6]          -     r             970                                                                                          
   ---------------------------------------------------------------------------------------------------------------------------------------------------------------------------------------------
   RBB_6/AQ                   RBB_6L        6  [TILE 0 0, RBB 25 6]        800     r            1770     {inst31: counter_FDRE_Q_5 (FD,site=aff)}                                             
   counter[16]                Net          20            (fanout=1)       1112                     -                                                                                          
   RBB_6/A1                   RBB_6L        6  [TILE 0 0, RBB 25 6]          -     r            2882     {inst7: LED_CARRY4_S_O_1_CARRY4_O (CARRY4)} {inst29: counter_FDRE_Q_3 (FD,site=cff)} 
   ---------------------------------------------------------------------------------------------------------------------------------------------------------------------------------------------
   RBB_6/CLK                  RBB_6L        6  [TILE 0 0, RBB 25 6]       1240     r            4122                                                                                          
   clk                        Clock net     2          (fanout=225)      -1024                     -                                                                                          
   clk                        CLOCK-PORT    -                     -    capture     r            3098                                                                                          
   ---------------------------------------------------------------------------------------------------------------------------------------------------------------------------------------------


Path 114:
   Slack (met):                              2959ps
     Path type:                                HOLD
     Group:                              <UDEF_clk>
     Launching clock:                           clk (rising edge)
     Capturing clock:                           clk (rising edge)

   + Delay of the launching clock:            970ps
   + Propagation time:                       3163ps (64.8% logic, 35.2% route, logic stage 1)
   - Delay of the capturing clock:           1024ps
   - Clock uncertainty:                       150ps
   - Requested period:                          0ps
   = Slack:                                  2959ps

   Instance/Pin or Net Name   Type         ID    Location or Fanout   Delay(ps)  Edge  Arrival Time(ps)    Instance detail                                                                    
   ---------------------------------------------------------------------------------------------------------------------------------------------------------------------------------------------
   clk                        CLOCK-PORT    -                     -     launch     r               0                                                                                          
   clk                        Clock net     2          (fanout=225)        970                     -                                                                                          
   RBB_6/CLK                  RBB_6L        6  [TILE 0 0, RBB 25 6]          -     r             970                                                                                          
   ---------------------------------------------------------------------------------------------------------------------------------------------------------------------------------------------
   RBB_6/AQ                   RBB_6L        6  [TILE 0 0, RBB 25 6]        800     r            1770     {inst31: counter_FDRE_Q_5 (FD,site=aff)}                                             
   counter[16]                Net          20            (fanout=1)       1112                     -                                                                                          
   RBB_6/A1                   RBB_6L        6  [TILE 0 0, RBB 25 6]          -     r            2882     {inst7: LED_CARRY4_S_O_1_CARRY4_O (CARRY4)} {inst26: counter_FDRE_Q_2 (FD,site=dff)} 
   ---------------------------------------------------------------------------------------------------------------------------------------------------------------------------------------------
   RBB_6/CLK                  RBB_6L        6  [TILE 0 0, RBB 25 6]       1251     r            4133                                                                                          
   clk                        Clock net     2          (fanout=225)      -1024                     -                                                                                          
   clk                        CLOCK-PORT    -                     -    capture     r            3109                                                                                          
   ---------------------------------------------------------------------------------------------------------------------------------------------------------------------------------------------


Path 115:
   Slack (met):                              2963ps
     Path type:                                HOLD
     Group:                              <UDEF_clk>
     Launching clock:                           clk (rising edge)
     Capturing clock:                           clk (rising edge)

   + Delay of the launching clock:            976ps
   + Propagation time:                       3169ps (64.2% logic, 35.8% route, logic stage 1)
   - Delay of the capturing clock:           1032ps
   - Clock uncertainty:                       150ps
   - Requested period:                          0ps
   = Slack:                                  2963ps

   Instance/Pin or Net Name   Type         ID    Location or Fanout   Delay(ps)  Edge  Arrival Time(ps)    Instance detail                                                     
   ------------------------------------------------------------------------------------------------------------------------------------------------------------------------------
   clk                        CLOCK-PORT    -                     -     launch     r               0                                                                           
   clk                        Clock net     2          (fanout=225)        976                     -                                                                           
   RBB_7/CLK                  RBB_6L        7  [TILE 0 0, RBB 28 6]          -     r             976                                                                           
   ------------------------------------------------------------------------------------------------------------------------------------------------------------------------------
   RBB_7/AQ                   RBB_6L        7  [TILE 0 0, RBB 28 6]        800     r            1776     {inst15: counter_FDRE_Q_1 (FD,site=aff)}                              
   counter[20]                Net          24            (fanout=1)       1135                     -                                                                           
   RBB_7/A1                   RBB_6L        7  [TILE 0 0, RBB 28 6]          -     r            2911     {inst6: LED_CARRY4_S (CARRY4)} {inst14: counter_FDRE_Q (FD,site=bff)} 
   ------------------------------------------------------------------------------------------------------------------------------------------------------------------------------
   RBB_7/CLK                  RBB_6L        7  [TILE 0 0, RBB 28 6]       1234     r            4145                                                                           
   clk                        Clock net     2          (fanout=225)      -1032                     -                                                                           
   clk                        CLOCK-PORT    -                     -    capture     r            3113                                                                           
   ------------------------------------------------------------------------------------------------------------------------------------------------------------------------------


Path 116:
   Slack (met):                              2968ps
     Path type:                                HOLD
     Group:                              <UDEF_clk>
     Launching clock:                           clk (rising edge)
     Capturing clock:                           clk (rising edge)

   + Delay of the launching clock:            949ps
   + Propagation time:                       3168ps (64.2% logic, 35.8% route, logic stage 1)
   - Delay of the capturing clock:            999ps
   - Clock uncertainty:                       150ps
   - Requested period:                          0ps
   = Slack:                                  2968ps

   Instance/Pin or Net Name   Type         ID    Location or Fanout   Delay(ps)  Edge  Arrival Time(ps)    Instance detail                                                                        
   -------------------------------------------------------------------------------------------------------------------------------------------------------------------------------------------------
   clk                        CLOCK-PORT    -                     -     launch     r               0                                                                                              
   clk                        Clock net     2          (fanout=225)        949                     -                                                                                              
   RBB_3/CLK                  RBB_6L        3  [TILE 0 0, RBB 16 6]          -     r             949                                                                                              
   -------------------------------------------------------------------------------------------------------------------------------------------------------------------------------------------------
   RBB_3/AQ                   RBB_6L        3  [TILE 0 0, RBB 16 6]        800     r            1749     {inst23: counter_FDRE_Q_17 (FD,site=aff)}                                                
   counter[4]                 Net           8            (fanout=1)       1134                     -                                                                                              
   RBB_3/A1                   RBB_6L        3  [TILE 0 0, RBB 16 6]          -     r            2883     {inst10: LED_CARRY4_S_O_1_CARRY4_O_3 (CARRY4)} {inst22: counter_FDRE_Q_16 (FD,site=bff)} 
   -------------------------------------------------------------------------------------------------------------------------------------------------------------------------------------------------
   RBB_3/CLK                  RBB_6L        3  [TILE 0 0, RBB 16 6]       1234     r            4117                                                                                              
   clk                        Clock net     2          (fanout=225)       -999                     -                                                                                              
   clk                        CLOCK-PORT    -                     -    capture     r            3118                                                                                              
   -------------------------------------------------------------------------------------------------------------------------------------------------------------------------------------------------


Path 117:
   Slack (met):                              2969ps
     Path type:                                HOLD
     Group:                              <UDEF_clk>
     Launching clock:                           clk (rising edge)
     Capturing clock:                           clk (rising edge)

   + Delay of the launching clock:            976ps
   + Propagation time:                       3175ps (64.3% logic, 35.7% route, logic stage 1)
   - Delay of the capturing clock:           1032ps
   - Clock uncertainty:                       150ps
   - Requested period:                          0ps
   = Slack:                                  2969ps

   Instance/Pin or Net Name   Type         ID    Location or Fanout   Delay(ps)  Edge  Arrival Time(ps)    Instance detail                                                 
   --------------------------------------------------------------------------------------------------------------------------------------------------------------------------
   clk                        CLOCK-PORT    -                     -     launch     r               0                                                                       
   clk                        Clock net     2          (fanout=225)        976                     -                                                                       
   RBB_7/CLK                  RBB_6L        7  [TILE 0 0, RBB 28 6]          -     r             976                                                                       
   --------------------------------------------------------------------------------------------------------------------------------------------------------------------------
   RBB_7/AQ                   RBB_6L        7  [TILE 0 0, RBB 28 6]        800     r            1776     {inst15: counter_FDRE_Q_1 (FD,site=aff)}                          
   counter[20]                Net          24            (fanout=1)       1135                     -                                                                       
   RBB_7/A1                   RBB_6L        7  [TILE 0 0, RBB 28 6]          -     r            2911     {inst6: LED_CARRY4_S (CARRY4)} {inst13: LED_FDRE_Q (FD,site=cff)} 
   --------------------------------------------------------------------------------------------------------------------------------------------------------------------------
   RBB_7/CLK                  RBB_6L        7  [TILE 0 0, RBB 28 6]       1240     r            4151                                                                       
   clk                        Clock net     2          (fanout=225)      -1032                     -                                                                       
   clk                        CLOCK-PORT    -                     -    capture     r            3119                                                                       
   --------------------------------------------------------------------------------------------------------------------------------------------------------------------------


Path 118:
   Slack (met):                              2969ps
     Path type:                                HOLD
     Group:                              <UDEF_clk>
     Launching clock:                           clk (rising edge)
     Capturing clock:                           clk (rising edge)

   + Delay of the launching clock:            969ps
   + Propagation time:                       3173ps (64.1% logic, 35.9% route, logic stage 1)
   - Delay of the capturing clock:           1023ps
   - Clock uncertainty:                       150ps
   - Requested period:                          0ps
   = Slack:                                  2969ps

   Instance/Pin or Net Name   Type         ID    Location or Fanout   Delay(ps)  Edge  Arrival Time(ps)    Instance detail                                                                      
   -----------------------------------------------------------------------------------------------------------------------------------------------------------------------------------------------
   clk                        CLOCK-PORT    -                     -     launch     r               0                                                                                            
   clk                        Clock net     2          (fanout=225)        969                     -                                                                                            
   RBB_5/CLK                  RBB_6L        5  [TILE 0 0, RBB 22 6]          -     r             969                                                                                            
   -----------------------------------------------------------------------------------------------------------------------------------------------------------------------------------------------
   RBB_5/AQ                   RBB_6L        5  [TILE 0 0, RBB 22 6]        800     r            1769     {inst35: counter_FDRE_Q_9 (FD,site=aff)}                                               
   counter[12]                Net          16            (fanout=1)       1139                     -                                                                                            
   RBB_5/A1                   RBB_6L        5  [TILE 0 0, RBB 22 6]          -     r            2908     {inst8: LED_CARRY4_S_O_1_CARRY4_O_1 (CARRY4)} {inst34: counter_FDRE_Q_8 (FD,site=bff)} 
   -----------------------------------------------------------------------------------------------------------------------------------------------------------------------------------------------
   RBB_5/CLK                  RBB_6L        5  [TILE 0 0, RBB 22 6]       1234     r            4142                                                                                            
   clk                        Clock net     2          (fanout=225)      -1023                     -                                                                                            
   clk                        CLOCK-PORT    -                     -    capture     r            3119                                                                                            
   -----------------------------------------------------------------------------------------------------------------------------------------------------------------------------------------------


Path 119:
   Slack (met):                              2974ps
     Path type:                                HOLD
     Group:                              <UDEF_clk>
     Launching clock:                           clk (rising edge)
     Capturing clock:                           clk (rising edge)

   + Delay of the launching clock:            949ps
   + Propagation time:                       3174ps (64.3% logic, 35.7% route, logic stage 1)
   - Delay of the capturing clock:            999ps
   - Clock uncertainty:                       150ps
   - Requested period:                          0ps
   = Slack:                                  2974ps

   Instance/Pin or Net Name   Type         ID    Location or Fanout   Delay(ps)  Edge  Arrival Time(ps)    Instance detail                                                                        
   -------------------------------------------------------------------------------------------------------------------------------------------------------------------------------------------------
   clk                        CLOCK-PORT    -                     -     launch     r               0                                                                                              
   clk                        Clock net     2          (fanout=225)        949                     -                                                                                              
   RBB_3/CLK                  RBB_6L        3  [TILE 0 0, RBB 16 6]          -     r             949                                                                                              
   -------------------------------------------------------------------------------------------------------------------------------------------------------------------------------------------------
   RBB_3/AQ                   RBB_6L        3  [TILE 0 0, RBB 16 6]        800     r            1749     {inst23: counter_FDRE_Q_17 (FD,site=aff)}                                                
   counter[4]                 Net           8            (fanout=1)       1134                     -                                                                                              
   RBB_3/A1                   RBB_6L        3  [TILE 0 0, RBB 16 6]          -     r            2883     {inst10: LED_CARRY4_S_O_1_CARRY4_O_3 (CARRY4)} {inst21: counter_FDRE_Q_15 (FD,site=cff)} 
   -------------------------------------------------------------------------------------------------------------------------------------------------------------------------------------------------
   RBB_3/CLK                  RBB_6L        3  [TILE 0 0, RBB 16 6]       1240     r            4123                                                                                              
   clk                        Clock net     2          (fanout=225)       -999                     -                                                                                              
   clk                        CLOCK-PORT    -                     -    capture     r            3124                                                                                              
   -------------------------------------------------------------------------------------------------------------------------------------------------------------------------------------------------


Path 120:
   Slack (met):                              2975ps
     Path type:                                HOLD
     Group:                              <UDEF_clk>
     Launching clock:                           clk (rising edge)
     Capturing clock:                           clk (rising edge)

   + Delay of the launching clock:            969ps
   + Propagation time:                       3179ps (64.2% logic, 35.8% route, logic stage 1)
   - Delay of the capturing clock:           1023ps
   - Clock uncertainty:                       150ps
   - Requested period:                          0ps
   = Slack:                                  2975ps

   Instance/Pin or Net Name   Type         ID    Location or Fanout   Delay(ps)  Edge  Arrival Time(ps)    Instance detail                                                                      
   -----------------------------------------------------------------------------------------------------------------------------------------------------------------------------------------------
   clk                        CLOCK-PORT    -                     -     launch     r               0                                                                                            
   clk                        Clock net     2          (fanout=225)        969                     -                                                                                            
   RBB_5/CLK                  RBB_6L        5  [TILE 0 0, RBB 22 6]          -     r             969                                                                                            
   -----------------------------------------------------------------------------------------------------------------------------------------------------------------------------------------------
   RBB_5/AQ                   RBB_6L        5  [TILE 0 0, RBB 22 6]        800     r            1769     {inst35: counter_FDRE_Q_9 (FD,site=aff)}                                               
   counter[12]                Net          16            (fanout=1)       1139                     -                                                                                            
   RBB_5/A1                   RBB_6L        5  [TILE 0 0, RBB 22 6]          -     r            2908     {inst8: LED_CARRY4_S_O_1_CARRY4_O_1 (CARRY4)} {inst33: counter_FDRE_Q_7 (FD,site=cff)} 
   -----------------------------------------------------------------------------------------------------------------------------------------------------------------------------------------------
   RBB_5/CLK                  RBB_6L        5  [TILE 0 0, RBB 22 6]       1240     r            4148                                                                                            
   clk                        Clock net     2          (fanout=225)      -1023                     -                                                                                            
   clk                        CLOCK-PORT    -                     -    capture     r            3125                                                                                            
   -----------------------------------------------------------------------------------------------------------------------------------------------------------------------------------------------


Path 121:
   Slack (met):                              2985ps
     Path type:                                HOLD
     Group:                              <UDEF_clk>
     Launching clock:                           clk (rising edge)
     Capturing clock:                           clk (rising edge)

   + Delay of the launching clock:            949ps
   + Propagation time:                       3185ps (64.4% logic, 35.6% route, logic stage 1)
   - Delay of the capturing clock:            999ps
   - Clock uncertainty:                       150ps
   - Requested period:                          0ps
   = Slack:                                  2985ps

   Instance/Pin or Net Name   Type         ID    Location or Fanout   Delay(ps)  Edge  Arrival Time(ps)    Instance detail                                                                        
   -------------------------------------------------------------------------------------------------------------------------------------------------------------------------------------------------
   clk                        CLOCK-PORT    -                     -     launch     r               0                                                                                              
   clk                        Clock net     2          (fanout=225)        949                     -                                                                                              
   RBB_3/CLK                  RBB_6L        3  [TILE 0 0, RBB 16 6]          -     r             949                                                                                              
   -------------------------------------------------------------------------------------------------------------------------------------------------------------------------------------------------
   RBB_3/AQ                   RBB_6L        3  [TILE 0 0, RBB 16 6]        800     r            1749     {inst23: counter_FDRE_Q_17 (FD,site=aff)}                                                
   counter[4]                 Net           8            (fanout=1)       1134                     -                                                                                              
   RBB_3/A1                   RBB_6L        3  [TILE 0 0, RBB 16 6]          -     r            2883     {inst10: LED_CARRY4_S_O_1_CARRY4_O_3 (CARRY4)} {inst20: counter_FDRE_Q_14 (FD,site=dff)} 
   -------------------------------------------------------------------------------------------------------------------------------------------------------------------------------------------------
   RBB_3/CLK                  RBB_6L        3  [TILE 0 0, RBB 16 6]       1251     r            4134                                                                                              
   clk                        Clock net     2          (fanout=225)       -999                     -                                                                                              
   clk                        CLOCK-PORT    -                     -    capture     r            3135                                                                                              
   -------------------------------------------------------------------------------------------------------------------------------------------------------------------------------------------------


Path 122:
   Slack (met):                              2986ps
     Path type:                                HOLD
     Group:                              <UDEF_clk>
     Launching clock:                           clk (rising edge)
     Capturing clock:                           clk (rising edge)

   + Delay of the launching clock:            969ps
   + Propagation time:                       3190ps (64.3% logic, 35.7% route, logic stage 1)
   - Delay of the capturing clock:           1023ps
   - Clock uncertainty:                       150ps
   - Requested period:                          0ps
   = Slack:                                  2986ps

   Instance/Pin or Net Name   Type         ID    Location or Fanout   Delay(ps)  Edge  Arrival Time(ps)    Instance detail                                                                      
   -----------------------------------------------------------------------------------------------------------------------------------------------------------------------------------------------
   clk                        CLOCK-PORT    -                     -     launch     r               0                                                                                            
   clk                        Clock net     2          (fanout=225)        969                     -                                                                                            
   RBB_5/CLK                  RBB_6L        5  [TILE 0 0, RBB 22 6]          -     r             969                                                                                            
   -----------------------------------------------------------------------------------------------------------------------------------------------------------------------------------------------
   RBB_5/AQ                   RBB_6L        5  [TILE 0 0, RBB 22 6]        800     r            1769     {inst35: counter_FDRE_Q_9 (FD,site=aff)}                                               
   counter[12]                Net          16            (fanout=1)       1139                     -                                                                                            
   RBB_5/A1                   RBB_6L        5  [TILE 0 0, RBB 22 6]          -     r            2908     {inst8: LED_CARRY4_S_O_1_CARRY4_O_1 (CARRY4)} {inst32: counter_FDRE_Q_6 (FD,site=dff)} 
   -----------------------------------------------------------------------------------------------------------------------------------------------------------------------------------------------
   RBB_5/CLK                  RBB_6L        5  [TILE 0 0, RBB 22 6]       1251     r            4159                                                                                            
   clk                        Clock net     2          (fanout=225)      -1023                     -                                                                                            
   clk                        CLOCK-PORT    -                     -    capture     r            3136                                                                                            
   -----------------------------------------------------------------------------------------------------------------------------------------------------------------------------------------------


Path 123:
   Slack (met):                              3000ps
     Path type:                                HOLD
     Group:                              <UDEF_clk>
     Launching clock:                           clk (rising edge)
     Capturing clock:                           clk (rising edge)

   + Delay of the launching clock:            969ps
   + Propagation time:                       3204ps (56.9% logic, 43.1% route, logic stage 1)
   - Delay of the capturing clock:           1023ps
   - Clock uncertainty:                       150ps
   - Requested period:                          0ps
   = Slack:                                  3000ps

   Instance/Pin or Net Name   Type         ID    Location or Fanout   Delay(ps)  Edge  Arrival Time(ps)    Instance detail                                                                      
   -----------------------------------------------------------------------------------------------------------------------------------------------------------------------------------------------
   clk                        CLOCK-PORT    -                     -     launch     r               0                                                                                            
   clk                        Clock net     2          (fanout=225)        969                     -                                                                                            
   RBB_5/CLK                  RBB_6L        5  [TILE 0 0, RBB 22 6]          -     r             969                                                                                            
   -----------------------------------------------------------------------------------------------------------------------------------------------------------------------------------------------
   RBB_5/DQ                   RBB_6L        5  [TILE 0 0, RBB 22 6]        800     r            1769     {inst32: counter_FDRE_Q_6 (FD,site=dff)}                                               
   counter[15]                Net          19            (fanout=1)       1381                     -                                                                                            
   RBB_5/D1                   RBB_6L        5  [TILE 0 0, RBB 22 6]          -     r            3150     {inst8: LED_CARRY4_S_O_1_CARRY4_O_1 (CARRY4)} {inst32: counter_FDRE_Q_6 (FD,site=dff)} 
   -----------------------------------------------------------------------------------------------------------------------------------------------------------------------------------------------
   RBB_5/CLK                  RBB_6L        5  [TILE 0 0, RBB 22 6]       1023     r            4173                                                                                            
   clk                        Clock net     2          (fanout=225)      -1023                     -                                                                                            
   clk                        CLOCK-PORT    -                     -    capture     r            3150                                                                                            
   -----------------------------------------------------------------------------------------------------------------------------------------------------------------------------------------------


Path 124:
   Slack (met):                              3059ps
     Path type:                                HOLD
     Group:                              <UDEF_clk>
     Launching clock:                           clk (rising edge)
     Capturing clock:                           clk (rising edge)

   + Delay of the launching clock:            954ps
   + Propagation time:                       3258ps (54.9% logic, 45.1% route, logic stage 1)
   - Delay of the capturing clock:           1003ps
   - Clock uncertainty:                       150ps
   - Requested period:                          0ps
   = Slack:                                  3059ps

   Instance/Pin or Net Name   Type         ID    Location or Fanout   Delay(ps)  Edge  Arrival Time(ps)    Instance detail                                                                       
   ------------------------------------------------------------------------------------------------------------------------------------------------------------------------------------------------
   clk                        CLOCK-PORT    -                     -     launch     r               0                                                                                             
   clk                        Clock net     2          (fanout=225)        954                     -                                                                                             
   RBB_4/CLK                  RBB_6L        4  [TILE 0 0, RBB 19 6]          -     r             954                                                                                             
   ------------------------------------------------------------------------------------------------------------------------------------------------------------------------------------------------
   RBB_4/BQ                   RBB_6L        4  [TILE 0 0, RBB 19 6]        800     r            1754     {inst18: counter_FDRE_Q_12 (FD,site=bff)}                                               
   counter[9]                 Net          13            (fanout=1)       1468                     -                                                                                             
   RBB_4/B1                   RBB_6L        4  [TILE 0 0, RBB 19 6]          -     r            3222     {inst9: LED_CARRY4_S_O_1_CARRY4_O_2 (CARRY4)} {inst18: counter_FDRE_Q_12 (FD,site=bff)} 
   ------------------------------------------------------------------------------------------------------------------------------------------------------------------------------------------------
   RBB_4/CLK                  RBB_6L        4  [TILE 0 0, RBB 19 6]        990     r            4212                                                                                             
   clk                        Clock net     2          (fanout=225)      -1003                     -                                                                                             
   clk                        CLOCK-PORT    -                     -    capture     r            3209                                                                                             
   ------------------------------------------------------------------------------------------------------------------------------------------------------------------------------------------------


Path 125:
   Slack (met):                              3105ps
     Path type:                                HOLD
     Group:                              <UDEF_clk>
     Launching clock:                           clk (rising edge)
     Capturing clock:                           clk (rising edge)

   + Delay of the launching clock:            954ps
   + Propagation time:                       3304ps (57.4% logic, 42.6% route, logic stage 1)
   - Delay of the capturing clock:           1003ps
   - Clock uncertainty:                       150ps
   - Requested period:                          0ps
   = Slack:                                  3105ps

   Instance/Pin or Net Name   Type         ID    Location or Fanout   Delay(ps)  Edge  Arrival Time(ps)    Instance detail                                                                       
   ------------------------------------------------------------------------------------------------------------------------------------------------------------------------------------------------
   clk                        CLOCK-PORT    -                     -     launch     r               0                                                                                             
   clk                        Clock net     2          (fanout=225)        954                     -                                                                                             
   RBB_4/CLK                  RBB_6L        4  [TILE 0 0, RBB 19 6]          -     r             954                                                                                             
   ------------------------------------------------------------------------------------------------------------------------------------------------------------------------------------------------
   RBB_4/AQ                   RBB_6L        4  [TILE 0 0, RBB 19 6]        800     r            1754     {inst19: counter_FDRE_Q_13 (FD,site=aff)}                                               
   counter[8]                 Net          12            (fanout=1)       1406                     -                                                                                             
   RBB_4/A1                   RBB_6L        4  [TILE 0 0, RBB 19 6]          -     r            3160     {inst9: LED_CARRY4_S_O_1_CARRY4_O_2 (CARRY4)} {inst19: counter_FDRE_Q_13 (FD,site=aff)} 
   ------------------------------------------------------------------------------------------------------------------------------------------------------------------------------------------------
   RBB_4/CLK                  RBB_6L        4  [TILE 0 0, RBB 19 6]       1098     r            4258                                                                                             
   clk                        Clock net     2          (fanout=225)      -1003                     -                                                                                             
   clk                        CLOCK-PORT    -                     -    capture     r            3255                                                                                             
   ------------------------------------------------------------------------------------------------------------------------------------------------------------------------------------------------


Path 126:
   Slack (met):                              3145ps
     Path type:                                HOLD
     Group:                              <UDEF_clk>
     Launching clock:                           clk (rising edge)
     Capturing clock:                           clk (rising edge)

   + Delay of the launching clock:            954ps
   + Propagation time:                       3344ps (56.1% logic, 43.9% route, logic stage 1)
   - Delay of the capturing clock:           1003ps
   - Clock uncertainty:                       150ps
   - Requested period:                          0ps
   = Slack:                                  3145ps

   Instance/Pin or Net Name   Type         ID    Location or Fanout   Delay(ps)  Edge  Arrival Time(ps)    Instance detail                                                                       
   ------------------------------------------------------------------------------------------------------------------------------------------------------------------------------------------------
   clk                        CLOCK-PORT    -                     -     launch     r               0                                                                                             
   clk                        Clock net     2          (fanout=225)        954                     -                                                                                             
   RBB_4/CLK                  RBB_6L        4  [TILE 0 0, RBB 19 6]          -     r             954                                                                                             
   ------------------------------------------------------------------------------------------------------------------------------------------------------------------------------------------------
   RBB_4/BQ                   RBB_6L        4  [TILE 0 0, RBB 19 6]        800     r            1754     {inst18: counter_FDRE_Q_12 (FD,site=bff)}                                               
   counter[9]                 Net          13            (fanout=1)       1468                     -                                                                                             
   RBB_4/B1                   RBB_6L        4  [TILE 0 0, RBB 19 6]          -     r            3222     {inst9: LED_CARRY4_S_O_1_CARRY4_O_2 (CARRY4)} {inst17: counter_FDRE_Q_11 (FD,site=cff)} 
   ------------------------------------------------------------------------------------------------------------------------------------------------------------------------------------------------
   RBB_4/CLK                  RBB_6L        4  [TILE 0 0, RBB 19 6]       1076     r            4298                                                                                             
   clk                        Clock net     2          (fanout=225)      -1003                     -                                                                                             
   clk                        CLOCK-PORT    -                     -    capture     r            3295                                                                                             
   ------------------------------------------------------------------------------------------------------------------------------------------------------------------------------------------------


Path 127:
   Slack (met):                              3152ps
     Path type:                                HOLD
     Group:                              <UDEF_clk>
     Launching clock:                           clk (rising edge)
     Capturing clock:                           clk (rising edge)

   + Delay of the launching clock:            954ps
   + Propagation time:                       3371ps (70.1% logic, 29.9% route, logic stage 2)
   - Delay of the capturing clock:           1023ps
   - Clock uncertainty:                       150ps
   - Requested period:                          0ps
   = Slack:                                  3152ps

   Instance/Pin or Net Name        Type         ID    Location or Fanout   Delay(ps)  Edge  Arrival Time(ps)    Instance detail                                                                      
   ----------------------------------------------------------------------------------------------------------------------------------------------------------------------------------------------------
   clk                             CLOCK-PORT    -                     -     launch     r               0                                                                                            
   clk                             Clock net     2          (fanout=225)        954                     -                                                                                            
   RBB_4/CLK                       RBB_6L        4  [TILE 0 0, RBB 19 6]          -     r             954                                                                                            
   ----------------------------------------------------------------------------------------------------------------------------------------------------------------------------------------------------
   RBB_4/DQ                        RBB_6L        4  [TILE 0 0, RBB 19 6]        800     r            1754     {inst16: counter_FDRE_Q_10 (FD,site=dff)}                                              
   counter[11]                     Net          15            (fanout=1)       1009                     -                                                                                            
   RBB_4/D1                        RBB_6L        4  [TILE 0 0, RBB 19 6]          -     r            2763                                                                                            
   RBB_4/COUT                      RBB_6L        4  [TILE 0 0, RBB 19 6]       1143     r            3906     {inst9: LED_CARRY4_S_O_1_CARRY4_O_2 (CARRY4)}                                          
   LED_CARRY4_S_O_1_CARRY4_O_2_CO  Net          62            (fanout=1)          0                     -                                                                                            
   RBB_5/CIN                       RBB_6L        5  [TILE 0 0, RBB 22 6]          -     r            3906     {inst8: LED_CARRY4_S_O_1_CARRY4_O_1 (CARRY4)} {inst35: counter_FDRE_Q_9 (FD,site=aff)} 
   ----------------------------------------------------------------------------------------------------------------------------------------------------------------------------------------------------
   RBB_5/CLK                       RBB_6L        5  [TILE 0 0, RBB 22 6]        419     r            4325                                                                                            
   clk                             Clock net     2          (fanout=225)      -1023                     -                                                                                            
   clk                             CLOCK-PORT    -                     -    capture     r            3302                                                                                            
   ----------------------------------------------------------------------------------------------------------------------------------------------------------------------------------------------------


Path 128:
   Slack (met):                              3158ps
     Path type:                                HOLD
     Group:                              <UDEF_clk>
     Launching clock:                           clk (rising edge)
     Capturing clock:                           clk (rising edge)

   + Delay of the launching clock:            970ps
   + Propagation time:                       3370ps (70.1% logic, 29.9% route, logic stage 2)
   - Delay of the capturing clock:           1032ps
   - Clock uncertainty:                       150ps
   - Requested period:                          0ps
   = Slack:                                  3158ps

   Instance/Pin or Net Name      Type         ID    Location or Fanout   Delay(ps)  Edge  Arrival Time(ps)    Instance detail                                                       
   -----------------------------------------------------------------------------------------------------------------------------------------------------------------------------------
   clk                           CLOCK-PORT    -                     -     launch     r               0                                                                             
   clk                           Clock net     2          (fanout=225)        970                     -                                                                             
   RBB_6/CLK                     RBB_6L        6  [TILE 0 0, RBB 25 6]          -     r             970                                                                             
   -----------------------------------------------------------------------------------------------------------------------------------------------------------------------------------
   RBB_6/DQ                      RBB_6L        6  [TILE 0 0, RBB 25 6]        800     r            1770     {inst26: counter_FDRE_Q_2 (FD,site=dff)}                                
   counter[19]                   Net          23            (fanout=1)       1008                     -                                                                             
   RBB_6/D1                      RBB_6L        6  [TILE 0 0, RBB 25 6]          -     r            2778                                                                             
   RBB_6/COUT                    RBB_6L        6  [TILE 0 0, RBB 25 6]       1143     r            3921     {inst7: LED_CARRY4_S_O_1_CARRY4_O (CARRY4)}                             
   LED_CARRY4_S_O_1_CARRY4_O_CO  Net          28            (fanout=1)          0                     -                                                                             
   RBB_7/CIN                     RBB_6L        7  [TILE 0 0, RBB 28 6]          -     r            3921     {inst6: LED_CARRY4_S (CARRY4)} {inst15: counter_FDRE_Q_1 (FD,site=aff)} 
   -----------------------------------------------------------------------------------------------------------------------------------------------------------------------------------
   RBB_7/CLK                     RBB_6L        7  [TILE 0 0, RBB 28 6]        419     r            4340                                                                             
   clk                           Clock net     2          (fanout=225)      -1032                     -                                                                             
   clk                           CLOCK-PORT    -                     -    capture     r            3308                                                                             
   -----------------------------------------------------------------------------------------------------------------------------------------------------------------------------------


Path 129:
   Slack (met):                              3169ps
     Path type:                                HOLD
     Group:                              <UDEF_clk>
     Launching clock:                           clk (rising edge)
     Capturing clock:                           clk (rising edge)

   + Delay of the launching clock:            969ps
   + Propagation time:                       3373ps (60.6% logic, 39.4% route, logic stage 1)
   - Delay of the capturing clock:           1023ps
   - Clock uncertainty:                       150ps
   - Requested period:                          0ps
   = Slack:                                  3169ps

   Instance/Pin or Net Name   Type         ID    Location or Fanout   Delay(ps)  Edge  Arrival Time(ps)    Instance detail                                                                      
   -----------------------------------------------------------------------------------------------------------------------------------------------------------------------------------------------
   clk                        CLOCK-PORT    -                     -     launch     r               0                                                                                            
   clk                        Clock net     2          (fanout=225)        969                     -                                                                                            
   RBB_5/CLK                  RBB_6L        5  [TILE 0 0, RBB 22 6]          -     r             969                                                                                            
   -----------------------------------------------------------------------------------------------------------------------------------------------------------------------------------------------
   RBB_5/CQ                   RBB_6L        5  [TILE 0 0, RBB 22 6]        800     r            1769     {inst33: counter_FDRE_Q_7 (FD,site=cff)}                                               
   counter[14]                Net          18            (fanout=1)       1330                     -                                                                                            
   RBB_5/C1                   RBB_6L        5  [TILE 0 0, RBB 22 6]          -     r            3099     {inst8: LED_CARRY4_S_O_1_CARRY4_O_1 (CARRY4)} {inst32: counter_FDRE_Q_6 (FD,site=dff)} 
   -----------------------------------------------------------------------------------------------------------------------------------------------------------------------------------------------
   RBB_5/CLK                  RBB_6L        5  [TILE 0 0, RBB 22 6]       1243     r            4342                                                                                            
   clk                        Clock net     2          (fanout=225)      -1023                     -                                                                                            
   clk                        CLOCK-PORT    -                     -    capture     r            3319                                                                                            
   -----------------------------------------------------------------------------------------------------------------------------------------------------------------------------------------------


Path 130:
   Slack (met):                              3173ps
     Path type:                                HOLD
     Group:                              <UDEF_clk>
     Launching clock:                           clk (rising edge)
     Capturing clock:                           clk (rising edge)

   + Delay of the launching clock:            951ps
   + Propagation time:                       3371ps (70.1% logic, 29.9% route, logic stage 2)
   - Delay of the capturing clock:            999ps
   - Clock uncertainty:                       150ps
   - Requested period:                          0ps
   = Slack:                                  3173ps

   Instance/Pin or Net Name        Type         ID    Location or Fanout   Delay(ps)  Edge  Arrival Time(ps)    Instance detail                                                                        
   ------------------------------------------------------------------------------------------------------------------------------------------------------------------------------------------------------
   clk                             CLOCK-PORT    -                     -     launch     r               0                                                                                              
   clk                             Clock net     2          (fanout=225)        951                     -                                                                                              
   RBB_2/CLK                       RBB_6L        2  [TILE 0 0, RBB 13 6]          -     r             951                                                                                              
   ------------------------------------------------------------------------------------------------------------------------------------------------------------------------------------------------------
   RBB_2/DQ                        RBB_6L        2  [TILE 0 0, RBB 13 6]        800     r            1751     {inst24: counter_FDRE_Q_18 (FD,site=dff)}                                                
   counter[3]                      Net           7            (fanout=1)       1009                     -                                                                                              
   RBB_2/D1                        RBB_6L        2  [TILE 0 0, RBB 13 6]          -     r            2760                                                                                              
   RBB_2/COUT                      RBB_6L        2  [TILE 0 0, RBB 13 6]       1143     r            3903     {inst11: LED_CARRY4_S_O_1_CARRY4_O_4 (CARRY4)}                                           
   LED_CARRY4_S_O_1_CARRY4_O_4_CO  Net          70            (fanout=1)          0                     -                                                                                              
   RBB_3/CIN                       RBB_6L        3  [TILE 0 0, RBB 16 6]          -     r            3903     {inst10: LED_CARRY4_S_O_1_CARRY4_O_3 (CARRY4)} {inst23: counter_FDRE_Q_17 (FD,site=aff)} 
   ------------------------------------------------------------------------------------------------------------------------------------------------------------------------------------------------------
   RBB_3/CLK                       RBB_6L        3  [TILE 0 0, RBB 16 6]        419     r            4322                                                                                              
   clk                             Clock net     2          (fanout=225)       -999                     -                                                                                              
   clk                             CLOCK-PORT    -                     -    capture     r            3323                                                                                              
   ------------------------------------------------------------------------------------------------------------------------------------------------------------------------------------------------------


Path 131:
   Slack (met):                              3187ps
     Path type:                                HOLD
     Group:                              <UDEF_clk>
     Launching clock:                           clk (rising edge)
     Capturing clock:                           clk (rising edge)

   + Delay of the launching clock:            954ps
   + Propagation time:                       3386ps (56.6% logic, 43.4% route, logic stage 1)
   - Delay of the capturing clock:           1003ps
   - Clock uncertainty:                       150ps
   - Requested period:                          0ps
   = Slack:                                  3187ps

   Instance/Pin or Net Name   Type         ID    Location or Fanout   Delay(ps)  Edge  Arrival Time(ps)    Instance detail                                                                       
   ------------------------------------------------------------------------------------------------------------------------------------------------------------------------------------------------
   clk                        CLOCK-PORT    -                     -     launch     r               0                                                                                             
   clk                        Clock net     2          (fanout=225)        954                     -                                                                                             
   RBB_4/CLK                  RBB_6L        4  [TILE 0 0, RBB 19 6]          -     r             954                                                                                             
   ------------------------------------------------------------------------------------------------------------------------------------------------------------------------------------------------
   RBB_4/BQ                   RBB_6L        4  [TILE 0 0, RBB 19 6]        800     r            1754     {inst18: counter_FDRE_Q_12 (FD,site=bff)}                                               
   counter[9]                 Net          13            (fanout=1)       1468                     -                                                                                             
   RBB_4/B1                   RBB_6L        4  [TILE 0 0, RBB 19 6]          -     r            3222     {inst9: LED_CARRY4_S_O_1_CARRY4_O_2 (CARRY4)} {inst16: counter_FDRE_Q_10 (FD,site=dff)} 
   ------------------------------------------------------------------------------------------------------------------------------------------------------------------------------------------------
   RBB_4/CLK                  RBB_6L        4  [TILE 0 0, RBB 19 6]       1118     r            4340                                                                                             
   clk                        Clock net     2          (fanout=225)      -1003                     -                                                                                             
   clk                        CLOCK-PORT    -                     -    capture     r            3337                                                                                             
   ------------------------------------------------------------------------------------------------------------------------------------------------------------------------------------------------


Path 132:
   Slack (met):                              3202ps
     Path type:                                HOLD
     Group:                              <UDEF_clk>
     Launching clock:                           clk (rising edge)
     Capturing clock:                           clk (rising edge)

   + Delay of the launching clock:            954ps
   + Propagation time:                       3421ps (70.5% logic, 29.5% route, logic stage 2)
   - Delay of the capturing clock:           1023ps
   - Clock uncertainty:                       150ps
   - Requested period:                          0ps
   = Slack:                                  3202ps

   Instance/Pin or Net Name        Type         ID    Location or Fanout   Delay(ps)  Edge  Arrival Time(ps)    Instance detail                                                                      
   ----------------------------------------------------------------------------------------------------------------------------------------------------------------------------------------------------
   clk                             CLOCK-PORT    -                     -     launch     r               0                                                                                            
   clk                             Clock net     2          (fanout=225)        954                     -                                                                                            
   RBB_4/CLK                       RBB_6L        4  [TILE 0 0, RBB 19 6]          -     r             954                                                                                            
   ----------------------------------------------------------------------------------------------------------------------------------------------------------------------------------------------------
   RBB_4/DQ                        RBB_6L        4  [TILE 0 0, RBB 19 6]        800     r            1754     {inst16: counter_FDRE_Q_10 (FD,site=dff)}                                              
   counter[11]                     Net          15            (fanout=1)       1009                     -                                                                                            
   RBB_4/D1                        RBB_6L        4  [TILE 0 0, RBB 19 6]          -     r            2763                                                                                            
   RBB_4/COUT                      RBB_6L        4  [TILE 0 0, RBB 19 6]       1143     r            3906     {inst9: LED_CARRY4_S_O_1_CARRY4_O_2 (CARRY4)}                                          
   LED_CARRY4_S_O_1_CARRY4_O_2_CO  Net          62            (fanout=1)          0                     -                                                                                            
   RBB_5/CIN                       RBB_6L        5  [TILE 0 0, RBB 22 6]          -     r            3906     {inst8: LED_CARRY4_S_O_1_CARRY4_O_1 (CARRY4)} {inst33: counter_FDRE_Q_7 (FD,site=cff)} 
   ----------------------------------------------------------------------------------------------------------------------------------------------------------------------------------------------------
   RBB_5/CLK                       RBB_6L        5  [TILE 0 0, RBB 22 6]        469     r            4375                                                                                            
   clk                             Clock net     2          (fanout=225)      -1023                     -                                                                                            
   clk                             CLOCK-PORT    -                     -    capture     r            3352                                                                                            
   ----------------------------------------------------------------------------------------------------------------------------------------------------------------------------------------------------


Path 133:
   Slack (met):                              3208ps
     Path type:                                HOLD
     Group:                              <UDEF_clk>
     Launching clock:                           clk (rising edge)
     Capturing clock:                           clk (rising edge)

   + Delay of the launching clock:            970ps
   + Propagation time:                       3420ps (70.5% logic, 29.5% route, logic stage 2)
   - Delay of the capturing clock:           1032ps
   - Clock uncertainty:                       150ps
   - Requested period:                          0ps
   = Slack:                                  3208ps

   Instance/Pin or Net Name      Type         ID    Location or Fanout   Delay(ps)  Edge  Arrival Time(ps)    Instance detail                                                 
   -----------------------------------------------------------------------------------------------------------------------------------------------------------------------------
   clk                           CLOCK-PORT    -                     -     launch     r               0                                                                       
   clk                           Clock net     2          (fanout=225)        970                     -                                                                       
   RBB_6/CLK                     RBB_6L        6  [TILE 0 0, RBB 25 6]          -     r             970                                                                       
   -----------------------------------------------------------------------------------------------------------------------------------------------------------------------------
   RBB_6/DQ                      RBB_6L        6  [TILE 0 0, RBB 25 6]        800     r            1770     {inst26: counter_FDRE_Q_2 (FD,site=dff)}                          
   counter[19]                   Net          23            (fanout=1)       1008                     -                                                                       
   RBB_6/D1                      RBB_6L        6  [TILE 0 0, RBB 25 6]          -     r            2778                                                                       
   RBB_6/COUT                    RBB_6L        6  [TILE 0 0, RBB 25 6]       1143     r            3921     {inst7: LED_CARRY4_S_O_1_CARRY4_O (CARRY4)}                       
   LED_CARRY4_S_O_1_CARRY4_O_CO  Net          28            (fanout=1)          0                     -                                                                       
   RBB_7/CIN                     RBB_6L        7  [TILE 0 0, RBB 28 6]          -     r            3921     {inst6: LED_CARRY4_S (CARRY4)} {inst13: LED_FDRE_Q (FD,site=cff)} 
   -----------------------------------------------------------------------------------------------------------------------------------------------------------------------------
   RBB_7/CLK                     RBB_6L        7  [TILE 0 0, RBB 28 6]        469     r            4390                                                                       
   clk                           Clock net     2          (fanout=225)      -1032                     -                                                                       
   clk                           CLOCK-PORT    -                     -    capture     r            3358                                                                       
   -----------------------------------------------------------------------------------------------------------------------------------------------------------------------------


Path 134:
   Slack (met):                              3208ps
     Path type:                                HOLD
     Group:                              <UDEF_clk>
     Launching clock:                           clk (rising edge)
     Capturing clock:                           clk (rising edge)

   + Delay of the launching clock:            954ps
   + Propagation time:                       3427ps (70.6% logic, 29.4% route, logic stage 2)
   - Delay of the capturing clock:           1023ps
   - Clock uncertainty:                       150ps
   - Requested period:                          0ps
   = Slack:                                  3208ps

   Instance/Pin or Net Name        Type         ID    Location or Fanout   Delay(ps)  Edge  Arrival Time(ps)    Instance detail                                                                      
   ----------------------------------------------------------------------------------------------------------------------------------------------------------------------------------------------------
   clk                             CLOCK-PORT    -                     -     launch     r               0                                                                                            
   clk                             Clock net     2          (fanout=225)        954                     -                                                                                            
   RBB_4/CLK                       RBB_6L        4  [TILE 0 0, RBB 19 6]          -     r             954                                                                                            
   ----------------------------------------------------------------------------------------------------------------------------------------------------------------------------------------------------
   RBB_4/DQ                        RBB_6L        4  [TILE 0 0, RBB 19 6]        800     r            1754     {inst16: counter_FDRE_Q_10 (FD,site=dff)}                                              
   counter[11]                     Net          15            (fanout=1)       1009                     -                                                                                            
   RBB_4/D1                        RBB_6L        4  [TILE 0 0, RBB 19 6]          -     r            2763                                                                                            
   RBB_4/COUT                      RBB_6L        4  [TILE 0 0, RBB 19 6]       1143     r            3906     {inst9: LED_CARRY4_S_O_1_CARRY4_O_2 (CARRY4)}                                          
   LED_CARRY4_S_O_1_CARRY4_O_2_CO  Net          62            (fanout=1)          0                     -                                                                                            
   RBB_5/CIN                       RBB_6L        5  [TILE 0 0, RBB 22 6]          -     r            3906     {inst8: LED_CARRY4_S_O_1_CARRY4_O_1 (CARRY4)} {inst34: counter_FDRE_Q_8 (FD,site=bff)} 
   ----------------------------------------------------------------------------------------------------------------------------------------------------------------------------------------------------
   RBB_5/CLK                       RBB_6L        5  [TILE 0 0, RBB 22 6]        475     r            4381                                                                                            
   clk                             Clock net     2          (fanout=225)      -1023                     -                                                                                            
   clk                             CLOCK-PORT    -                     -    capture     r            3358                                                                                            
   ----------------------------------------------------------------------------------------------------------------------------------------------------------------------------------------------------


Path 135:
   Slack (met):                              3214ps
     Path type:                                HOLD
     Group:                              <UDEF_clk>
     Launching clock:                           clk (rising edge)
     Capturing clock:                           clk (rising edge)

   + Delay of the launching clock:            970ps
   + Propagation time:                       3426ps (70.6% logic, 29.4% route, logic stage 2)
   - Delay of the capturing clock:           1032ps
   - Clock uncertainty:                       150ps
   - Requested period:                          0ps
   = Slack:                                  3214ps

   Instance/Pin or Net Name      Type         ID    Location or Fanout   Delay(ps)  Edge  Arrival Time(ps)    Instance detail                                                     
   ---------------------------------------------------------------------------------------------------------------------------------------------------------------------------------
   clk                           CLOCK-PORT    -                     -     launch     r               0                                                                           
   clk                           Clock net     2          (fanout=225)        970                     -                                                                           
   RBB_6/CLK                     RBB_6L        6  [TILE 0 0, RBB 25 6]          -     r             970                                                                           
   ---------------------------------------------------------------------------------------------------------------------------------------------------------------------------------
   RBB_6/DQ                      RBB_6L        6  [TILE 0 0, RBB 25 6]        800     r            1770     {inst26: counter_FDRE_Q_2 (FD,site=dff)}                              
   counter[19]                   Net          23            (fanout=1)       1008                     -                                                                           
   RBB_6/D1                      RBB_6L        6  [TILE 0 0, RBB 25 6]          -     r            2778                                                                           
   RBB_6/COUT                    RBB_6L        6  [TILE 0 0, RBB 25 6]       1143     r            3921     {inst7: LED_CARRY4_S_O_1_CARRY4_O (CARRY4)}                           
   LED_CARRY4_S_O_1_CARRY4_O_CO  Net          28            (fanout=1)          0                     -                                                                           
   RBB_7/CIN                     RBB_6L        7  [TILE 0 0, RBB 28 6]          -     r            3921     {inst6: LED_CARRY4_S (CARRY4)} {inst14: counter_FDRE_Q (FD,site=bff)} 
   ---------------------------------------------------------------------------------------------------------------------------------------------------------------------------------
   RBB_7/CLK                     RBB_6L        7  [TILE 0 0, RBB 28 6]        475     r            4396                                                                           
   clk                           Clock net     2          (fanout=225)      -1032                     -                                                                           
   clk                           CLOCK-PORT    -                     -    capture     r            3364                                                                           
   ---------------------------------------------------------------------------------------------------------------------------------------------------------------------------------


Path 136:
   Slack (met):                              3223ps
     Path type:                                HOLD
     Group:                              <UDEF_clk>
     Launching clock:                           clk (rising edge)
     Capturing clock:                           clk (rising edge)

   + Delay of the launching clock:            951ps
   + Propagation time:                       3421ps (70.5% logic, 29.5% route, logic stage 2)
   - Delay of the capturing clock:            999ps
   - Clock uncertainty:                       150ps
   - Requested period:                          0ps
   = Slack:                                  3223ps

   Instance/Pin or Net Name        Type         ID    Location or Fanout   Delay(ps)  Edge  Arrival Time(ps)    Instance detail                                                                        
   ------------------------------------------------------------------------------------------------------------------------------------------------------------------------------------------------------
   clk                             CLOCK-PORT    -                     -     launch     r               0                                                                                              
   clk                             Clock net     2          (fanout=225)        951                     -                                                                                              
   RBB_2/CLK                       RBB_6L        2  [TILE 0 0, RBB 13 6]          -     r             951                                                                                              
   ------------------------------------------------------------------------------------------------------------------------------------------------------------------------------------------------------
   RBB_2/DQ                        RBB_6L        2  [TILE 0 0, RBB 13 6]        800     r            1751     {inst24: counter_FDRE_Q_18 (FD,site=dff)}                                                
   counter[3]                      Net           7            (fanout=1)       1009                     -                                                                                              
   RBB_2/D1                        RBB_6L        2  [TILE 0 0, RBB 13 6]          -     r            2760                                                                                              
   RBB_2/COUT                      RBB_6L        2  [TILE 0 0, RBB 13 6]       1143     r            3903     {inst11: LED_CARRY4_S_O_1_CARRY4_O_4 (CARRY4)}                                           
   LED_CARRY4_S_O_1_CARRY4_O_4_CO  Net          70            (fanout=1)          0                     -                                                                                              
   RBB_3/CIN                       RBB_6L        3  [TILE 0 0, RBB 16 6]          -     r            3903     {inst10: LED_CARRY4_S_O_1_CARRY4_O_3 (CARRY4)} {inst21: counter_FDRE_Q_15 (FD,site=cff)} 
   ------------------------------------------------------------------------------------------------------------------------------------------------------------------------------------------------------
   RBB_3/CLK                       RBB_6L        3  [TILE 0 0, RBB 16 6]        469     r            4372                                                                                              
   clk                             Clock net     2          (fanout=225)       -999                     -                                                                                              
   clk                             CLOCK-PORT    -                     -    capture     r            3373                                                                                              
   ------------------------------------------------------------------------------------------------------------------------------------------------------------------------------------------------------


Path 137:
   Slack (met):                              3229ps
     Path type:                                HOLD
     Group:                              <UDEF_clk>
     Launching clock:                           clk (rising edge)
     Capturing clock:                           clk (rising edge)

   + Delay of the launching clock:            951ps
   + Propagation time:                       3427ps (70.6% logic, 29.4% route, logic stage 2)
   - Delay of the capturing clock:            999ps
   - Clock uncertainty:                       150ps
   - Requested period:                          0ps
   = Slack:                                  3229ps

   Instance/Pin or Net Name        Type         ID    Location or Fanout   Delay(ps)  Edge  Arrival Time(ps)    Instance detail                                                                        
   ------------------------------------------------------------------------------------------------------------------------------------------------------------------------------------------------------
   clk                             CLOCK-PORT    -                     -     launch     r               0                                                                                              
   clk                             Clock net     2          (fanout=225)        951                     -                                                                                              
   RBB_2/CLK                       RBB_6L        2  [TILE 0 0, RBB 13 6]          -     r             951                                                                                              
   ------------------------------------------------------------------------------------------------------------------------------------------------------------------------------------------------------
   RBB_2/DQ                        RBB_6L        2  [TILE 0 0, RBB 13 6]        800     r            1751     {inst24: counter_FDRE_Q_18 (FD,site=dff)}                                                
   counter[3]                      Net           7            (fanout=1)       1009                     -                                                                                              
   RBB_2/D1                        RBB_6L        2  [TILE 0 0, RBB 13 6]          -     r            2760                                                                                              
   RBB_2/COUT                      RBB_6L        2  [TILE 0 0, RBB 13 6]       1143     r            3903     {inst11: LED_CARRY4_S_O_1_CARRY4_O_4 (CARRY4)}                                           
   LED_CARRY4_S_O_1_CARRY4_O_4_CO  Net          70            (fanout=1)          0                     -                                                                                              
   RBB_3/CIN                       RBB_6L        3  [TILE 0 0, RBB 16 6]          -     r            3903     {inst10: LED_CARRY4_S_O_1_CARRY4_O_3 (CARRY4)} {inst22: counter_FDRE_Q_16 (FD,site=bff)} 
   ------------------------------------------------------------------------------------------------------------------------------------------------------------------------------------------------------
   RBB_3/CLK                       RBB_6L        3  [TILE 0 0, RBB 16 6]        475     r            4378                                                                                              
   clk                             Clock net     2          (fanout=225)       -999                     -                                                                                              
   clk                             CLOCK-PORT    -                     -    capture     r            3379                                                                                              
   ------------------------------------------------------------------------------------------------------------------------------------------------------------------------------------------------------


Path 138:
   Slack (met):                              3241ps
     Path type:                                HOLD
     Group:                              <UDEF_clk>
     Launching clock:                           clk (rising edge)
     Capturing clock:                           clk (rising edge)

   + Delay of the launching clock:            954ps
   + Propagation time:                       3440ps (59.1% logic, 40.9% route, logic stage 1)
   - Delay of the capturing clock:           1003ps
   - Clock uncertainty:                       150ps
   - Requested period:                          0ps
   = Slack:                                  3241ps

   Instance/Pin or Net Name   Type         ID    Location or Fanout   Delay(ps)  Edge  Arrival Time(ps)    Instance detail                                                                       
   ------------------------------------------------------------------------------------------------------------------------------------------------------------------------------------------------
   clk                        CLOCK-PORT    -                     -     launch     r               0                                                                                             
   clk                        Clock net     2          (fanout=225)        954                     -                                                                                             
   RBB_4/CLK                  RBB_6L        4  [TILE 0 0, RBB 19 6]          -     r             954                                                                                             
   ------------------------------------------------------------------------------------------------------------------------------------------------------------------------------------------------
   RBB_4/AQ                   RBB_6L        4  [TILE 0 0, RBB 19 6]        800     r            1754     {inst19: counter_FDRE_Q_13 (FD,site=aff)}                                               
   counter[8]                 Net          12            (fanout=1)       1406                     -                                                                                             
   RBB_4/A1                   RBB_6L        4  [TILE 0 0, RBB 19 6]          -     r            3160     {inst9: LED_CARRY4_S_O_1_CARRY4_O_2 (CARRY4)} {inst18: counter_FDRE_Q_12 (FD,site=bff)} 
   ------------------------------------------------------------------------------------------------------------------------------------------------------------------------------------------------
   RBB_4/CLK                  RBB_6L        4  [TILE 0 0, RBB 19 6]       1234     r            4394                                                                                             
   clk                        Clock net     2          (fanout=225)      -1003                     -                                                                                             
   clk                        CLOCK-PORT    -                     -    capture     r            3391                                                                                             
   ------------------------------------------------------------------------------------------------------------------------------------------------------------------------------------------------


Path 139:
   Slack (met):                              3246ps
     Path type:                                HOLD
     Group:                              <UDEF_clk>
     Launching clock:                           clk (rising edge)
     Capturing clock:                           clk (rising edge)

   + Delay of the launching clock:            949ps
   + Propagation time:                       3450ps (68.5% logic, 31.5% route, logic stage 2)
   - Delay of the capturing clock:           1003ps
   - Clock uncertainty:                       150ps
   - Requested period:                          0ps
   = Slack:                                  3246ps

   Instance/Pin or Net Name        Type         ID    Location or Fanout   Delay(ps)  Edge  Arrival Time(ps)    Instance detail                                                                       
   -----------------------------------------------------------------------------------------------------------------------------------------------------------------------------------------------------
   clk                             CLOCK-PORT    -                     -     launch     r               0                                                                                             
   clk                             Clock net     2          (fanout=225)        949                     -                                                                                             
   RBB_3/CLK                       RBB_6L        3  [TILE 0 0, RBB 16 6]          -     r             949                                                                                             
   -----------------------------------------------------------------------------------------------------------------------------------------------------------------------------------------------------
   RBB_3/DQ                        RBB_6L        3  [TILE 0 0, RBB 16 6]        800     r            1749     {inst20: counter_FDRE_Q_14 (FD,site=dff)}                                               
   counter[7]                      Net          11            (fanout=1)       1088                     -                                                                                             
   RBB_3/D1                        RBB_6L        3  [TILE 0 0, RBB 16 6]          -     r            2837                                                                                             
   RBB_3/COUT                      RBB_6L        3  [TILE 0 0, RBB 16 6]       1143     r            3980     {inst10: LED_CARRY4_S_O_1_CARRY4_O_3 (CARRY4)}                                          
   LED_CARRY4_S_O_1_CARRY4_O_3_CO  Net          66            (fanout=1)          0                     -                                                                                             
   RBB_4/CIN                       RBB_6L        4  [TILE 0 0, RBB 19 6]          -     r            3980     {inst9: LED_CARRY4_S_O_1_CARRY4_O_2 (CARRY4)} {inst19: counter_FDRE_Q_13 (FD,site=aff)} 
   -----------------------------------------------------------------------------------------------------------------------------------------------------------------------------------------------------
   RBB_4/CLK                       RBB_6L        4  [TILE 0 0, RBB 19 6]        419     r            4399                                                                                             
   clk                             Clock net     2          (fanout=225)      -1003                     -                                                                                             
   clk                             CLOCK-PORT    -                     -    capture     r            3396                                                                                             
   -----------------------------------------------------------------------------------------------------------------------------------------------------------------------------------------------------


Path 140:
   Slack (met):                              3247ps
     Path type:                                HOLD
     Group:                              <UDEF_clk>
     Launching clock:                           clk (rising edge)
     Capturing clock:                           clk (rising edge)

   + Delay of the launching clock:            954ps
   + Propagation time:                       3446ps (59.2% logic, 40.8% route, logic stage 1)
   - Delay of the capturing clock:           1003ps
   - Clock uncertainty:                       150ps
   - Requested period:                          0ps
   = Slack:                                  3247ps

   Instance/Pin or Net Name   Type         ID    Location or Fanout   Delay(ps)  Edge  Arrival Time(ps)    Instance detail                                                                       
   ------------------------------------------------------------------------------------------------------------------------------------------------------------------------------------------------
   clk                        CLOCK-PORT    -                     -     launch     r               0                                                                                             
   clk                        Clock net     2          (fanout=225)        954                     -                                                                                             
   RBB_4/CLK                  RBB_6L        4  [TILE 0 0, RBB 19 6]          -     r             954                                                                                             
   ------------------------------------------------------------------------------------------------------------------------------------------------------------------------------------------------
   RBB_4/AQ                   RBB_6L        4  [TILE 0 0, RBB 19 6]        800     r            1754     {inst19: counter_FDRE_Q_13 (FD,site=aff)}                                               
   counter[8]                 Net          12            (fanout=1)       1406                     -                                                                                             
   RBB_4/A1                   RBB_6L        4  [TILE 0 0, RBB 19 6]          -     r            3160     {inst9: LED_CARRY4_S_O_1_CARRY4_O_2 (CARRY4)} {inst17: counter_FDRE_Q_11 (FD,site=cff)} 
   ------------------------------------------------------------------------------------------------------------------------------------------------------------------------------------------------
   RBB_4/CLK                  RBB_6L        4  [TILE 0 0, RBB 19 6]       1240     r            4400                                                                                             
   clk                        Clock net     2          (fanout=225)      -1003                     -                                                                                             
   clk                        CLOCK-PORT    -                     -    capture     r            3397                                                                                             
   ------------------------------------------------------------------------------------------------------------------------------------------------------------------------------------------------


Path 141:
   Slack (met):                              3252ps
     Path type:                                HOLD
     Group:                              <UDEF_clk>
     Launching clock:                           clk (rising edge)
     Capturing clock:                           clk (rising edge)

   + Delay of the launching clock:            954ps
   + Propagation time:                       3471ps (70.9% logic, 29.1% route, logic stage 2)
   - Delay of the capturing clock:           1023ps
   - Clock uncertainty:                       150ps
   - Requested period:                          0ps
   = Slack:                                  3252ps

   Instance/Pin or Net Name        Type         ID    Location or Fanout   Delay(ps)  Edge  Arrival Time(ps)    Instance detail                                                                      
   ----------------------------------------------------------------------------------------------------------------------------------------------------------------------------------------------------
   clk                             CLOCK-PORT    -                     -     launch     r               0                                                                                            
   clk                             Clock net     2          (fanout=225)        954                     -                                                                                            
   RBB_4/CLK                       RBB_6L        4  [TILE 0 0, RBB 19 6]          -     r             954                                                                                            
   ----------------------------------------------------------------------------------------------------------------------------------------------------------------------------------------------------
   RBB_4/DQ                        RBB_6L        4  [TILE 0 0, RBB 19 6]        800     r            1754     {inst16: counter_FDRE_Q_10 (FD,site=dff)}                                              
   counter[11]                     Net          15            (fanout=1)       1009                     -                                                                                            
   RBB_4/D1                        RBB_6L        4  [TILE 0 0, RBB 19 6]          -     r            2763                                                                                            
   RBB_4/COUT                      RBB_6L        4  [TILE 0 0, RBB 19 6]       1143     r            3906     {inst9: LED_CARRY4_S_O_1_CARRY4_O_2 (CARRY4)}                                          
   LED_CARRY4_S_O_1_CARRY4_O_2_CO  Net          62            (fanout=1)          0                     -                                                                                            
   RBB_5/CIN                       RBB_6L        5  [TILE 0 0, RBB 22 6]          -     r            3906     {inst8: LED_CARRY4_S_O_1_CARRY4_O_1 (CARRY4)} {inst32: counter_FDRE_Q_6 (FD,site=dff)} 
   ----------------------------------------------------------------------------------------------------------------------------------------------------------------------------------------------------
   RBB_5/CLK                       RBB_6L        5  [TILE 0 0, RBB 22 6]        519     r            4425                                                                                            
   clk                             Clock net     2          (fanout=225)      -1023                     -                                                                                            
   clk                             CLOCK-PORT    -                     -    capture     r            3402                                                                                            
   ----------------------------------------------------------------------------------------------------------------------------------------------------------------------------------------------------


Path 142:
   Slack (met):                              3258ps
     Path type:                                HOLD
     Group:                              <UDEF_clk>
     Launching clock:                           clk (rising edge)
     Capturing clock:                           clk (rising edge)

   + Delay of the launching clock:            954ps
   + Propagation time:                       3457ps (59.3% logic, 40.7% route, logic stage 1)
   - Delay of the capturing clock:           1003ps
   - Clock uncertainty:                       150ps
   - Requested period:                          0ps
   = Slack:                                  3258ps

   Instance/Pin or Net Name   Type         ID    Location or Fanout   Delay(ps)  Edge  Arrival Time(ps)    Instance detail                                                                       
   ------------------------------------------------------------------------------------------------------------------------------------------------------------------------------------------------
   clk                        CLOCK-PORT    -                     -     launch     r               0                                                                                             
   clk                        Clock net     2          (fanout=225)        954                     -                                                                                             
   RBB_4/CLK                  RBB_6L        4  [TILE 0 0, RBB 19 6]          -     r             954                                                                                             
   ------------------------------------------------------------------------------------------------------------------------------------------------------------------------------------------------
   RBB_4/AQ                   RBB_6L        4  [TILE 0 0, RBB 19 6]        800     r            1754     {inst19: counter_FDRE_Q_13 (FD,site=aff)}                                               
   counter[8]                 Net          12            (fanout=1)       1406                     -                                                                                             
   RBB_4/A1                   RBB_6L        4  [TILE 0 0, RBB 19 6]          -     r            3160     {inst9: LED_CARRY4_S_O_1_CARRY4_O_2 (CARRY4)} {inst16: counter_FDRE_Q_10 (FD,site=dff)} 
   ------------------------------------------------------------------------------------------------------------------------------------------------------------------------------------------------
   RBB_4/CLK                  RBB_6L        4  [TILE 0 0, RBB 19 6]       1251     r            4411                                                                                             
   clk                        Clock net     2          (fanout=225)      -1003                     -                                                                                             
   clk                        CLOCK-PORT    -                     -    capture     r            3408                                                                                             
   ------------------------------------------------------------------------------------------------------------------------------------------------------------------------------------------------


Path 143:
   Slack (met):                              3273ps
     Path type:                                HOLD
     Group:                              <UDEF_clk>
     Launching clock:                           clk (rising edge)
     Capturing clock:                           clk (rising edge)

   + Delay of the launching clock:            951ps
   + Propagation time:                       3471ps (70.9% logic, 29.1% route, logic stage 2)
   - Delay of the capturing clock:            999ps
   - Clock uncertainty:                       150ps
   - Requested period:                          0ps
   = Slack:                                  3273ps

   Instance/Pin or Net Name        Type         ID    Location or Fanout   Delay(ps)  Edge  Arrival Time(ps)    Instance detail                                                                        
   ------------------------------------------------------------------------------------------------------------------------------------------------------------------------------------------------------
   clk                             CLOCK-PORT    -                     -     launch     r               0                                                                                              
   clk                             Clock net     2          (fanout=225)        951                     -                                                                                              
   RBB_2/CLK                       RBB_6L        2  [TILE 0 0, RBB 13 6]          -     r             951                                                                                              
   ------------------------------------------------------------------------------------------------------------------------------------------------------------------------------------------------------
   RBB_2/DQ                        RBB_6L        2  [TILE 0 0, RBB 13 6]        800     r            1751     {inst24: counter_FDRE_Q_18 (FD,site=dff)}                                                
   counter[3]                      Net           7            (fanout=1)       1009                     -                                                                                              
   RBB_2/D1                        RBB_6L        2  [TILE 0 0, RBB 13 6]          -     r            2760                                                                                              
   RBB_2/COUT                      RBB_6L        2  [TILE 0 0, RBB 13 6]       1143     r            3903     {inst11: LED_CARRY4_S_O_1_CARRY4_O_4 (CARRY4)}                                           
   LED_CARRY4_S_O_1_CARRY4_O_4_CO  Net          70            (fanout=1)          0                     -                                                                                              
   RBB_3/CIN                       RBB_6L        3  [TILE 0 0, RBB 16 6]          -     r            3903     {inst10: LED_CARRY4_S_O_1_CARRY4_O_3 (CARRY4)} {inst20: counter_FDRE_Q_14 (FD,site=dff)} 
   ------------------------------------------------------------------------------------------------------------------------------------------------------------------------------------------------------
   RBB_3/CLK                       RBB_6L        3  [TILE 0 0, RBB 16 6]        519     r            4422                                                                                              
   clk                             Clock net     2          (fanout=225)       -999                     -                                                                                              
   clk                             CLOCK-PORT    -                     -    capture     r            3423                                                                                              
   ------------------------------------------------------------------------------------------------------------------------------------------------------------------------------------------------------


Path 144:
   Slack (met):                              3288ps
     Path type:                                HOLD
     Group:                              <UDEF_clk>
     Launching clock:                           clk (rising edge)
     Capturing clock:                           clk (rising edge)

   + Delay of the launching clock:            969ps
   + Propagation time:                       3493ps (69.8% logic, 30.2% route, logic stage 2)
   - Delay of the capturing clock:           1024ps
   - Clock uncertainty:                       150ps
   - Requested period:                          0ps
   = Slack:                                  3288ps

   Instance/Pin or Net Name        Type         ID    Location or Fanout   Delay(ps)  Edge  Arrival Time(ps)    Instance detail                                                                    
   --------------------------------------------------------------------------------------------------------------------------------------------------------------------------------------------------
   clk                             CLOCK-PORT    -                     -     launch     r               0                                                                                          
   clk                             Clock net     2          (fanout=225)        969                     -                                                                                          
   RBB_5/CLK                       RBB_6L        5  [TILE 0 0, RBB 22 6]          -     r             969                                                                                          
   --------------------------------------------------------------------------------------------------------------------------------------------------------------------------------------------------
   RBB_5/BQ                        RBB_6L        5  [TILE 0 0, RBB 22 6]        800     r            1769     {inst34: counter_FDRE_Q_8 (FD,site=bff)}                                             
   counter[13]                     Net          17            (fanout=1)       1056                     -                                                                                          
   RBB_5/B1                        RBB_6L        5  [TILE 0 0, RBB 22 6]          -     r            2825                                                                                          
   RBB_5/COUT                      RBB_6L        5  [TILE 0 0, RBB 22 6]       1218     r            4043     {inst8: LED_CARRY4_S_O_1_CARRY4_O_1 (CARRY4)}                                        
   LED_CARRY4_S_O_1_CARRY4_O_1_CO  Net          74            (fanout=1)          0                     -                                                                                          
   RBB_6/CIN                       RBB_6L        6  [TILE 0 0, RBB 25 6]          -     r            4043     {inst7: LED_CARRY4_S_O_1_CARRY4_O (CARRY4)} {inst31: counter_FDRE_Q_5 (FD,site=aff)} 
   --------------------------------------------------------------------------------------------------------------------------------------------------------------------------------------------------
   RBB_6/CLK                       RBB_6L        6  [TILE 0 0, RBB 25 6]        419     r            4462                                                                                          
   clk                             Clock net     2          (fanout=225)      -1024                     -                                                                                          
   clk                             CLOCK-PORT    -                     -    capture     r            3438                                                                                          
   --------------------------------------------------------------------------------------------------------------------------------------------------------------------------------------------------


Path 145:
   Slack (met):                              3296ps
     Path type:                                HOLD
     Group:                              <UDEF_clk>
     Launching clock:                           clk (rising edge)
     Capturing clock:                           clk (rising edge)

   + Delay of the launching clock:            949ps
   + Propagation time:                       3500ps (68.9% logic, 31.1% route, logic stage 2)
   - Delay of the capturing clock:           1003ps
   - Clock uncertainty:                       150ps
   - Requested period:                          0ps
   = Slack:                                  3296ps

   Instance/Pin or Net Name        Type         ID    Location or Fanout   Delay(ps)  Edge  Arrival Time(ps)    Instance detail                                                                       
   -----------------------------------------------------------------------------------------------------------------------------------------------------------------------------------------------------
   clk                             CLOCK-PORT    -                     -     launch     r               0                                                                                             
   clk                             Clock net     2          (fanout=225)        949                     -                                                                                             
   RBB_3/CLK                       RBB_6L        3  [TILE 0 0, RBB 16 6]          -     r             949                                                                                             
   -----------------------------------------------------------------------------------------------------------------------------------------------------------------------------------------------------
   RBB_3/DQ                        RBB_6L        3  [TILE 0 0, RBB 16 6]        800     r            1749     {inst20: counter_FDRE_Q_14 (FD,site=dff)}                                               
   counter[7]                      Net          11            (fanout=1)       1088                     -                                                                                             
   RBB_3/D1                        RBB_6L        3  [TILE 0 0, RBB 16 6]          -     r            2837                                                                                             
   RBB_3/COUT                      RBB_6L        3  [TILE 0 0, RBB 16 6]       1143     r            3980     {inst10: LED_CARRY4_S_O_1_CARRY4_O_3 (CARRY4)}                                          
   LED_CARRY4_S_O_1_CARRY4_O_3_CO  Net          66            (fanout=1)          0                     -                                                                                             
   RBB_4/CIN                       RBB_6L        4  [TILE 0 0, RBB 19 6]          -     r            3980     {inst9: LED_CARRY4_S_O_1_CARRY4_O_2 (CARRY4)} {inst17: counter_FDRE_Q_11 (FD,site=cff)} 
   -----------------------------------------------------------------------------------------------------------------------------------------------------------------------------------------------------
   RBB_4/CLK                       RBB_6L        4  [TILE 0 0, RBB 19 6]        469     r            4449                                                                                             
   clk                             Clock net     2          (fanout=225)      -1003                     -                                                                                             
   clk                             CLOCK-PORT    -                     -    capture     r            3446                                                                                             
   -----------------------------------------------------------------------------------------------------------------------------------------------------------------------------------------------------


Path 146:
   Slack (met):                              3302ps
     Path type:                                HOLD
     Group:                              <UDEF_clk>
     Launching clock:                           clk (rising edge)
     Capturing clock:                           clk (rising edge)

   + Delay of the launching clock:            949ps
   + Propagation time:                       3506ps (69.0% logic, 31.0% route, logic stage 2)
   - Delay of the capturing clock:           1003ps
   - Clock uncertainty:                       150ps
   - Requested period:                          0ps
   = Slack:                                  3302ps

   Instance/Pin or Net Name        Type         ID    Location or Fanout   Delay(ps)  Edge  Arrival Time(ps)    Instance detail                                                                       
   -----------------------------------------------------------------------------------------------------------------------------------------------------------------------------------------------------
   clk                             CLOCK-PORT    -                     -     launch     r               0                                                                                             
   clk                             Clock net     2          (fanout=225)        949                     -                                                                                             
   RBB_3/CLK                       RBB_6L        3  [TILE 0 0, RBB 16 6]          -     r             949                                                                                             
   -----------------------------------------------------------------------------------------------------------------------------------------------------------------------------------------------------
   RBB_3/DQ                        RBB_6L        3  [TILE 0 0, RBB 16 6]        800     r            1749     {inst20: counter_FDRE_Q_14 (FD,site=dff)}                                               
   counter[7]                      Net          11            (fanout=1)       1088                     -                                                                                             
   RBB_3/D1                        RBB_6L        3  [TILE 0 0, RBB 16 6]          -     r            2837                                                                                             
   RBB_3/COUT                      RBB_6L        3  [TILE 0 0, RBB 16 6]       1143     r            3980     {inst10: LED_CARRY4_S_O_1_CARRY4_O_3 (CARRY4)}                                          
   LED_CARRY4_S_O_1_CARRY4_O_3_CO  Net          66            (fanout=1)          0                     -                                                                                             
   RBB_4/CIN                       RBB_6L        4  [TILE 0 0, RBB 19 6]          -     r            3980     {inst9: LED_CARRY4_S_O_1_CARRY4_O_2 (CARRY4)} {inst18: counter_FDRE_Q_12 (FD,site=bff)} 
   -----------------------------------------------------------------------------------------------------------------------------------------------------------------------------------------------------
   RBB_4/CLK                       RBB_6L        4  [TILE 0 0, RBB 19 6]        475     r            4455                                                                                             
   clk                             Clock net     2          (fanout=225)      -1003                     -                                                                                             
   clk                             CLOCK-PORT    -                     -    capture     r            3452                                                                                             
   -----------------------------------------------------------------------------------------------------------------------------------------------------------------------------------------------------


Path 147:
   Slack (met):                              3338ps
     Path type:                                HOLD
     Group:                              <UDEF_clk>
     Launching clock:                           clk (rising edge)
     Capturing clock:                           clk (rising edge)

   + Delay of the launching clock:            969ps
   + Propagation time:                       3543ps (70.2% logic, 29.8% route, logic stage 2)
   - Delay of the capturing clock:           1024ps
   - Clock uncertainty:                       150ps
   - Requested period:                          0ps
   = Slack:                                  3338ps

   Instance/Pin or Net Name        Type         ID    Location or Fanout   Delay(ps)  Edge  Arrival Time(ps)    Instance detail                                                                    
   --------------------------------------------------------------------------------------------------------------------------------------------------------------------------------------------------
   clk                             CLOCK-PORT    -                     -     launch     r               0                                                                                          
   clk                             Clock net     2          (fanout=225)        969                     -                                                                                          
   RBB_5/CLK                       RBB_6L        5  [TILE 0 0, RBB 22 6]          -     r             969                                                                                          
   --------------------------------------------------------------------------------------------------------------------------------------------------------------------------------------------------
   RBB_5/BQ                        RBB_6L        5  [TILE 0 0, RBB 22 6]        800     r            1769     {inst34: counter_FDRE_Q_8 (FD,site=bff)}                                             
   counter[13]                     Net          17            (fanout=1)       1056                     -                                                                                          
   RBB_5/B1                        RBB_6L        5  [TILE 0 0, RBB 22 6]          -     r            2825                                                                                          
   RBB_5/COUT                      RBB_6L        5  [TILE 0 0, RBB 22 6]       1218     r            4043     {inst8: LED_CARRY4_S_O_1_CARRY4_O_1 (CARRY4)}                                        
   LED_CARRY4_S_O_1_CARRY4_O_1_CO  Net          74            (fanout=1)          0                     -                                                                                          
   RBB_6/CIN                       RBB_6L        6  [TILE 0 0, RBB 25 6]          -     r            4043     {inst7: LED_CARRY4_S_O_1_CARRY4_O (CARRY4)} {inst29: counter_FDRE_Q_3 (FD,site=cff)} 
   --------------------------------------------------------------------------------------------------------------------------------------------------------------------------------------------------
   RBB_6/CLK                       RBB_6L        6  [TILE 0 0, RBB 25 6]        469     r            4512                                                                                          
   clk                             Clock net     2          (fanout=225)      -1024                     -                                                                                          
   clk                             CLOCK-PORT    -                     -    capture     r            3488                                                                                          
   --------------------------------------------------------------------------------------------------------------------------------------------------------------------------------------------------


Path 148:
   Slack (met):                              3344ps
     Path type:                                HOLD
     Group:                              <UDEF_clk>
     Launching clock:                           clk (rising edge)
     Capturing clock:                           clk (rising edge)

   + Delay of the launching clock:            969ps
   + Propagation time:                       3549ps (70.2% logic, 29.8% route, logic stage 2)
   - Delay of the capturing clock:           1024ps
   - Clock uncertainty:                       150ps
   - Requested period:                          0ps
   = Slack:                                  3344ps

   Instance/Pin or Net Name        Type         ID    Location or Fanout   Delay(ps)  Edge  Arrival Time(ps)    Instance detail                                                                    
   --------------------------------------------------------------------------------------------------------------------------------------------------------------------------------------------------
   clk                             CLOCK-PORT    -                     -     launch     r               0                                                                                          
   clk                             Clock net     2          (fanout=225)        969                     -                                                                                          
   RBB_5/CLK                       RBB_6L        5  [TILE 0 0, RBB 22 6]          -     r             969                                                                                          
   --------------------------------------------------------------------------------------------------------------------------------------------------------------------------------------------------
   RBB_5/BQ                        RBB_6L        5  [TILE 0 0, RBB 22 6]        800     r            1769     {inst34: counter_FDRE_Q_8 (FD,site=bff)}                                             
   counter[13]                     Net          17            (fanout=1)       1056                     -                                                                                          
   RBB_5/B1                        RBB_6L        5  [TILE 0 0, RBB 22 6]          -     r            2825                                                                                          
   RBB_5/COUT                      RBB_6L        5  [TILE 0 0, RBB 22 6]       1218     r            4043     {inst8: LED_CARRY4_S_O_1_CARRY4_O_1 (CARRY4)}                                        
   LED_CARRY4_S_O_1_CARRY4_O_1_CO  Net          74            (fanout=1)          0                     -                                                                                          
   RBB_6/CIN                       RBB_6L        6  [TILE 0 0, RBB 25 6]          -     r            4043     {inst7: LED_CARRY4_S_O_1_CARRY4_O (CARRY4)} {inst30: counter_FDRE_Q_4 (FD,site=bff)} 
   --------------------------------------------------------------------------------------------------------------------------------------------------------------------------------------------------
   RBB_6/CLK                       RBB_6L        6  [TILE 0 0, RBB 25 6]        475     r            4518                                                                                          
   clk                             Clock net     2          (fanout=225)      -1024                     -                                                                                          
   clk                             CLOCK-PORT    -                     -    capture     r            3494                                                                                          
   --------------------------------------------------------------------------------------------------------------------------------------------------------------------------------------------------


Path 149:
   Slack (met):                              3346ps
     Path type:                                HOLD
     Group:                              <UDEF_clk>
     Launching clock:                           clk (rising edge)
     Capturing clock:                           clk (rising edge)

   + Delay of the launching clock:            949ps
   + Propagation time:                       3550ps (69.4% logic, 30.6% route, logic stage 2)
   - Delay of the capturing clock:           1003ps
   - Clock uncertainty:                       150ps
   - Requested period:                          0ps
   = Slack:                                  3346ps

   Instance/Pin or Net Name        Type         ID    Location or Fanout   Delay(ps)  Edge  Arrival Time(ps)    Instance detail                                                                       
   -----------------------------------------------------------------------------------------------------------------------------------------------------------------------------------------------------
   clk                             CLOCK-PORT    -                     -     launch     r               0                                                                                             
   clk                             Clock net     2          (fanout=225)        949                     -                                                                                             
   RBB_3/CLK                       RBB_6L        3  [TILE 0 0, RBB 16 6]          -     r             949                                                                                             
   -----------------------------------------------------------------------------------------------------------------------------------------------------------------------------------------------------
   RBB_3/DQ                        RBB_6L        3  [TILE 0 0, RBB 16 6]        800     r            1749     {inst20: counter_FDRE_Q_14 (FD,site=dff)}                                               
   counter[7]                      Net          11            (fanout=1)       1088                     -                                                                                             
   RBB_3/D1                        RBB_6L        3  [TILE 0 0, RBB 16 6]          -     r            2837                                                                                             
   RBB_3/COUT                      RBB_6L        3  [TILE 0 0, RBB 16 6]       1143     r            3980     {inst10: LED_CARRY4_S_O_1_CARRY4_O_3 (CARRY4)}                                          
   LED_CARRY4_S_O_1_CARRY4_O_3_CO  Net          66            (fanout=1)          0                     -                                                                                             
   RBB_4/CIN                       RBB_6L        4  [TILE 0 0, RBB 19 6]          -     r            3980     {inst9: LED_CARRY4_S_O_1_CARRY4_O_2 (CARRY4)} {inst16: counter_FDRE_Q_10 (FD,site=dff)} 
   -----------------------------------------------------------------------------------------------------------------------------------------------------------------------------------------------------
   RBB_4/CLK                       RBB_6L        4  [TILE 0 0, RBB 19 6]        519     r            4499                                                                                             
   clk                             Clock net     2          (fanout=225)      -1003                     -                                                                                             
   clk                             CLOCK-PORT    -                     -    capture     r            3496                                                                                             
   -----------------------------------------------------------------------------------------------------------------------------------------------------------------------------------------------------


Path 150:
   Slack (met):                              3388ps
     Path type:                                HOLD
     Group:                              <UDEF_clk>
     Launching clock:                           clk (rising edge)
     Capturing clock:                           clk (rising edge)

   + Delay of the launching clock:            969ps
   + Propagation time:                       3593ps (70.6% logic, 29.4% route, logic stage 2)
   - Delay of the capturing clock:           1024ps
   - Clock uncertainty:                       150ps
   - Requested period:                          0ps
   = Slack:                                  3388ps

   Instance/Pin or Net Name        Type         ID    Location or Fanout   Delay(ps)  Edge  Arrival Time(ps)    Instance detail                                                                    
   --------------------------------------------------------------------------------------------------------------------------------------------------------------------------------------------------
   clk                             CLOCK-PORT    -                     -     launch     r               0                                                                                          
   clk                             Clock net     2          (fanout=225)        969                     -                                                                                          
   RBB_5/CLK                       RBB_6L        5  [TILE 0 0, RBB 22 6]          -     r             969                                                                                          
   --------------------------------------------------------------------------------------------------------------------------------------------------------------------------------------------------
   RBB_5/BQ                        RBB_6L        5  [TILE 0 0, RBB 22 6]        800     r            1769     {inst34: counter_FDRE_Q_8 (FD,site=bff)}                                             
   counter[13]                     Net          17            (fanout=1)       1056                     -                                                                                          
   RBB_5/B1                        RBB_6L        5  [TILE 0 0, RBB 22 6]          -     r            2825                                                                                          
   RBB_5/COUT                      RBB_6L        5  [TILE 0 0, RBB 22 6]       1218     r            4043     {inst8: LED_CARRY4_S_O_1_CARRY4_O_1 (CARRY4)}                                        
   LED_CARRY4_S_O_1_CARRY4_O_1_CO  Net          74            (fanout=1)          0                     -                                                                                          
   RBB_6/CIN                       RBB_6L        6  [TILE 0 0, RBB 25 6]          -     r            4043     {inst7: LED_CARRY4_S_O_1_CARRY4_O (CARRY4)} {inst26: counter_FDRE_Q_2 (FD,site=dff)} 
   --------------------------------------------------------------------------------------------------------------------------------------------------------------------------------------------------
   RBB_6/CLK                       RBB_6L        6  [TILE 0 0, RBB 25 6]        519     r            4562                                                                                          
   clk                             Clock net     2          (fanout=225)      -1024                     -                                                                                          
   clk                             CLOCK-PORT    -                     -    capture     r            3538                                                                                          
   --------------------------------------------------------------------------------------------------------------------------------------------------------------------------------------------------


Path 151:
   Slack (met):                              4119ps
     Path type:                                HOLD
     Group:                              <UDEF_clk>
     Launching clock:                           clk (rising edge)
     Capturing clock:                           clk (rising edge)

   + Delay of the launching clock:            976ps
   + Propagation time:                       4326ps (61.0% logic, 39.0% route, logic stage 2)
   - Delay of the capturing clock:           1033ps
   - Clock uncertainty:                       150ps
   - Requested period:                          0ps
   = Slack:                                  4119ps

   Instance/Pin or Net Name   Type         ID    Location or Fanout   Delay(ps)  Edge  Arrival Time(ps)    Instance detail                                                 
   --------------------------------------------------------------------------------------------------------------------------------------------------------------------------
   clk                        CLOCK-PORT    -                     -     launch     r               0                                                                       
   clk                        Clock net     2          (fanout=225)        976                     -                                                                       
   RBB_7/CLK                  RBB_6L        7  [TILE 0 0, RBB 28 6]          -     r             976                                                                       
   --------------------------------------------------------------------------------------------------------------------------------------------------------------------------
   RBB_7/CQ                   RBB_6L        7  [TILE 0 0, RBB 28 6]        800     r            1776     {inst13: LED_FDRE_Q (FD,site=cff)}                                
   LED                        Net           3            (fanout=1)       1085                     -                                                                       
   RBB_7/C1                   RBB_6L        7  [TILE 0 0, RBB 28 6]          -     r            2861                                                                       
   RBB_7/CMUX                 RBB_6L        7  [TILE 0 0, RBB 28 6]       1054     r            3915     {inst6: LED_CARRY4_S (CARRY4)}                                    
   LED_CARRY4_S_O_1[22]       Net          54            (fanout=1)        601                     -                                                                       
   RBB_1/O[0]                 IOB           1  [TILE 0 0, RBB 31 6]          -     r            4516     {inst40: LED_OUT (FD)} {(output_port) inst36: g_36_LED_obuf (IO)} 
   --------------------------------------------------------------------------------------------------------------------------------------------------------------------------
   RBB_1/CLK                  IOB           1  [TILE 0 0, RBB 31 6]        786     r            5302                                                                       
   clk                        Clock net     2          (fanout=225)      -1033                     -                                                                       
   clk                        CLOCK-PORT    -                     -    capture     r            4269                                                                       
   --------------------------------------------------------------------------------------------------------------------------------------------------------------------------













